session_id,date,team_category,md_day,exercise_id,exercise_name,exercise_type,objective_primary,weather,temp_c,team_fatigue_score,readiness_score,avg_total_distance_m,avg_distance_per_min,avg_hsr_m,avg_sprint_distance_m,avg_percent_max_speed,avg_accelerations,avg_decelerations,avg_player_load,avg_metabolic_power,avg_hr_mean,avg_hr_max,rpe_mean
SES0001,2024-07-01,U23,MD_plus1,EX025,Recovery_Game_5v5_40x35,recovery_drill,recovery,Light_Rain,10.4,8.0,2.8,516.65,29.61,8.24,0.0,17.82,3,3,19.14,3.01,50,55,1.4
SES0001,2024-07-01,U23,MD_plus1,EX033,SSG_4v4_20x15_Regen,small_sided_game,recovery,Light_Rain,10.4,8.0,2.8,431.37,27.97,8.89,0.0,15.59,4,3,19.99,2.77,50,55,1.5
SES0001,2024-07-01,U23,MD_plus1,EX026,Recovery_Walk_Jog_Circuit,recovery_drill,recovery,Light_Rain,10.4,8.0,2.8,352.3,21.76,2.72,0.0,15.0,2,1,15.13,2.15,50,55,1.2
SES0002,2024-07-03,First_Team,MD3,EX030,Transition_6v6_40x35_Wide,transition_game,mixed_conditioning,Clear,27.0,5.2,6.4,783.15,96.34,80.46,58.35,73.0,21,18,94.12,11.66,85,94,8.5
SES0002,2024-07-03,First_Team,MD3,EX012,LargeGame_10v10_70x50_Open,large_sided_game,aerobic_conditioning,Clear,27.0,5.2,6.4,997.86,97.27,98.49,57.86,74.5,18,14,109.95,9.71,80,97,8.6
SES0002,2024-07-03,First_Team,MD3,EX010,LargeGame_8v8_60x40_Possession,large_sided_game,aerobic_conditioning,Clear,27.0,5.2,6.4,907.22,97.73,117.26,54.59,74.63,19,15,125.58,8.42,87,95,7.4
SES0002,2024-07-03,First_Team,MD3,EX017,Accel_Sprint_15m_x6,sprint_drill,acceleration_development,Clear,27.0,5.2,6.4,122.76,87.34,11.8,8.58,75.11,11,9,56.48,17.42,81,91,7.5
SES0003,2024-07-05,First_Team,MD2,EX015,Flying_Sprint_20m,sprint_drill,speed_development,Light_Rain,10.8,4.6,7.2,189.93,128.47,46.68,66.62,93.42,4,4,43.39,14.18,77,88,6.3
SES0003,2024-07-05,First_Team,MD2,EX028,Possession_8v8_50x35_Neutral,possession_game,aerobic_conditioning,Light_Rain,10.8,4.6,7.2,730.14,79.75,65.16,30.56,60.4,11,13,80.62,11.13,78,90,6.6
SES0003,2024-07-05,First_Team,MD2,EX014,Flying_Sprint_30m,sprint_drill,speed_development,Light_Rain,10.8,4.6,7.2,245.16,147.95,86.52,93.7,85.11,5,4,66.59,16.1,77,90,6.9
SES0003,2024-07-05,First_Team,MD2,EX018,Transition_Sprint_40m,sprint_drill,speed_development,Light_Rain,10.8,4.6,7.2,326.96,152.65,98.79,89.34,88.55,6,8,66.04,12.87,84,90,7.5
SES0004,2024-07-07,B_Team,MD2,EX035,Speed_Endurance_60m_x4,sprint_drill,speed_endurance,Clear,29.7,5.8,4.1,467.81,154.28,136.07,158.64,80.14,6,6,84.56,10.81,80,89,7.2
SES0004,2024-07-07,B_Team,MD2,EX012,LargeGame_10v10_70x50_Open,large_sided_game,aerobic_conditioning,Clear,29.7,5.8,4.1,960.99,85.01,83.79,60.62,61.98,16,16,93.96,10.34,77,87,8.2
SES0004,2024-07-07,B_Team,MD2,EX018,Transition_Sprint_40m,sprint_drill,speed_development,Clear,29.7,5.8,4.1,312.92,151.55,80.04,87.44,80.08,7,7,70.18,12.36,80,86,8.7
SES0004,2024-07-07,B_Team,MD2,EX028,Possession_8v8_50x35_Neutral,possession_game,aerobic_conditioning,Clear,29.7,5.8,4.1,695.32,61.88,50.52,29.54,55.92,14,13,74.53,8.1,69,82,6.8
SES0004,2024-07-07,B_Team,MD2,EX019,Finishing_4v3_25x20,finishing_drill,mixed_conditioning,Clear,29.7,5.8,4.1,391.38,58.42,32.77,17.47,55.41,15,14,53.99,9.4,75,87,6.6
SES0005,2024-07-09,B_Team,MD3,EX010,LargeGame_8v8_60x40_Possession,large_sided_game,aerobic_conditioning,Clear,18.7,3.6,4.4,965.64,95.62,173.65,67.15,78.87,18,17,109.96,11.42,82,95,7.3
SES0005,2024-07-09,B_Team,MD3,EX003,SSG_5v5_30x25_Possession,small_sided_game,aerobic_conditioning,Clear,18.7,3.6,4.4,723.15,119.17,49.23,28.45,60.21,21,23,103.08,11.06,87,99,7.4
SES0005,2024-07-09,B_Team,MD3,EX004,SSG_5v5_30x25_Transition,small_sided_game,mixed_conditioning,Clear,18.7,3.6,4.4,731.84,102.88,60.58,34.43,69.19,17,21,97.12,12.93,86,97,8.4
SES0005,2024-07-09,B_Team,MD3,EX029,Transition_5v5_35x30_Counter,transition_game,mixed_conditioning,Clear,18.7,3.6,4.4,718.52,86.42,68.42,37.9,68.97,27,22,92.21,12.11,95,99,6.8
SES0006,2024-07-11,B_Team,MD_plus2,EX026,Recovery_Walk_Jog_Circuit,recovery_drill,recovery,Light_Rain,10.1,6.0,5.5,447.91,30.27,3.12,0.0,15.0,2,2,16.15,3.41,50,55,1.8
SES0006,2024-07-11,B_Team,MD_plus2,EX023,Activation_Passing_8v0,activation_drill,activation,Light_Rain,10.1,6.0,5.5,308.16,24.54,1.67,0.0,15.0,3,3,13.67,2.89,50,55,1.5
SES0006,2024-07-11,B_Team,MD_plus2,EX028,Possession_8v8_50x35_Neutral,possession_game,aerobic_conditioning,Light_Rain,10.1,6.0,5.5,590.62,47.21,60.59,14.81,44.1,11,10,55.93,6.71,56,64,5.3
SES0006,2024-07-11,B_Team,MD_plus2,EX027,Possession_6v6_40x30_Neutral,possession_game,aerobic_conditioning,Light_Rain,10.1,6.0,5.5,407.5,46.45,24.25,6.03,39.15,14,10,48.0,6.85,58,65,4.7
SES0007,2024-07-13,First_Team,MD_plus2,EX023,Activation_Passing_8v0,activation_drill,activation,Overcast,11.2,7.8,3.3,256.37,25.71,1.59,0.0,15.0,3,3,14.49,2.68,50,55,1.4
SES0007,2024-07-13,First_Team,MD_plus2,EX028,Possession_8v8_50x35_Neutral,possession_game,aerobic_conditioning,Overcast,11.2,7.8,3.3,521.26,46.64,57.75,17.3,39.5,11,10,59.16,6.86,55,61,4.7
SES0007,2024-07-13,First_Team,MD_plus2,EX026,Recovery_Walk_Jog_Circuit,recovery_drill,recovery,Overcast,11.2,7.8,3.3,387.17,29.36,3.37,0.0,15.0,2,2,16.05,2.94,50,55,1.6
SES0007,2024-07-13,First_Team,MD_plus2,EX033,SSG_4v4_20x15_Regen,small_sided_game,recovery,Overcast,11.2,7.8,3.3,561.22,32.73,8.28,0.0,20.35,4,4,25.7,3.73,50,55,2.1
SES0007,2024-07-13,First_Team,MD_plus2,EX025,Recovery_Game_5v5_40x35,recovery_drill,recovery,Overcast,11.2,7.8,3.3,535.45,37.24,9.11,0.0,22.51,4,4,25.38,3.66,50,55,2.1
SES0007,2024-07-13,First_Team,MD_plus2,EX008,Rondo_6v3_20x15,rondo,aerobic_conditioning,Overcast,11.2,7.8,3.3,223.78,34.42,5.88,0.0,23.26,9,6,27.93,3.83,50,55,2.4
SES0008,2024-07-15,B_Team,MD3,EX037,Possession_4v4_2Neutral_25x20,possession_game,aerobic_conditioning,Clear,21.4,4.4,3.0,512.95,68.79,31.47,10.41,55.02,17,14,72.83,8.06,85,93,6.2
SES0008,2024-07-15,B_Team,MD3,EX036,Accel_Change_Direction_15m,sprint_drill,acceleration_development,Clear,21.4,4.4,3.0,110.07,120.55,9.85,4.8,56.13,14,16,70.34,16.4,82,89,7.1
SES0008,2024-07-15,B_Team,MD3,EX011,LargeGame_9v9_65x45_Transition,large_sided_game,aerobic_conditioning,Clear,21.4,4.4,3.0,910.68,93.34,121.08,49.25,65.44,18,16,103.52,11.82,83,96,7.6
SES0008,2024-07-15,B_Team,MD3,EX030,Transition_6v6_40x35_Wide,transition_game,mixed_conditioning,Clear,21.4,4.4,3.0,925.62,109.03,96.61,75.18,76.94,21,15,114.04,12.16,79,92,6.3
SES0008,2024-07-15,B_Team,MD3,EX012,LargeGame_10v10_70x50_Open,large_sided_game,aerobic_conditioning,Clear,21.4,4.4,3.0,879.08,94.62,133.27,60.77,79.12,13,12,109.62,10.83,83,87,7.4
SES0009,2024-07-17,Academy_U18,MD_plus2,EX027,Possession_6v6_40x30_Neutral,possession_game,aerobic_conditioning,Cloudy,13.0,5.2,4.8,360.98,47.0,18.32,5.68,39.42,11,12,48.06,6.04,56,63,4.4
SES0009,2024-07-17,Academy_U18,MD_plus2,EX026,Recovery_Walk_Jog_Circuit,recovery_drill,recovery,Cloudy,13.0,5.2,4.8,383.81,32.62,3.6,0.0,15.98,2,2,18.81,3.19,50,55,1.7
SES0009,2024-07-17,Academy_U18,MD_plus2,EX009,Rondo_8v3_25x20_Directional,rondo,aerobic_conditioning,Cloudy,13.0,5.2,4.8,198.95,32.05,6.83,0.0,22.6,8,7,33.96,4.3,50,56,2.3
SES0009,2024-07-17,Academy_U18,MD_plus2,EX033,SSG_4v4_20x15_Regen,small_sided_game,recovery,Cloudy,13.0,5.2,4.8,584.08,35.99,8.61,0.0,20.11,5,4,25.08,4.41,50,55,2.5
SES0009,2024-07-17,Academy_U18,MD_plus2,EX023,Activation_Passing_8v0,activation_drill,activation,Cloudy,13.0,5.2,4.8,285.67,25.27,1.4,0.0,15.0,3,4,12.74,3.0,50,55,1.4
SES0010,2024-07-19,Academy_U18,MD_plus1,EX025,Recovery_Game_5v5_40x35,recovery_drill,recovery,Clear,31.8,6.6,3.1,454.46,29.29,8.04,0.0,16.06,4,3,17.89,3.07,50,55,1.8
SES0010,2024-07-19,Academy_U18,MD_plus1,EX033,SSG_4v4_20x15_Regen,small_sided_game,recovery,Clear,31.8,6.6,3.1,417.2,30.57,7.43,0.0,15.01,3,3,18.01,3.21,50,55,1.5
SES0010,2024-07-19,Academy_U18,MD_plus1,EX026,Recovery_Walk_Jog_Circuit,recovery_drill,recovery,Clear,31.8,6.6,3.1,313.22,22.26,2.44,0.0,15.0,2,2,12.61,2.43,50,55,1.3
SES0011,2024-07-21,Academy_U18,MD3,EX004,SSG_5v5_30x25_Transition,small_sided_game,mixed_conditioning,Clear,28.9,5.6,5.3,660.49,100.38,63.44,29.61,65.85,23,19,95.89,11.37,88,94,8.0
SES0011,2024-07-21,Academy_U18,MD3,EX036,Accel_Change_Direction_15m,sprint_drill,acceleration_development,Clear,28.9,5.6,5.3,153.94,116.45,9.52,4.76,60.35,11,14,59.39,16.49,80,96,7.4
SES0011,2024-07-21,Academy_U18,MD3,EX016,Accel_Sprint_10m_x8,sprint_drill,acceleration_development,Clear,28.9,5.6,5.3,88.03,95.02,3.44,0.0,57.42,11,14,56.37,15.92,80,96,6.9
SES0011,2024-07-21,Academy_U18,MD3,EX011,LargeGame_9v9_65x45_Transition,large_sided_game,aerobic_conditioning,Clear,28.9,5.6,5.3,918.08,86.91,96.7,67.82,68.15,16,14,113.96,10.76,86,91,7.3
SES0012,2024-07-23,U23,MD1,EX031,Shadow_Play_11v0_Shape,activation_drill,activation,Light_Rain,17.7,2.5,6.5,529.02,31.11,7.94,0.0,18.13,4,3,17.84,2.73,50,55,1.8
SES0012,2024-07-23,U23,MD1,EX023,Activation_Passing_8v0,activation_drill,activation,Light_Rain,17.7,2.5,6.5,275.64,24.77,1.9,0.0,15.0,3,3,14.4,2.65,50,55,1.6
SES0012,2024-07-23,U23,MD1,EX006,Rondo_4v2_10x10,rondo,technical_conditioning,Light_Rain,17.7,2.5,6.5,226.52,32.06,2.44,0.0,19.88,6,4,23.82,3.49,50,55,2.1
SES0012,2024-07-23,U23,MD1,EX024,Activation_Positional_10v0,activation_drill,activation,Light_Rain,17.7,2.5,6.5,531.97,33.43,5.8,0.0,17.33,4,3,17.43,3.12,50,55,1.8
SES0012,2024-07-23,U23,MD1,EX032,Setpiece_Attack_Corners,finishing_drill,technical,Light_Rain,17.7,2.5,6.5,207.85,22.26,4.45,1.67,20.88,4,5,17.77,3.54,50,55,2.0
SES0012,2024-07-23,U23,MD1,EX007,Rondo_6v2_15x15,rondo,technical_conditioning,Light_Rain,17.7,2.5,6.5,187.88,31.98,2.82,0.0,18.96,6,5,23.78,2.79,50,57,2.0
SES0013,2024-07-25,B_Team,MD2,EX035,Speed_Endurance_60m_x4,sprint_drill,speed_endurance,Clear,27.6,4.2,5.6,439.15,139.36,211.7,238.87,86.4,6,5,81.43,12.27,78,94,7.8
SES0013,2024-07-25,B_Team,MD2,EX014,Flying_Sprint_30m,sprint_drill,speed_development,Clear,27.6,4.2,5.6,255.51,138.8,80.25,75.64,92.93,3,5,64.3,12.89,78,85,7.2
SES0013,2024-07-25,B_Team,MD2,EX018,Transition_Sprint_40m,sprint_drill,speed_development,Clear,27.6,4.2,5.6,325.04,159.22,108.31,92.18,76.08,5,7,61.03,14.54,72,94,7.2
SES0013,2024-07-25,B_Team,MD2,EX012,LargeGame_10v10_70x50_Open,large_sided_game,aerobic_conditioning,Clear,27.6,4.2,5.6,842.57,81.75,109.69,56.32,72.5,15,14,100.86,9.87,79,83,6.1
SES0014,2024-07-27,B_Team,MD4,EX003,SSG_5v5_30x25_Possession,small_sided_game,aerobic_conditioning,Cloudy,20.5,4.7,6.7,824.96,120.52,70.7,25.75,77.38,23,25,101.63,15.03,100,100,10.0
SES0014,2024-07-27,B_Team,MD4,EX001,SSG_3v3_20x15_Pressing,small_sided_game,high_intensity_conditioning,Cloudy,20.5,4.7,6.7,838.81,126.01,34.93,9.36,65.68,33,32,105.28,13.73,100,100,8.1
SES0014,2024-07-27,B_Team,MD4,EX021,PressingGame_5v5_30x25_High,pressing_drill,high_intensity_conditioning,Cloudy,20.5,4.7,6.7,625.71,102.26,55.87,27.5,68.79,46,35,125.37,13.7,100,100,9.8
SES0014,2024-07-27,B_Team,MD4,EX038,PressingTrap_6v4_35x25,pressing_drill,high_intensity_conditioning,Cloudy,20.5,4.7,6.7,839.64,112.19,75.12,20.88,72.79,43,30,141.45,15.54,100,100,10.0
SES0015,2024-07-29,First_Team,MD2,EX017,Accel_Sprint_15m_x6,sprint_drill,acceleration_development,Cloudy,13.2,5.1,4.1,110.16,93.4,12.25,7.72,58.73,12,10,56.89,16.32,77,87,6.5
SES0015,2024-07-29,First_Team,MD2,EX018,Transition_Sprint_40m,sprint_drill,speed_development,Cloudy,13.2,5.1,4.1,279.49,169.25,96.62,107.77,76.29,6,7,67.39,13.37,78,89,7.7
SES0015,2024-07-29,First_Team,MD2,EX015,Flying_Sprint_20m,sprint_drill,speed_development,Cloudy,13.2,5.1,4.1,179.06,127.6,52.69,56.78,86.62,4,4,51.66,13.08,75,85,7.0
SES0015,2024-07-29,First_Team,MD2,EX035,Speed_Endurance_60m_x4,sprint_drill,speed_endurance,Cloudy,13.2,5.1,4.1,477.75,161.07,133.85,215.38,84.07,6,6,81.0,13.06,89,90,7.6
SES0015,2024-07-29,First_Team,MD2,EX020,Finishing_5v4_30x25,finishing_drill,mixed_conditioning,Cloudy,13.2,5.1,4.1,445.91,72.99,30.46,15.76,59.07,13,13,56.13,8.81,75,87,7.0
SES0016,2024-07-31,First_Team,MD2,EX019,Finishing_4v3_25x20,finishing_drill,mixed_conditioning,Overcast,19.9,3.5,7.2,413.07,72.42,29.14,18.87,63.86,17,15,76.83,9.38,77,89,6.1
SES0016,2024-07-31,First_Team,MD2,EX018,Transition_Sprint_40m,sprint_drill,speed_development,Overcast,19.9,3.5,7.2,325.93,187.27,118.44,98.75,82.59,7,6,74.73,13.55,77,98,8.7
SES0016,2024-07-31,First_Team,MD2,EX035,Speed_Endurance_60m_x4,sprint_drill,speed_endurance,Overcast,19.9,3.5,7.2,466.71,153.78,184.94,228.97,87.29,7,6,83.23,10.99,83,96,9.9
SES0016,2024-07-31,First_Team,MD2,EX014,Flying_Sprint_30m,sprint_drill,speed_development,Overcast,19.9,3.5,7.2,263.73,140.47,78.85,99.94,100.0,4,5,69.58,14.59,87,94,6.7
SES0016,2024-07-31,First_Team,MD2,EX015,Flying_Sprint_20m,sprint_drill,speed_development,Overcast,19.9,3.5,7.2,208.08,143.72,66.08,69.43,98.81,5,5,51.96,14.62,80,94,5.9
SES0017,2024-08-02,First_Team,MD3,EX029,Transition_5v5_35x30_Counter,transition_game,mixed_conditioning,Clear,19.1,5.4,5.0,736.62,94.75,71.61,31.81,74.33,24,26,99.13,11.38,87,100,7.8
SES0017,2024-08-02,First_Team,MD3,EX010,LargeGame_8v8_60x40_Possession,large_sided_game,aerobic_conditioning,Clear,19.1,5.4,5.0,937.66,95.36,114.72,56.62,74.03,18,13,112.99,10.07,88,90,7.2
SES0017,2024-08-02,First_Team,MD3,EX036,Accel_Change_Direction_15m,sprint_drill,acceleration_development,Clear,19.1,5.4,5.0,136.61,124.05,10.07,3.7,70.12,13,12,73.65,16.58,78,95,7.5
SES0017,2024-08-02,First_Team,MD3,EX017,Accel_Sprint_15m_x6,sprint_drill,acceleration_development,Clear,19.1,5.4,5.0,115.77,92.52,13.69,8.98,68.7,15,9,51.75,15.36,80,93,6.9
SES0017,2024-08-02,First_Team,MD3,EX003,SSG_5v5_30x25_Possession,small_sided_game,aerobic_conditioning,Clear,19.1,5.4,5.0,733.97,92.73,79.41,25.07,70.49,23,21,106.27,12.42,91,100,8.1
SES0018,2024-08-04,Academy_U18,MD4,EX013,LargeGame_8v8_60x40_Pressing,large_sided_game,high_intensity_conditioning,Cloudy,18.7,4.7,6.4,814.78,121.46,99.1,40.68,80.34,26,28,124.46,13.57,95,100,7.1
SES0018,2024-08-04,Academy_U18,MD4,EX022,PressingGame_6v6_35x30_Mid,pressing_drill,high_intensity_conditioning,Cloudy,18.7,4.7,6.4,583.07,118.54,71.58,25.04,68.47,35,33,111.7,16.42,100,100,9.6
SES0018,2024-08-04,Academy_U18,MD4,EX004,SSG_5v5_30x25_Transition,small_sided_game,mixed_conditioning,Cloudy,18.7,4.7,6.4,836.09,100.49,73.57,26.11,71.63,25,29,123.25,13.2,100,100,10.0
SES0018,2024-08-04,Academy_U18,MD4,EX021,PressingGame_5v5_30x25_High,pressing_drill,high_intensity_conditioning,Cloudy,18.7,4.7,6.4,683.66,107.46,70.79,24.92,76.59,38,37,117.83,16.2,100,100,9.0
SES0018,2024-08-04,Academy_U18,MD4,EX001,SSG_3v3_20x15_Pressing,small_sided_game,high_intensity_conditioning,Cloudy,18.7,4.7,6.4,840.47,118.87,42.62,10.82,66.69,34,32,106.27,13.46,100,100,9.8
SES0018,2024-08-04,Academy_U18,MD4,EX034,Hybrid_8v8_55x40_Pressing,large_sided_game,high_intensity_conditioning,Cloudy,18.7,4.7,6.4,870.56,108.77,108.22,44.13,78.49,22,27,138.11,13.53,100,100,8.0
SES0018,2024-08-04,Academy_U18,MD4,EX005,SSG_6v6_35x30_Pressing,small_sided_game,high_intensity_conditioning,Cloudy,18.7,4.7,6.4,837.28,125.84,94.17,27.16,81.14,26,23,125.53,14.56,96,100,10.0
SES0019,2024-08-06,Academy_U18,MD3,EX037,Possession_4v4_2Neutral_25x20,possession_game,aerobic_conditioning,Clear,28.8,4.4,6.0,572.47,66.49,27.64,8.1,56.6,20,16,75.58,7.07,84,87,6.4
SES0019,2024-08-06,Academy_U18,MD3,EX004,SSG_5v5_30x25_Transition,small_sided_game,mixed_conditioning,Clear,28.8,4.4,6.0,640.16,92.48,76.85,23.52,67.48,22,22,102.32,10.77,92,95,6.7
SES0019,2024-08-06,Academy_U18,MD3,EX012,LargeGame_10v10_70x50_Open,large_sided_game,aerobic_conditioning,Clear,28.8,4.4,6.0,880.03,101.14,125.19,57.62,71.69,16,19,115.29,11.05,88,95,7.4
SES0019,2024-08-06,Academy_U18,MD3,EX011,LargeGame_9v9_65x45_Transition,large_sided_game,aerobic_conditioning,Clear,28.8,4.4,6.0,899.12,91.07,111.29,68.12,73.45,18,15,112.57,8.97,88,96,8.4
SES0019,2024-08-06,Academy_U18,MD3,EX017,Accel_Sprint_15m_x6,sprint_drill,acceleration_development,Clear,28.8,4.4,6.0,90.23,116.57,11.97,9.58,64.84,13,9,56.04,18.76,80,93,7.7
SES0019,2024-08-06,Academy_U18,MD3,EX010,LargeGame_8v8_60x40_Possession,large_sided_game,aerobic_conditioning,Clear,28.8,4.4,6.0,956.13,92.49,117.59,84.48,72.97,17,17,121.76,11.69,87,91,8.9
SES0020,2024-08-08,Academy_U18,MD_plus2,EX026,Recovery_Walk_Jog_Circuit,recovery_drill,recovery,Cloudy,13.3,5.4,4.4,424.87,29.14,3.72,0.0,17.19,2,2,19.18,3.28,50,55,1.9
SES0020,2024-08-08,Academy_U18,MD_plus2,EX023,Activation_Passing_8v0,activation_drill,activation,Cloudy,13.3,5.4,4.4,263.4,29.67,1.39,0.0,15.0,3,2,12.6,3.21,50,55,1.1
SES0020,2024-08-08,Academy_U18,MD_plus2,EX033,SSG_4v4_20x15_Regen,small_sided_game,recovery,Cloudy,13.3,5.4,4.4,537.01,34.25,13.14,0.0,20.48,5,4,24.28,3.13,51,55,1.8
SES0020,2024-08-08,Academy_U18,MD_plus2,EX009,Rondo_8v3_25x20_Directional,rondo,aerobic_conditioning,Cloudy,13.3,5.4,4.4,272.22,41.69,6.8,0.0,23.6,8,7,27.67,3.95,50,56,2.6
SES0020,2024-08-08,Academy_U18,MD_plus2,EX027,Possession_6v6_40x30_Neutral,possession_game,aerobic_conditioning,Cloudy,13.3,5.4,4.4,332.04,48.1,18.41,4.69,37.44,15,13,43.59,5.9,58,62,4.5
SES0021,2024-08-10,U23,MD2,EX012,LargeGame_10v10_70x50_Open,large_sided_game,aerobic_conditioning,Clear,33.5,5.1,4.8,719.87,78.37,104.47,40.64,67.18,15,15,101.78,10.59,76,83,6.9
SES0021,2024-08-10,U23,MD2,EX017,Accel_Sprint_15m_x6,sprint_drill,acceleration_development,Clear,33.5,5.1,4.8,114.41,91.21,10.97,6.46,59.35,9,11,47.48,13.74,70,85,6.2
SES0021,2024-08-10,U23,MD2,EX014,Flying_Sprint_30m,sprint_drill,speed_development,Clear,33.5,5.1,4.8,283.1,121.26,75.56,66.94,94.39,3,5,62.08,13.15,74,85,6.4
SES0021,2024-08-10,U23,MD2,EX035,Speed_Endurance_60m_x4,sprint_drill,speed_endurance,Clear,33.5,5.1,4.8,448.48,155.25,214.25,182.14,70.91,5,7,76.55,12.85,84,87,8.2
SES0021,2024-08-10,U23,MD2,EX015,Flying_Sprint_20m,sprint_drill,speed_development,Clear,33.5,5.1,4.8,208.44,119.46,52.98,53.59,80.24,3,3,45.57,12.79,73,80,6.1
SES0021,2024-08-10,U23,MD2,EX018,Transition_Sprint_40m,sprint_drill,speed_development,Clear,33.5,5.1,4.8,342.01,136.87,95.66,119.63,74.19,8,7,61.76,12.22,77,87,7.2
SES0022,2024-08-12,U23,MD_plus2,EX026,Recovery_Walk_Jog_Circuit,recovery_drill,recovery,Clear,33.8,5.6,4.2,404.41,25.51,3.05,0.0,15.96,2,2,16.59,3.14,50,55,1.8
SES0022,2024-08-12,U23,MD_plus2,EX008,Rondo_6v3_20x15,rondo,aerobic_conditioning,Clear,33.8,5.6,4.2,242.41,33.31,5.55,0.0,22.71,8,6,23.12,3.19,50,55,2.0
SES0022,2024-08-12,U23,MD_plus2,EX033,SSG_4v4_20x15_Regen,small_sided_game,recovery,Clear,33.8,5.6,4.2,563.71,42.38,10.2,0.0,20.53,4,4,23.28,3.82,50,55,2.2
SES0023,2024-08-14,Academy_U18,MD_plus2,EX025,Recovery_Game_5v5_40x35,recovery_drill,recovery,Light_Rain,10.2,6.3,3.1,511.16,36.92,10.41,0.0,21.45,4,4,27.04,3.99,50,55,1.9
SES0023,2024-08-14,Academy_U18,MD_plus2,EX028,Possession_8v8_50x35_Neutral,possession_game,aerobic_conditioning,Light_Rain,10.2,6.3,3.1,486.77,47.92,44.0,21.04,44.47,10,10,57.3,5.56,54,63,4.2
SES0023,2024-08-14,Academy_U18,MD_plus2,EX033,SSG_4v4_20x15_Regen,small_sided_game,recovery,Light_Rain,10.2,6.3,3.1,586.16,40.79,12.21,0.0,22.72,4,3,23.14,3.73,50,55,2.1
SES0023,2024-08-14,Academy_U18,MD_plus2,EX027,Possession_6v6_40x30_Neutral,possession_game,aerobic_conditioning,Light_Rain,10.2,6.3,3.1,382.44,48.72,24.33,6.41,32.93,9,12,43.34,6.14,52,59,4.8
SES0023,2024-08-14,Academy_U18,MD_plus2,EX009,Rondo_8v3_25x20_Directional,rondo,aerobic_conditioning,Light_Rain,10.2,6.3,3.1,259.93,33.36,3.54,0.0,22.77,6,6,26.38,4.0,50,55,3.0
SES0024,2024-08-16,First_Team,MD_plus1,EX025,Recovery_Game_5v5_40x35,recovery_drill,recovery,Clear,31.6,7.3,3.0,422.64,27.36,8.05,0.0,15.15,3,3,18.94,2.86,50,55,2.0
SES0024,2024-08-16,First_Team,MD_plus1,EX023,Activation_Passing_8v0,activation_drill,activation,Clear,31.6,7.3,3.0,221.85,20.2,1.43,0.0,15.0,2,3,12.38,2.21,50,55,1.0
SES0024,2024-08-16,First_Team,MD_plus1,EX026,Recovery_Walk_Jog_Circuit,recovery_drill,recovery,Clear,31.6,7.3,3.0,389.98,22.22,2.61,0.0,15.0,1,2,13.03,2.12,50,55,1.5
SES0024,2024-08-16,First_Team,MD_plus1,EX024,Activation_Positional_10v0,activation_drill,activation,Clear,31.6,7.3,3.0,419.71,24.49,4.41,0.0,15.0,3,3,16.09,2.57,50,55,1.5
SES0025,2024-08-18,First_Team,MD3,EX012,LargeGame_10v10_70x50_Open,large_sided_game,aerobic_conditioning,Clear,27.9,5.1,5.8,948.94,94.17,127.57,56.97,68.94,14,12,129.16,9.65,83,93,7.8
SES0025,2024-08-18,First_Team,MD3,EX029,Transition_5v5_35x30_Counter,transition_game,mixed_conditioning,Clear,27.9,5.1,5.8,703.51,98.35,64.82,39.25,71.78,22,24,104.79,11.74,88,98,8.0
SES0025,2024-08-18,First_Team,MD3,EX027,Possession_6v6_40x30_Neutral,possession_game,aerobic_conditioning,Clear,27.9,5.1,5.8,489.84,70.48,27.49,7.38,54.28,21,16,72.32,10.31,80,98,6.9
SES0025,2024-08-18,First_Team,MD3,EX036,Accel_Change_Direction_15m,sprint_drill,acceleration_development,Clear,27.9,5.1,5.8,110.31,116.76,10.62,4.87,65.04,15,14,69.4,15.97,79,94,8.5
SES0025,2024-08-18,First_Team,MD3,EX010,LargeGame_8v8_60x40_Possession,large_sided_game,aerobic_conditioning,Clear,27.9,5.1,5.8,939.7,83.15,117.82,72.08,69.94,16,15,103.95,11.14,83,95,6.9
SES0025,2024-08-18,First_Team,MD3,EX030,Transition_6v6_40x35_Wide,transition_game,mixed_conditioning,Clear,27.9,5.1,5.8,755.51,102.75,95.57,83.65,72.82,19,19,96.54,9.7,80,99,7.5
SES0026,2024-08-20,B_Team,MD3,EX029,Transition_5v5_35x30_Counter,transition_game,mixed_conditioning,Clear,18.1,7.6,4.8,735.54,104.26,89.63,47.43,73.83,23,22,94.99,10.22,84,93,7.4
SES0026,2024-08-20,B_Team,MD3,EX004,SSG_5v5_30x25_Transition,small_sided_game,mixed_conditioning,Clear,18.1,7.6,4.8,739.17,106.01,65.39,30.71,60.16,21,18,84.53,11.65,86,99,8.2
SES0026,2024-08-20,B_Team,MD3,EX027,Possession_6v6_40x30_Neutral,possession_game,aerobic_conditioning,Clear,18.1,7.6,4.8,496.15,76.34,34.91,8.69,50.97,16,15,75.62,10.29,83,88,5.7
SES0027,2024-08-22,B_Team,MD1,EX006,Rondo_4v2_10x10,rondo,technical_conditioning,Cloudy,14.4,3.6,4.9,190.01,31.27,2.14,0.0,18.64,5,3,20.59,3.93,50,55,2.3
SES0027,2024-08-22,B_Team,MD1,EX032,Setpiece_Attack_Corners,finishing_drill,technical,Cloudy,14.4,3.6,4.9,215.03,19.19,3.58,1.54,22.15,4,3,15.99,3.21,50,55,2.1
SES0027,2024-08-22,B_Team,MD1,EX031,Shadow_Play_11v0_Shape,activation_drill,activation,Cloudy,14.4,3.6,4.9,446.63,35.7,6.62,0.0,16.42,2,4,20.39,3.03,50,55,1.4
SES0027,2024-08-22,B_Team,MD1,EX024,Activation_Positional_10v0,activation_drill,activation,Cloudy,14.4,3.6,4.9,458.5,34.12,5.67,0.0,15.79,4,3,16.77,3.38,50,55,1.8
SES0027,2024-08-22,B_Team,MD1,EX019,Finishing_4v3_25x20,finishing_drill,mixed_conditioning,Cloudy,14.4,3.6,4.9,318.72,44.72,24.28,13.23,45.85,11,10,41.74,6.92,53,58,4.7
SES0028,2024-08-24,U23,MD2,EX014,Flying_Sprint_30m,sprint_drill,speed_development,Light_Rain,17.3,5.4,3.2,273.75,148.32,74.3,69.55,84.26,4,4,56.35,12.46,73,87,7.5
SES0028,2024-08-24,U23,MD2,EX017,Accel_Sprint_15m_x6,sprint_drill,acceleration_development,Light_Rain,17.3,5.4,3.2,114.36,90.97,10.66,5.56,66.31,11,9,67.43,15.17,71,83,7.2
SES0028,2024-08-24,U23,MD2,EX015,Flying_Sprint_20m,sprint_drill,speed_development,Light_Rain,17.3,5.4,3.2,187.1,112.43,62.71,53.76,96.83,4,4,51.05,13.97,77,86,5.5
SES0029,2024-08-26,First_Team,MD4,EX002,SSG_4v4_25x20_Transition,small_sided_game,mixed_conditioning,Cloudy,18.6,3.4,7.7,812.06,112.33,82.89,40.03,73.24,27,28,119.62,14.72,100,100,9.2
SES0029,2024-08-26,First_Team,MD4,EX034,Hybrid_8v8_55x40_Pressing,large_sided_game,high_intensity_conditioning,Cloudy,18.6,3.4,7.7,969.86,119.96,139.42,59.2,83.46,30,25,138.48,14.1,100,100,8.7
SES0029,2024-08-26,First_Team,MD4,EX004,SSG_5v5_30x25_Transition,small_sided_game,mixed_conditioning,Cloudy,18.6,3.4,7.7,929.12,131.48,76.95,19.88,75.39,31,24,110.76,13.63,100,100,9.2
SES0029,2024-08-26,First_Team,MD4,EX021,PressingGame_5v5_30x25_High,pressing_drill,high_intensity_conditioning,Cloudy,18.6,3.4,7.7,675.16,112.4,57.66,30.3,73.19,41,40,136.5,14.53,100,100,9.0
SES0029,2024-08-26,First_Team,MD4,EX013,LargeGame_8v8_60x40_Pressing,large_sided_game,high_intensity_conditioning,Cloudy,18.6,3.4,7.7,916.83,101.61,119.34,50.14,82.85,30,26,141.16,13.9,100,100,9.8
SES0030,2024-08-28,U23,MD_plus1,EX025,Recovery_Game_5v5_40x35,recovery_drill,recovery,Overcast,18.0,9.4,1.8,463.03,29.69,8.71,0.0,17.23,4,3,18.99,3.21,50,55,1.5
SES0030,2024-08-28,U23,MD_plus1,EX026,Recovery_Walk_Jog_Circuit,recovery_drill,recovery,Overcast,18.0,9.4,1.8,364.99,21.94,1.92,0.0,15.0,2,2,14.04,2.46,50,55,1.4
SES0030,2024-08-28,U23,MD_plus1,EX024,Activation_Positional_10v0,activation_drill,activation,Overcast,18.0,9.4,1.8,412.99,27.12,4.81,0.0,15.0,3,3,17.77,2.44,50,55,1.3
SES0031,2024-08-30,Academy_U18,MD3,EX004,SSG_5v5_30x25_Transition,small_sided_game,mixed_conditioning,Overcast,14.7,5.8,3.6,629.89,106.17,80.21,24.47,64.05,22,23,92.17,11.97,90,96,7.9
SES0031,2024-08-30,Academy_U18,MD3,EX037,Possession_4v4_2Neutral_25x20,possession_game,aerobic_conditioning,Overcast,14.7,5.8,3.6,596.87,54.89,32.7,7.13,46.08,19,19,68.92,9.64,84,93,7.5
SES0031,2024-08-30,Academy_U18,MD3,EX030,Transition_6v6_40x35_Wide,transition_game,mixed_conditioning,Overcast,14.7,5.8,3.6,828.37,97.08,77.22,62.16,69.94,23,17,108.58,11.64,85,99,7.4
SES0032,2024-09-01,U23,MD1,EX006,Rondo_4v2_10x10,rondo,technical_conditioning,Cloudy,15.2,3.7,6.1,184.4,32.67,2.62,0.0,17.87,6,4,22.18,3.51,50,55,2.3
SES0032,2024-09-01,U23,MD1,EX008,Rondo_6v3_20x15,rondo,aerobic_conditioning,Cloudy,15.2,3.7,6.1,250.93,38.12,4.11,0.0,22.09,8,6,24.89,3.74,50,58,2.6
SES0032,2024-09-01,U23,MD1,EX032,Setpiece_Attack_Corners,finishing_drill,technical,Cloudy,15.2,3.7,6.1,244.85,20.82,3.14,1.06,18.65,3,4,18.13,3.04,50,55,2.0
SES0032,2024-09-01,U23,MD1,EX019,Finishing_4v3_25x20,finishing_drill,mixed_conditioning,Cloudy,15.2,3.7,6.1,335.18,51.85,23.48,10.76,38.84,10,10,41.72,6.9,56,64,4.2
SES0033,2024-09-03,U23,MD1,EX024,Activation_Positional_10v0,activation_drill,activation,Cloudy,18.2,3.7,7.5,558.81,33.06,7.1,0.0,17.96,4,4,18.86,3.28,50,55,1.8
SES0033,2024-09-03,U23,MD1,EX008,Rondo_6v3_20x15,rondo,aerobic_conditioning,Cloudy,18.2,3.7,7.5,243.28,35.1,4.17,0.0,22.79,7,6,29.64,3.63,50,57,2.5
SES0033,2024-09-03,U23,MD1,EX023,Activation_Passing_8v0,activation_drill,activation,Cloudy,18.2,3.7,7.5,312.18,24.67,1.6,0.0,15.0,3,3,14.49,2.89,50,55,1.5
SES0033,2024-09-03,U23,MD1,EX032,Setpiece_Attack_Corners,finishing_drill,technical,Cloudy,18.2,3.7,7.5,179.07,23.19,2.72,1.65,22.69,4,3,16.14,3.48,50,55,2.2
SES0034,2024-09-05,First_Team,MD1,EX019,Finishing_4v3_25x20,finishing_drill,mixed_conditioning,Cloudy,20.4,4.9,6.3,246.33,45.66,27.46,15.66,40.96,10,10,45.94,6.46,56,63,4.5
SES0034,2024-09-05,First_Team,MD1,EX031,Shadow_Play_11v0_Shape,activation_drill,activation,Cloudy,20.4,4.9,6.3,507.64,32.5,6.49,0.0,17.19,3,3,21.83,3.25,50,55,1.7
SES0034,2024-09-05,First_Team,MD1,EX032,Setpiece_Attack_Corners,finishing_drill,technical,Cloudy,20.4,4.9,6.3,229.26,21.27,3.4,1.48,18.78,4,3,17.48,3.94,50,55,2.0
SES0034,2024-09-05,First_Team,MD1,EX006,Rondo_4v2_10x10,rondo,technical_conditioning,Cloudy,20.4,4.9,6.3,162.17,31.25,2.46,0.0,19.16,5,4,21.98,3.16,50,57,2.2
SES0034,2024-09-05,First_Team,MD1,EX007,Rondo_6v2_15x15,rondo,technical_conditioning,Cloudy,20.4,4.9,6.3,149.47,31.84,3.19,0.0,17.93,6,5,20.56,4.19,50,55,2.5
SES0035,2024-09-07,Academy_U18,MD1,EX031,Shadow_Play_11v0_Shape,activation_drill,activation,Cloudy,13.2,4.6,7.1,472.45,33.5,6.66,0.0,17.1,4,3,21.35,3.14,50,55,1.6
SES0035,2024-09-07,Academy_U18,MD1,EX006,Rondo_4v2_10x10,rondo,technical_conditioning,Cloudy,13.2,4.6,7.1,184.36,31.51,3.34,0.0,23.28,6,5,20.9,3.58,50,56,2.6
SES0035,2024-09-07,Academy_U18,MD1,EX032,Setpiece_Attack_Corners,finishing_drill,technical,Cloudy,13.2,4.6,7.1,211.57,20.7,3.42,1.36,22.42,4,2,18.41,3.55,50,55,2.2
SES0035,2024-09-07,Academy_U18,MD1,EX007,Rondo_6v2_15x15,rondo,technical_conditioning,Cloudy,13.2,4.6,7.1,212.59,31.1,2.96,0.0,17.97,5,5,22.59,3.64,50,55,2.3
SES0036,2024-09-09,Academy_U18,MD4,EX034,Hybrid_8v8_55x40_Pressing,large_sided_game,high_intensity_conditioning,Cloudy,12.7,4.4,7.5,975.41,114.98,106.19,62.76,80.84,26,26,125.41,13.52,100,100,9.2
SES0036,2024-09-09,Academy_U18,MD4,EX021,PressingGame_5v5_30x25_High,pressing_drill,high_intensity_conditioning,Cloudy,12.7,4.4,7.5,572.91,116.01,65.5,20.7,76.74,40,27,117.4,13.97,100,100,9.6
SES0036,2024-09-09,Academy_U18,MD4,EX004,SSG_5v5_30x25_Transition,small_sided_game,mixed_conditioning,Cloudy,12.7,4.4,7.5,813.65,102.37,84.28,23.87,77.67,27,28,106.6,10.66,100,100,10.0
SES0036,2024-09-09,Academy_U18,MD4,EX001,SSG_3v3_20x15_Pressing,small_sided_game,high_intensity_conditioning,Cloudy,12.7,4.4,7.5,752.17,114.97,53.01,10.05,71.04,35,35,138.09,14.12,100,100,7.8
SES0036,2024-09-09,Academy_U18,MD4,EX038,PressingTrap_6v4_35x25,pressing_drill,high_intensity_conditioning,Cloudy,12.7,4.4,7.5,647.43,111.03,60.68,24.39,70.18,41,33,124.93,14.49,100,100,8.9
SES0036,2024-09-09,Academy_U18,MD4,EX005,SSG_6v6_35x30_Pressing,small_sided_game,high_intensity_conditioning,Cloudy,12.7,4.4,7.5,784.13,116.54,62.81,25.87,75.18,29,25,120.92,15.01,100,100,9.2
SES0037,2024-09-11,B_Team,MD1,EX007,Rondo_6v2_15x15,rondo,technical_conditioning,Clear,32.0,3.8,6.3,185.34,34.63,3.03,0.0,20.15,5,5,19.11,3.27,50,55,2.3
SES0037,2024-09-11,B_Team,MD1,EX024,Activation_Positional_10v0,activation_drill,activation,Clear,32.0,3.8,6.3,450.02,31.49,7.26,0.0,15.0,3,3,18.0,2.98,50,55,1.7
SES0037,2024-09-11,B_Team,MD1,EX019,Finishing_4v3_25x20,finishing_drill,mixed_conditioning,Clear,32.0,3.8,6.3,289.02,48.95,19.71,14.07,42.69,12,9,38.14,7.14,54,60,4.0
SES0038,2024-09-13,U23,MD_plus2,EX008,Rondo_6v3_20x15,rondo,aerobic_conditioning,Overcast,12.1,7.6,2.6,219.49,35.65,5.21,0.0,21.12,7,6,23.85,3.98,50,55,2.3
SES0038,2024-09-13,U23,MD_plus2,EX033,SSG_4v4_20x15_Regen,small_sided_game,recovery,Overcast,12.1,7.6,2.6,420.04,35.68,13.69,0.0,20.45,4,3,24.93,3.4,50,55,2.2
SES0038,2024-09-13,U23,MD_plus2,EX023,Activation_Passing_8v0,activation_drill,activation,Overcast,12.1,7.6,2.6,269.55,25.97,1.49,0.0,15.0,3,3,15.34,2.46,50,55,1.4
SES0038,2024-09-13,U23,MD_plus2,EX025,Recovery_Game_5v5_40x35,recovery_drill,recovery,Overcast,12.1,7.6,2.6,554.45,36.79,9.92,0.0,18.51,4,3,20.74,3.7,50,55,2.1
SES0038,2024-09-13,U23,MD_plus2,EX009,Rondo_8v3_25x20_Directional,rondo,aerobic_conditioning,Overcast,12.1,7.6,2.6,211.76,32.65,5.17,0.0,23.52,7,5,26.44,3.9,50,57,2.3
SES0038,2024-09-13,U23,MD_plus2,EX026,Recovery_Walk_Jog_Circuit,recovery_drill,recovery,Overcast,12.1,7.6,2.6,379.57,24.89,3.3,0.0,15.9,2,2,17.27,2.67,50,55,1.7
SES0039,2024-09-15,First_Team,MD4,EX013,LargeGame_8v8_60x40_Pressing,large_sided_game,high_intensity_conditioning,Clear,33.2,6.0,6.5,797.79,101.19,112.88,32.39,82.72,22,24,120.48,14.0,92,100,10.0
SES0039,2024-09-15,First_Team,MD4,EX034,Hybrid_8v8_55x40_Pressing,large_sided_game,high_intensity_conditioning,Clear,33.2,6.0,6.5,723.18,103.84,85.91,53.54,75.83,25,26,142.77,13.16,100,100,8.1
SES0039,2024-09-15,First_Team,MD4,EX002,SSG_4v4_25x20_Transition,small_sided_game,mixed_conditioning,Clear,33.2,6.0,6.5,812.91,122.97,76.01,26.45,72.4,21,24,119.26,12.67,95,100,8.3
SES0039,2024-09-15,First_Team,MD4,EX021,PressingGame_5v5_30x25_High,pressing_drill,high_intensity_conditioning,Clear,33.2,6.0,6.5,642.24,122.66,59.15,21.0,66.38,36,31,110.89,15.4,100,100,7.4
SES0040,2024-09-17,Academy_U18,MD4,EX002,SSG_4v4_25x20_Transition,small_sided_game,mixed_conditioning,Light_Rain,13.5,5.0,5.7,667.83,123.21,62.6,32.38,75.44,23,22,122.33,13.8,100,100,7.6
SES0040,2024-09-17,Academy_U18,MD4,EX034,Hybrid_8v8_55x40_Pressing,large_sided_game,high_intensity_conditioning,Light_Rain,13.5,5.0,5.7,983.05,107.47,86.17,41.08,77.96,31,25,145.58,12.3,100,100,9.6
SES0040,2024-09-17,Academy_U18,MD4,EX005,SSG_6v6_35x30_Pressing,small_sided_game,high_intensity_conditioning,Light_Rain,13.5,5.0,5.7,876.56,112.55,47.9,29.91,77.35,27,27,106.03,14.43,100,100,9.3
SES0040,2024-09-17,Academy_U18,MD4,EX038,PressingTrap_6v4_35x25,pressing_drill,high_intensity_conditioning,Light_Rain,13.5,5.0,5.7,642.08,110.69,66.89,21.39,68.98,35,28,111.19,15.28,98,100,10.0
SES0040,2024-09-17,Academy_U18,MD4,EX022,PressingGame_6v6_35x30_Mid,pressing_drill,high_intensity_conditioning,Light_Rain,13.5,5.0,5.7,568.13,106.05,74.44,19.55,69.9,37,36,119.31,13.8,100,100,10.0
SES0040,2024-09-17,Academy_U18,MD4,EX021,PressingGame_5v5_30x25_High,pressing_drill,high_intensity_conditioning,Light_Rain,13.5,5.0,5.7,677.77,105.03,56.37,25.13,73.7,41,35,107.12,15.72,99,100,9.8
SES0041,2024-09-19,U23,MD4,EX022,PressingGame_6v6_35x30_Mid,pressing_drill,high_intensity_conditioning,Cloudy,15.2,6.0,10.0,689.46,120.37,74.74,22.93,83.01,37,36,133.67,15.62,100,100,9.4
SES0041,2024-09-19,U23,MD4,EX034,Hybrid_8v8_55x40_Pressing,large_sided_game,high_intensity_conditioning,Cloudy,15.2,6.0,10.0,805.84,114.62,113.94,58.37,90.45,29,29,123.55,14.05,100,100,9.4
SES0041,2024-09-19,U23,MD4,EX021,PressingGame_5v5_30x25_High,pressing_drill,high_intensity_conditioning,Cloudy,15.2,6.0,10.0,696.5,103.7,63.15,27.62,77.52,38,34,126.98,14.31,100,100,10.0
SES0041,2024-09-19,U23,MD4,EX004,SSG_5v5_30x25_Transition,small_sided_game,mixed_conditioning,Cloudy,15.2,6.0,10.0,806.0,102.65,90.63,27.9,74.5,29,23,131.11,14.97,100,100,10.0
SES0041,2024-09-19,U23,MD4,EX013,LargeGame_8v8_60x40_Pressing,large_sided_game,high_intensity_conditioning,Cloudy,15.2,6.0,10.0,915.43,108.32,104.8,38.93,84.2,25,22,118.88,15.79,100,100,9.2
SES0042,2024-09-21,First_Team,MD2,EX019,Finishing_4v3_25x20,finishing_drill,mixed_conditioning,Light_Rain,13.2,2.8,4.7,399.77,64.98,34.55,18.77,65.93,18,14,56.09,9.33,78,86,5.7
SES0042,2024-09-21,First_Team,MD2,EX018,Transition_Sprint_40m,sprint_drill,speed_development,Light_Rain,13.2,2.8,4.7,348.34,168.37,96.98,93.31,83.78,6,7,75.26,11.11,77,88,6.8
SES0042,2024-09-21,First_Team,MD2,EX028,Possession_8v8_50x35_Neutral,possession_game,aerobic_conditioning,Light_Rain,13.2,2.8,4.7,689.86,62.45,54.65,24.31,60.6,14,11,80.28,8.77,76,92,7.4
SES0042,2024-09-21,First_Team,MD2,EX020,Finishing_5v4_30x25,finishing_drill,mixed_conditioning,Light_Rain,13.2,2.8,4.7,358.04,71.5,37.63,14.18,64.82,18,13,58.14,10.44,78,90,6.5
SES0042,2024-09-21,First_Team,MD2,EX015,Flying_Sprint_20m,sprint_drill,speed_development,Light_Rain,13.2,2.8,4.7,199.87,118.23,66.42,74.49,89.5,4,3,50.26,15.14,77,92,6.1
SES0042,2024-09-21,First_Team,MD2,EX014,Flying_Sprint_30m,sprint_drill,speed_development,Light_Rain,13.2,2.8,4.7,284.04,125.51,76.98,79.77,90.02,4,5,66.9,13.04,74,96,7.7
SES0043,2024-09-23,First_Team,MD1,EX032,Setpiece_Attack_Corners,finishing_drill,technical,Clear,25.3,2.2,7.8,221.12,22.04,3.48,1.26,20.7,4,3,17.9,3.39,50,57,1.9
SES0043,2024-09-23,First_Team,MD1,EX024,Activation_Positional_10v0,activation_drill,activation,Clear,25.3,2.2,7.8,514.85,35.02,7.68,0.0,18.8,4,3,21.56,3.47,50,55,1.9
SES0043,2024-09-23,First_Team,MD1,EX031,Shadow_Play_11v0_Shape,activation_drill,activation,Clear,25.3,2.2,7.8,494.49,36.38,9.58,0.0,16.51,4,4,19.79,3.62,50,55,1.7
SES0043,2024-09-23,First_Team,MD1,EX008,Rondo_6v3_20x15,rondo,aerobic_conditioning,Clear,25.3,2.2,7.8,290.99,41.02,5.14,0.0,24.23,7,6,27.41,3.35,50,56,2.6
SES0044,2024-09-25,First_Team,MD2,EX017,Accel_Sprint_15m_x6,sprint_drill,acceleration_development,Clear,32.3,5.9,4.5,105.19,88.15,11.98,7.58,63.23,12,9,49.6,13.14,69,89,7.1
SES0044,2024-09-25,First_Team,MD2,EX028,Possession_8v8_50x35_Neutral,possession_game,aerobic_conditioning,Clear,32.3,5.9,4.5,568.66,58.75,62.39,29.34,57.58,12,12,75.66,8.6,66,81,5.6
SES0044,2024-09-25,First_Team,MD2,EX015,Flying_Sprint_20m,sprint_drill,speed_development,Clear,32.3,5.9,4.5,182.66,146.75,56.72,55.51,89.19,4,4,47.14,15.71,69,84,5.3
SES0044,2024-09-25,First_Team,MD2,EX020,Finishing_5v4_30x25,finishing_drill,mixed_conditioning,Clear,32.3,5.9,4.5,396.52,58.89,29.63,15.42,60.91,16,11,58.7,8.48,68,82,5.7
SES0044,2024-09-25,First_Team,MD2,EX035,Speed_Endurance_60m_x4,sprint_drill,speed_endurance,Clear,32.3,5.9,4.5,547.76,148.22,130.63,179.94,81.11,7,4,68.75,12.92,79,85,8.0
SES0045,2024-09-27,First_Team,MD1,EX031,Shadow_Play_11v0_Shape,activation_drill,activation,Clear,25.3,1.0,7.0,546.53,31.47,7.29,0.0,18.3,3,3,18.57,3.41,50,55,1.8
SES0045,2024-09-27,First_Team,MD1,EX024,Activation_Positional_10v0,activation_drill,activation,Clear,25.3,1.0,7.0,438.78,33.17,7.16,0.0,16.82,4,4,20.64,3.7,50,55,1.8
SES0045,2024-09-27,First_Team,MD1,EX019,Finishing_4v3_25x20,finishing_drill,mixed_conditioning,Clear,25.3,1.0,7.0,336.07,54.33,23.02,10.24,45.57,10,11,51.49,6.94,58,66,5.1
SES0045,2024-09-27,First_Team,MD1,EX032,Setpiece_Attack_Corners,finishing_drill,technical,Clear,25.3,1.0,7.0,172.51,20.71,3.71,1.72,20.99,3,4,17.1,3.26,50,55,1.9
SES0046,2024-09-29,Academy_U18,MD1,EX031,Shadow_Play_11v0_Shape,activation_drill,activation,Overcast,18.8,1.3,8.1,539.44,31.49,7.07,0.0,18.85,4,3,20.52,3.4,50,55,2.0
SES0046,2024-09-29,Academy_U18,MD1,EX023,Activation_Passing_8v0,activation_drill,activation,Overcast,18.8,1.3,8.1,278.7,30.39,1.54,0.0,15.78,3,3,14.0,2.98,50,55,1.5
SES0046,2024-09-29,Academy_U18,MD1,EX007,Rondo_6v2_15x15,rondo,technical_conditioning,Overcast,18.8,1.3,8.1,235.01,36.78,2.99,0.0,19.12,6,6,21.46,3.39,50,55,2.4
SES0046,2024-09-29,Academy_U18,MD1,EX024,Activation_Positional_10v0,activation_drill,activation,Overcast,18.8,1.3,8.1,492.57,30.85,7.3,0.0,17.21,4,4,22.06,3.1,50,55,2.0
SES0047,2024-10-01,B_Team,MD3,EX011,LargeGame_9v9_65x45_Transition,large_sided_game,aerobic_conditioning,Light_Rain,10.3,5.2,6.2,854.68,96.84,98.53,66.56,68.27,18,13,118.63,11.39,83,98,8.0
SES0047,2024-10-01,B_Team,MD3,EX036,Accel_Change_Direction_15m,sprint_drill,acceleration_development,Light_Rain,10.3,5.2,6.2,127.76,105.59,7.49,4.36,58.02,16,16,76.23,17.13,82,97,7.7
SES0047,2024-10-01,B_Team,MD3,EX003,SSG_5v5_30x25_Possession,small_sided_game,aerobic_conditioning,Light_Rain,10.3,5.2,6.2,743.57,106.68,52.7,28.95,69.6,20,20,102.96,12.06,91,100,8.9
SES0047,2024-10-01,B_Team,MD3,EX004,SSG_5v5_30x25_Transition,small_sided_game,mixed_conditioning,Light_Rain,10.3,5.2,6.2,637.61,107.78,79.63,27.42,71.53,28,23,105.35,13.21,90,98,7.8
SES0048,2024-10-03,Academy_U18,MD2,EX018,Transition_Sprint_40m,sprint_drill,speed_development,Cloudy,10.8,6.1,5.0,344.02,148.48,98.9,68.7,85.88,7,6,68.39,14.68,76,87,8.1
SES0048,2024-10-03,Academy_U18,MD2,EX035,Speed_Endurance_60m_x4,sprint_drill,speed_endurance,Cloudy,10.8,6.1,5.0,553.37,150.53,193.28,251.35,76.39,5,6,96.06,12.29,79,97,7.6
SES0048,2024-10-03,Academy_U18,MD2,EX015,Flying_Sprint_20m,sprint_drill,speed_development,Cloudy,10.8,6.1,5.0,182.44,130.02,68.72,69.49,90.62,4,4,49.13,11.25,74,87,5.4
SES0048,2024-10-03,Academy_U18,MD2,EX017,Accel_Sprint_15m_x6,sprint_drill,acceleration_development,Cloudy,10.8,6.1,5.0,116.8,92.71,14.06,9.42,62.17,11,9,52.58,15.28,72,83,7.0
SES0048,2024-10-03,Academy_U18,MD2,EX019,Finishing_4v3_25x20,finishing_drill,mixed_conditioning,Cloudy,10.8,6.1,5.0,417.43,62.13,37.05,15.22,61.11,17,14,63.36,9.02,75,86,5.7
SES0048,2024-10-03,Academy_U18,MD2,EX020,Finishing_5v4_30x25,finishing_drill,mixed_conditioning,Cloudy,10.8,6.1,5.0,388.76,58.7,30.66,16.16,59.27,15,14,63.48,10.06,73,83,5.5
SES0049,2024-10-05,Academy_U18,MD3,EX012,LargeGame_10v10_70x50_Open,large_sided_game,aerobic_conditioning,Light_Rain,11.0,4.5,5.1,815.54,89.38,115.71,67.41,71.39,16,14,112.56,10.04,87,90,7.4
SES0049,2024-10-05,Academy_U18,MD3,EX036,Accel_Change_Direction_15m,sprint_drill,acceleration_development,Light_Rain,11.0,4.5,5.1,136.97,114.29,14.13,4.33,59.77,15,13,71.34,16.28,85,93,7.3
SES0049,2024-10-05,Academy_U18,MD3,EX017,Accel_Sprint_15m_x6,sprint_drill,acceleration_development,Light_Rain,11.0,4.5,5.1,116.06,115.07,11.76,10.61,73.16,13,11,61.37,13.88,80,96,7.2
SES0049,2024-10-05,Academy_U18,MD3,EX027,Possession_6v6_40x30_Neutral,possession_game,aerobic_conditioning,Light_Rain,11.0,4.5,5.1,492.85,69.5,38.12,9.84,53.14,21,16,62.02,8.55,86,92,6.5
SES0049,2024-10-05,Academy_U18,MD3,EX030,Transition_6v6_40x35_Wide,transition_game,mixed_conditioning,Light_Rain,11.0,4.5,5.1,778.54,112.77,125.93,90.35,75.19,19,14,123.88,10.42,88,94,7.6
SES0050,2024-10-07,First_Team,MD3,EX003,SSG_5v5_30x25_Possession,small_sided_game,aerobic_conditioning,Light_Rain,12.4,4.2,4.8,682.03,108.47,56.31,26.53,71.49,21,19,100.6,13.24,90,96,8.4
SES0050,2024-10-07,First_Team,MD3,EX011,LargeGame_9v9_65x45_Transition,large_sided_game,aerobic_conditioning,Light_Rain,12.4,4.2,4.8,830.9,96.64,119.19,58.47,70.08,15,16,123.82,10.21,87,89,7.2
SES0050,2024-10-07,First_Team,MD3,EX030,Transition_6v6_40x35_Wide,transition_game,mixed_conditioning,Light_Rain,12.4,4.2,4.8,797.18,93.08,89.05,59.5,77.17,18,13,91.91,10.92,89,89,7.7
SES0050,2024-10-07,First_Team,MD3,EX012,LargeGame_10v10_70x50_Open,large_sided_game,aerobic_conditioning,Light_Rain,12.4,4.2,4.8,878.72,101.2,106.66,65.26,74.42,12,17,114.68,11.2,98,89,9.0
SES0050,2024-10-07,First_Team,MD3,EX004,SSG_5v5_30x25_Transition,small_sided_game,mixed_conditioning,Light_Rain,12.4,4.2,4.8,698.87,104.55,66.19,23.88,64.34,23,17,108.64,11.69,85,96,9.0
SES0051,2024-10-09,Academy_U18,MD1,EX024,Activation_Positional_10v0,activation_drill,activation,Clear,32.5,3.0,7.4,510.98,33.66,8.6,0.0,17.77,3,4,18.03,3.26,50,55,1.7
SES0051,2024-10-09,Academy_U18,MD1,EX006,Rondo_4v2_10x10,rondo,technical_conditioning,Clear,32.5,3.0,7.4,195.68,31.86,2.82,0.0,20.27,6,5,19.04,3.68,50,56,2.2
SES0051,2024-10-09,Academy_U18,MD1,EX008,Rondo_6v3_20x15,rondo,aerobic_conditioning,Clear,32.5,3.0,7.4,234.23,30.25,5.17,0.0,21.26,7,6,26.64,3.41,50,55,2.6
SES0051,2024-10-09,Academy_U18,MD1,EX032,Setpiece_Attack_Corners,finishing_drill,technical,Clear,32.5,3.0,7.4,174.92,22.23,3.79,1.47,22.37,4,4,18.36,3.35,50,55,1.8
SES0052,2024-10-11,First_Team,MD_plus1,EX026,Recovery_Walk_Jog_Circuit,recovery_drill,recovery,Overcast,11.9,6.9,2.4,380.33,22.43,3.0,0.0,15.0,2,1,14.2,2.14,50,55,1.4
SES0052,2024-10-11,First_Team,MD_plus1,EX023,Activation_Passing_8v0,activation_drill,activation,Overcast,11.9,6.9,2.4,241.67,20.41,1.23,0.0,15.0,3,2,11.68,1.98,50,55,1.2
SES0052,2024-10-11,First_Team,MD_plus1,EX025,Recovery_Game_5v5_40x35,recovery_drill,recovery,Overcast,11.9,6.9,2.4,410.35,35.37,10.38,0.0,17.2,3,3,20.11,3.21,50,55,1.7
SES0053,2024-10-13,Academy_U18,MD4,EX038,PressingTrap_6v4_35x25,pressing_drill,high_intensity_conditioning,Clear,25.5,2.1,5.5,805.37,118.38,53.08,25.58,66.76,40,31,123.69,16.41,100,100,9.2
SES0053,2024-10-13,Academy_U18,MD4,EX001,SSG_3v3_20x15_Pressing,small_sided_game,high_intensity_conditioning,Clear,25.5,2.1,5.5,804.66,106.07,28.65,11.01,71.12,38,29,109.05,14.91,97,100,9.7
SES0053,2024-10-13,Academy_U18,MD4,EX003,SSG_5v5_30x25_Possession,small_sided_game,aerobic_conditioning,Clear,25.5,2.1,5.5,864.43,114.46,77.52,17.86,74.1,28,21,119.25,14.51,100,100,8.4
SES0053,2024-10-13,Academy_U18,MD4,EX004,SSG_5v5_30x25_Transition,small_sided_game,mixed_conditioning,Clear,25.5,2.1,5.5,815.39,123.76,78.84,26.89,78.19,28,18,129.7,13.63,100,100,8.0
SES0054,2024-10-15,U23,MD2,EX014,Flying_Sprint_30m,sprint_drill,speed_development,Cloudy,12.4,3.8,5.7,313.44,127.42,71.43,84.99,82.65,4,5,61.26,13.45,78,87,7.0
SES0054,2024-10-15,U23,MD2,EX020,Finishing_5v4_30x25,finishing_drill,mixed_conditioning,Cloudy,12.4,3.8,5.7,470.89,67.86,34.96,19.36,57.25,19,15,71.15,9.11,83,91,6.6
SES0054,2024-10-15,U23,MD2,EX035,Speed_Endurance_60m_x4,sprint_drill,speed_endurance,Cloudy,12.4,3.8,5.7,494.32,152.22,203.58,217.8,72.59,5,6,89.3,12.05,88,88,8.4
SES0055,2024-10-17,First_Team,MD3,EX004,SSG_5v5_30x25_Transition,small_sided_game,mixed_conditioning,Light_Rain,15.7,3.2,6.4,765.42,98.99,80.76,30.73,70.89,23,23,99.41,13.28,98,100,7.6
SES0055,2024-10-17,First_Team,MD3,EX029,Transition_5v5_35x30_Counter,transition_game,mixed_conditioning,Light_Rain,15.7,3.2,6.4,707.16,88.16,79.67,45.19,65.48,20,20,102.83,10.47,91,100,8.1
SES0055,2024-10-17,First_Team,MD3,EX016,Accel_Sprint_10m_x8,sprint_drill,acceleration_development,Light_Rain,15.7,3.2,6.4,88.38,101.79,6.49,0.0,55.82,16,12,57.31,18.41,76,99,7.2
SES0055,2024-10-17,First_Team,MD3,EX017,Accel_Sprint_15m_x6,sprint_drill,acceleration_development,Light_Rain,15.7,3.2,6.4,121.76,104.71,12.58,6.09,78.08,13,11,65.76,15.48,85,95,8.0
SES0055,2024-10-17,First_Team,MD3,EX037,Possession_4v4_2Neutral_25x20,possession_game,aerobic_conditioning,Light_Rain,15.7,3.2,6.4,468.56,71.15,28.94,9.01,56.34,17,15,73.1,8.8,86,94,4.9
SES0056,2024-10-19,U23,MD3,EX036,Accel_Change_Direction_15m,sprint_drill,acceleration_development,Light_Rain,13.8,4.6,4.3,117.27,112.52,12.04,4.26,60.65,16,15,67.11,15.66,76,92,7.4
SES0056,2024-10-19,U23,MD3,EX011,LargeGame_9v9_65x45_Transition,large_sided_game,aerobic_conditioning,Light_Rain,13.8,4.6,4.3,905.65,88.7,96.88,66.83,67.31,18,13,104.94,9.41,83,97,8.0
SES0056,2024-10-19,U23,MD3,EX037,Possession_4v4_2Neutral_25x20,possession_game,aerobic_conditioning,Light_Rain,13.8,4.6,4.3,607.47,71.55,25.75,7.69,50.31,21,14,76.14,9.79,86,90,7.1
SES0056,2024-10-19,U23,MD3,EX010,LargeGame_8v8_60x40_Possession,large_sided_game,aerobic_conditioning,Light_Rain,13.8,4.6,4.3,1101.2,87.41,87.66,42.59,76.21,13,15,115.57,10.82,86,95,8.6
SES0057,2024-10-21,First_Team,MD_plus2,EX027,Possession_6v6_40x30_Neutral,possession_game,aerobic_conditioning,Light_Rain,16.5,5.5,3.2,414.48,50.69,22.37,6.67,33.89,15,13,51.97,7.21,52,62,4.2
SES0057,2024-10-21,First_Team,MD_plus2,EX025,Recovery_Game_5v5_40x35,recovery_drill,recovery,Light_Rain,16.5,5.5,3.2,597.39,34.43,11.63,0.0,21.91,4,3,22.88,4.24,50,55,2.0
SES0057,2024-10-21,First_Team,MD_plus2,EX023,Activation_Passing_8v0,activation_drill,activation,Light_Rain,16.5,5.5,3.2,217.88,24.65,1.78,0.0,15.0,3,2,14.23,3.02,50,55,1.2
SES0057,2024-10-21,First_Team,MD_plus2,EX008,Rondo_6v3_20x15,rondo,aerobic_conditioning,Light_Rain,16.5,5.5,3.2,268.81,34.64,6.22,0.0,21.45,7,5,27.93,3.95,50,58,2.8
SES0057,2024-10-21,First_Team,MD_plus2,EX033,SSG_4v4_20x15_Regen,small_sided_game,recovery,Light_Rain,16.5,5.5,3.2,568.44,34.87,9.47,0.0,22.85,4,4,22.77,4.22,50,56,1.9
SES0058,2024-10-23,Academy_U18,MD2,EX018,Transition_Sprint_40m,sprint_drill,speed_development,Clear,26.1,4.1,6.3,327.1,156.59,107.07,116.93,79.26,8,8,69.36,12.95,81,88,7.2
SES0058,2024-10-23,Academy_U18,MD2,EX017,Accel_Sprint_15m_x6,sprint_drill,acceleration_development,Clear,26.1,4.1,6.3,92.21,101.15,8.94,9.46,63.52,11,9,54.0,16.98,68,90,6.9
SES0058,2024-10-23,Academy_U18,MD2,EX028,Possession_8v8_50x35_Neutral,possession_game,aerobic_conditioning,Clear,26.1,4.1,6.3,611.66,63.46,76.49,24.27,55.0,15,13,72.29,9.21,73,90,7.2
SES0058,2024-10-23,Academy_U18,MD2,EX014,Flying_Sprint_30m,sprint_drill,speed_development,Clear,26.1,4.1,6.3,279.64,136.81,95.04,81.01,81.46,4,6,56.92,12.96,79,89,6.0
SES0058,2024-10-23,Academy_U18,MD2,EX012,LargeGame_10v10_70x50_Open,large_sided_game,aerobic_conditioning,Clear,26.1,4.1,6.3,944.36,99.71,107.72,48.91,62.24,16,16,108.82,10.01,77,86,7.7
SES0058,2024-10-23,Academy_U18,MD2,EX019,Finishing_4v3_25x20,finishing_drill,mixed_conditioning,Clear,26.1,4.1,6.3,433.21,59.5,40.78,18.73,66.12,13,12,61.21,9.91,82,90,6.0
SES0059,2024-10-25,First_Team,MD3,EX036,Accel_Change_Direction_15m,sprint_drill,acceleration_development,Light_Rain,14.2,4.0,7.0,157.05,113.6,12.88,4.67,64.79,15,16,76.28,18.02,82,96,7.6
SES0059,2024-10-25,First_Team,MD3,EX016,Accel_Sprint_10m_x8,sprint_drill,acceleration_development,Light_Rain,14.2,4.0,7.0,76.66,97.87,4.55,0.0,52.08,12,11,54.66,20.0,80,95,7.4
SES0059,2024-10-25,First_Team,MD3,EX027,Possession_6v6_40x30_Neutral,possession_game,aerobic_conditioning,Light_Rain,14.2,4.0,7.0,586.35,71.26,26.32,10.39,60.73,15,15,72.11,8.75,85,93,8.3
SES0059,2024-10-25,First_Team,MD3,EX017,Accel_Sprint_15m_x6,sprint_drill,acceleration_development,Light_Rain,14.2,4.0,7.0,139.99,106.93,14.46,9.92,69.22,11,11,65.32,17.05,78,94,7.3
SES0059,2024-10-25,First_Team,MD3,EX029,Transition_5v5_35x30_Counter,transition_game,mixed_conditioning,Light_Rain,14.2,4.0,7.0,680.22,110.32,59.44,45.56,80.35,30,20,109.51,12.12,90,99,8.6
SES0060,2024-10-27,B_Team,MD1,EX023,Activation_Passing_8v0,activation_drill,activation,Clear,22.5,1.0,7.8,270.85,31.6,1.32,0.0,16.28,3,3,14.38,3.1,50,55,1.4
SES0060,2024-10-27,B_Team,MD1,EX031,Shadow_Play_11v0_Shape,activation_drill,activation,Clear,22.5,1.0,7.8,481.3,34.0,7.71,0.0,16.25,4,4,22.62,3.39,50,55,2.1
SES0060,2024-10-27,B_Team,MD1,EX024,Activation_Positional_10v0,activation_drill,activation,Clear,22.5,1.0,7.8,533.06,33.95,9.59,0.0,18.81,3,3,20.84,3.31,50,55,2.1
SES0060,2024-10-27,B_Team,MD1,EX007,Rondo_6v2_15x15,rondo,technical_conditioning,Clear,22.5,1.0,7.8,216.4,31.45,2.86,0.0,19.89,6,5,19.63,3.6,50,55,3.1
SES0061,2024-10-29,B_Team,MD_plus2,EX026,Recovery_Walk_Jog_Circuit,recovery_drill,recovery,Cloudy,14.3,7.6,3.5,370.45,30.88,4.37,0.0,16.12,2,2,16.69,2.93,50,55,1.7
SES0061,2024-10-29,B_Team,MD_plus2,EX027,Possession_6v6_40x30_Neutral,possession_game,aerobic_conditioning,Cloudy,14.3,7.6,3.5,376.84,47.1,17.63,4.89,33.12,14,8,52.77,6.9,54,57,4.3
SES0061,2024-10-29,B_Team,MD_plus2,EX009,Rondo_8v3_25x20_Directional,rondo,aerobic_conditioning,Cloudy,14.3,7.6,3.5,240.17,32.07,5.12,0.0,22.97,6,5,25.54,3.73,50,55,2.8
SES0062,2024-10-31,First_Team,MD_plus1,EX033,SSG_4v4_20x15_Regen,small_sided_game,recovery,Overcast,13.9,9.4,4.0,447.73,29.41,9.95,0.0,17.12,3,3,17.73,3.21,50,55,1.6
SES0062,2024-10-31,First_Team,MD_plus1,EX026,Recovery_Walk_Jog_Circuit,recovery_drill,recovery,Overcast,13.9,9.4,4.0,378.94,21.36,3.53,0.0,15.0,2,2,14.71,2.63,50,55,1.1
SES0062,2024-10-31,First_Team,MD_plus1,EX023,Activation_Passing_8v0,activation_drill,activation,Overcast,13.9,9.4,4.0,197.44,24.09,1.05,0.0,15.0,3,2,10.42,2.55,50,55,1.0
SES0062,2024-10-31,First_Team,MD_plus1,EX025,Recovery_Game_5v5_40x35,recovery_drill,recovery,Overcast,13.9,9.4,4.0,541.1,33.53,9.35,0.0,17.02,3,3,22.23,3.35,50,55,1.8
SES0063,2024-11-02,First_Team,MD3,EX029,Transition_5v5_35x30_Counter,transition_game,mixed_conditioning,Cloudy,13.7,5.7,7.3,674.94,92.27,56.91,43.98,83.91,18,21,109.51,11.57,88,94,8.3
SES0063,2024-11-02,First_Team,MD3,EX027,Possession_6v6_40x30_Neutral,possession_game,aerobic_conditioning,Cloudy,13.7,5.7,7.3,533.93,59.98,36.48,9.61,54.34,19,19,74.23,10.05,81,97,7.0
SES0063,2024-11-02,First_Team,MD3,EX012,LargeGame_10v10_70x50_Open,large_sided_game,aerobic_conditioning,Cloudy,13.7,5.7,7.3,953.93,85.42,119.19,54.18,72.13,15,14,134.07,12.1,93,93,7.9
SES0064,2024-11-04,B_Team,MD4,EX004,SSG_5v5_30x25_Transition,small_sided_game,mixed_conditioning,Overcast,11.3,2.7,5.7,920.85,115.06,88.43,32.45,87.56,21,27,129.2,12.88,100,100,9.0
SES0064,2024-11-04,B_Team,MD4,EX001,SSG_3v3_20x15_Pressing,small_sided_game,high_intensity_conditioning,Overcast,11.3,2.7,5.7,679.34,112.39,60.92,11.84,71.86,30,28,122.16,12.14,100,100,9.6
SES0064,2024-11-04,B_Team,MD4,EX002,SSG_4v4_25x20_Transition,small_sided_game,mixed_conditioning,Overcast,11.3,2.7,5.7,815.07,121.63,84.39,33.06,72.38,25,27,126.82,12.43,100,100,9.3
SES0064,2024-11-04,B_Team,MD4,EX022,PressingGame_6v6_35x30_Mid,pressing_drill,high_intensity_conditioning,Overcast,11.3,2.7,5.7,803.65,106.07,57.49,26.56,66.58,33,36,117.96,14.51,100,100,10.0
SES0065,2024-11-06,First_Team,MD_plus2,EX027,Possession_6v6_40x30_Neutral,possession_game,aerobic_conditioning,Overcast,11.3,6.2,4.4,404.89,46.41,20.67,4.76,36.69,11,10,50.52,6.47,58,63,4.8
SES0065,2024-11-06,First_Team,MD_plus2,EX028,Possession_8v8_50x35_Neutral,possession_game,aerobic_conditioning,Overcast,11.3,6.2,4.4,534.3,52.49,40.65,21.72,44.79,10,7,58.72,7.91,56,63,5.0
SES0065,2024-11-06,First_Team,MD_plus2,EX023,Activation_Passing_8v0,activation_drill,activation,Overcast,11.3,6.2,4.4,276.23,29.11,1.17,0.0,15.0,3,3,15.31,3.03,50,55,1.4
SES0065,2024-11-06,First_Team,MD_plus2,EX008,Rondo_6v3_20x15,rondo,aerobic_conditioning,Overcast,11.3,6.2,4.4,249.09,35.53,5.54,0.0,22.51,6,6,27.25,4.27,50,55,3.4
SES0065,2024-11-06,First_Team,MD_plus2,EX026,Recovery_Walk_Jog_Circuit,recovery_drill,recovery,Overcast,11.3,6.2,4.4,434.33,30.81,3.46,0.0,16.34,2,2,18.91,2.89,50,55,1.9
SES0066,2024-11-08,B_Team,MD_plus2,EX025,Recovery_Game_5v5_40x35,recovery_drill,recovery,Clear,29.3,6.3,5.3,513.73,34.92,10.29,0.0,20.34,5,4,24.57,3.41,50,55,1.6
SES0066,2024-11-08,B_Team,MD_plus2,EX026,Recovery_Walk_Jog_Circuit,recovery_drill,recovery,Clear,29.3,6.3,5.3,458.2,27.69,5.09,0.0,15.23,2,2,19.88,2.55,50,55,1.8
SES0066,2024-11-08,B_Team,MD_plus2,EX023,Activation_Passing_8v0,activation_drill,activation,Clear,29.3,6.3,5.3,277.85,28.59,1.16,0.0,15.0,3,2,14.16,2.98,50,55,1.4
SES0066,2024-11-08,B_Team,MD_plus2,EX028,Possession_8v8_50x35_Neutral,possession_game,aerobic_conditioning,Clear,29.3,6.3,5.3,487.11,45.64,40.94,22.75,44.23,10,8,56.56,5.49,56,66,4.1
SES0067,2024-11-10,U23,MD3,EX011,LargeGame_9v9_65x45_Transition,large_sided_game,aerobic_conditioning,Overcast,13.7,4.4,5.9,895.24,88.77,82.59,63.22,83.77,17,16,116.96,10.87,83,99,8.0
SES0067,2024-11-10,U23,MD3,EX037,Possession_4v4_2Neutral_25x20,possession_game,aerobic_conditioning,Overcast,13.7,4.4,5.9,570.99,65.67,36.77,9.17,52.11,21,16,68.02,8.76,76,95,5.5
SES0067,2024-11-10,U23,MD3,EX010,LargeGame_8v8_60x40_Possession,large_sided_game,aerobic_conditioning,Overcast,13.7,4.4,5.9,829.73,79.73,112.64,60.7,73.17,15,13,118.25,10.4,87,94,7.9
SES0067,2024-11-10,U23,MD3,EX017,Accel_Sprint_15m_x6,sprint_drill,acceleration_development,Overcast,13.7,4.4,5.9,138.97,107.91,11.72,8.63,69.47,12,10,59.33,16.87,79,91,6.2
SES0067,2024-11-10,U23,MD3,EX004,SSG_5v5_30x25_Transition,small_sided_game,mixed_conditioning,Overcast,13.7,4.4,5.9,621.07,94.82,68.88,22.21,69.45,23,16,109.08,13.02,87,100,7.4
SES0067,2024-11-10,U23,MD3,EX003,SSG_5v5_30x25_Possession,small_sided_game,aerobic_conditioning,Overcast,13.7,4.4,5.9,731.94,94.48,50.46,24.33,66.87,22,18,100.34,12.49,90,99,7.5
SES0067,2024-11-10,U23,MD3,EX027,Possession_6v6_40x30_Neutral,possession_game,aerobic_conditioning,Overcast,13.7,4.4,5.9,630.21,64.68,33.22,9.86,55.45,18,16,78.57,8.27,79,92,7.6
SES0067,2024-11-10,U23,MD3,EX029,Transition_5v5_35x30_Counter,transition_game,mixed_conditioning,Overcast,13.7,4.4,5.9,696.77,88.9,69.4,37.39,69.47,25,17,116.99,12.16,92,96,8.0
SES0068,2024-11-12,U23,MD_plus2,EX026,Recovery_Walk_Jog_Circuit,recovery_drill,recovery,Light_Rain,8.9,5.1,3.4,472.69,26.03,3.35,0.0,15.0,2,2,17.36,2.86,50,55,1.7
SES0068,2024-11-12,U23,MD_plus2,EX027,Possession_6v6_40x30_Neutral,possession_game,aerobic_conditioning,Light_Rain,8.9,5.1,3.4,375.05,45.53,22.11,7.14,37.0,14,9,50.01,5.79,52,62,5.1
SES0068,2024-11-12,U23,MD_plus2,EX033,SSG_4v4_20x15_Regen,small_sided_game,recovery,Light_Rain,8.9,5.1,3.4,612.68,38.03,8.31,0.0,21.55,4,3,22.93,3.86,50,55,2.1
SES0068,2024-11-12,U23,MD_plus2,EX028,Possession_8v8_50x35_Neutral,possession_game,aerobic_conditioning,Light_Rain,8.9,5.1,3.4,514.52,53.82,50.31,23.14,41.64,8,9,62.49,7.45,58,65,5.0
SES0068,2024-11-12,U23,MD_plus2,EX008,Rondo_6v3_20x15,rondo,aerobic_conditioning,Light_Rain,8.9,5.1,3.4,234.58,34.96,6.96,0.0,24.76,7,7,23.79,4.06,50,55,2.7
SES0069,2024-11-14,Academy_U18,MD4,EX034,Hybrid_8v8_55x40_Pressing,large_sided_game,high_intensity_conditioning,Overcast,11.7,5.0,5.5,849.03,105.78,105.89,59.97,78.39,34,26,125.98,12.09,100,100,10.0
SES0069,2024-11-14,Academy_U18,MD4,EX038,PressingTrap_6v4_35x25,pressing_drill,high_intensity_conditioning,Overcast,11.7,5.0,5.5,698.93,101.89,65.16,25.62,78.3,38,35,122.06,14.91,100,100,9.2
SES0069,2024-11-14,Academy_U18,MD4,EX003,SSG_5v5_30x25_Possession,small_sided_game,aerobic_conditioning,Overcast,11.7,5.0,5.5,753.52,118.76,88.15,26.16,64.41,24,26,120.67,14.12,100,100,9.5
SES0070,2024-11-16,First_Team,MD2,EX014,Flying_Sprint_30m,sprint_drill,speed_development,Light_Rain,14.6,3.7,8.6,265.94,134.3,79.13,81.92,98.38,4,5,74.99,14.09,85,92,7.3
SES0070,2024-11-16,First_Team,MD2,EX015,Flying_Sprint_20m,sprint_drill,speed_development,Light_Rain,14.6,3.7,8.6,206.04,117.4,77.09,78.59,91.96,3,4,50.46,15.46,81,94,7.5
SES0070,2024-11-16,First_Team,MD2,EX018,Transition_Sprint_40m,sprint_drill,speed_development,Light_Rain,14.6,3.7,8.6,368.69,162.49,119.33,139.17,100.0,6,7,60.14,14.13,81,100,6.9
SES0070,2024-11-16,First_Team,MD2,EX019,Finishing_4v3_25x20,finishing_drill,mixed_conditioning,Light_Rain,14.6,3.7,8.6,356.92,67.84,25.37,20.21,56.19,16,11,63.47,11.34,81,90,6.5
SES0071,2024-11-18,First_Team,MD4,EX021,PressingGame_5v5_30x25_High,pressing_drill,high_intensity_conditioning,Light_Rain,15.0,4.0,7.1,726.6,92.56,59.64,21.93,76.54,36,28,115.04,15.1,100,100,9.3
SES0071,2024-11-18,First_Team,MD4,EX034,Hybrid_8v8_55x40_Pressing,large_sided_game,high_intensity_conditioning,Light_Rain,15.0,4.0,7.1,935.25,105.45,99.85,72.1,73.97,22,29,125.97,13.91,100,100,10.0
SES0071,2024-11-18,First_Team,MD4,EX013,LargeGame_8v8_60x40_Pressing,large_sided_game,high_intensity_conditioning,Light_Rain,15.0,4.0,7.1,943.64,116.02,81.05,43.66,67.1,26,29,138.71,14.02,100,100,9.7
SES0071,2024-11-18,First_Team,MD4,EX038,PressingTrap_6v4_35x25,pressing_drill,high_intensity_conditioning,Light_Rain,15.0,4.0,7.1,737.36,101.26,68.16,27.34,71.9,39,45,123.84,15.33,100,100,10.0
SES0072,2024-11-20,First_Team,MD3,EX036,Accel_Change_Direction_15m,sprint_drill,acceleration_development,Cloudy,17.8,5.2,4.3,148.52,114.54,11.46,3.89,65.41,16,14,72.47,15.8,79,93,7.5
SES0072,2024-11-20,First_Team,MD3,EX017,Accel_Sprint_15m_x6,sprint_drill,acceleration_development,Cloudy,17.8,5.2,4.3,108.18,108.41,13.09,7.17,62.32,12,10,59.09,15.68,73,91,6.8
SES0072,2024-11-20,First_Team,MD3,EX003,SSG_5v5_30x25_Possession,small_sided_game,aerobic_conditioning,Cloudy,17.8,5.2,4.3,747.02,96.03,81.05,17.52,70.79,22,22,101.6,13.0,86,93,9.0
SES0072,2024-11-20,First_Team,MD3,EX004,SSG_5v5_30x25_Transition,small_sided_game,mixed_conditioning,Cloudy,17.8,5.2,4.3,699.5,102.53,76.97,21.07,67.97,21,20,101.54,10.48,85,100,8.6
SES0072,2024-11-20,First_Team,MD3,EX011,LargeGame_9v9_65x45_Transition,large_sided_game,aerobic_conditioning,Cloudy,17.8,5.2,4.3,903.51,92.41,106.48,73.72,71.82,17,17,104.15,11.92,79,98,7.3
SES0072,2024-11-20,First_Team,MD3,EX016,Accel_Sprint_10m_x8,sprint_drill,acceleration_development,Cloudy,17.8,5.2,4.3,88.88,78.84,4.73,0.0,53.5,14,14,56.45,17.07,75,88,8.1
SES0073,2024-11-22,B_Team,MD3,EX030,Transition_6v6_40x35_Wide,transition_game,mixed_conditioning,Overcast,16.3,4.3,7.5,824.65,110.21,124.52,67.49,76.4,19,19,122.3,11.84,92,100,8.7
SES0073,2024-11-22,B_Team,MD3,EX037,Possession_4v4_2Neutral_25x20,possession_game,aerobic_conditioning,Overcast,16.3,4.3,7.5,597.67,64.24,20.03,8.98,54.65,18,17,73.63,10.37,84,93,7.6
SES0073,2024-11-22,B_Team,MD3,EX027,Possession_6v6_40x30_Neutral,possession_game,aerobic_conditioning,Overcast,16.3,4.3,7.5,570.0,74.53,29.59,7.58,55.24,19,18,72.4,8.12,82,97,6.7
SES0073,2024-11-22,B_Team,MD3,EX003,SSG_5v5_30x25_Possession,small_sided_game,aerobic_conditioning,Overcast,16.3,4.3,7.5,723.51,113.0,61.86,19.9,68.04,22,19,104.22,12.96,92,100,9.7
SES0074,2024-11-24,Academy_U18,MD2,EX015,Flying_Sprint_20m,sprint_drill,speed_development,Light_Rain,8.3,4.2,6.3,179.53,125.8,54.39,66.79,100.0,4,4,48.34,15.04,79,93,4.8
SES0074,2024-11-24,Academy_U18,MD2,EX020,Finishing_5v4_30x25,finishing_drill,mixed_conditioning,Light_Rain,8.3,4.2,6.3,320.43,65.66,39.23,13.11,50.96,17,15,57.65,8.95,75,90,5.9
SES0074,2024-11-24,Academy_U18,MD2,EX017,Accel_Sprint_15m_x6,sprint_drill,acceleration_development,Light_Rain,8.3,4.2,6.3,121.78,77.75,10.26,6.37,65.06,11,11,47.97,15.6,78,93,6.5
SES0074,2024-11-24,Academy_U18,MD2,EX019,Finishing_4v3_25x20,finishing_drill,mixed_conditioning,Light_Rain,8.3,4.2,6.3,420.01,59.43,22.62,19.85,62.17,18,12,65.78,11.17,79,90,6.3
SES0074,2024-11-24,Academy_U18,MD2,EX014,Flying_Sprint_30m,sprint_drill,speed_development,Light_Rain,8.3,4.2,6.3,233.6,148.94,71.09,89.26,81.01,3,6,61.4,15.18,79,86,7.4
SES0075,2024-11-26,B_Team,MD3,EX030,Transition_6v6_40x35_Wide,transition_game,mixed_conditioning,Cloudy,15.6,4.4,6.3,699.49,102.18,136.16,73.03,76.8,21,18,114.36,10.65,89,100,7.5
SES0075,2024-11-26,B_Team,MD3,EX036,Accel_Change_Direction_15m,sprint_drill,acceleration_development,Cloudy,15.6,4.4,6.3,152.74,113.82,9.12,4.83,63.46,17,16,72.55,18.4,84,90,6.7
SES0075,2024-11-26,B_Team,MD3,EX004,SSG_5v5_30x25_Transition,small_sided_game,mixed_conditioning,Cloudy,15.6,4.4,6.3,789.97,103.18,62.73,20.38,63.31,17,21,99.16,11.34,90,100,9.8
SES0075,2024-11-26,B_Team,MD3,EX029,Transition_5v5_35x30_Counter,transition_game,mixed_conditioning,Cloudy,15.6,4.4,6.3,584.81,103.59,82.83,36.46,73.79,22,21,116.72,12.01,90,97,6.9
SES0075,2024-11-26,B_Team,MD3,EX027,Possession_6v6_40x30_Neutral,possession_game,aerobic_conditioning,Cloudy,15.6,4.4,6.3,562.03,76.8,24.56,6.92,54.56,17,15,70.43,8.35,79,96,5.9
SES0076,2024-11-28,U23,MD3,EX030,Transition_6v6_40x35_Wide,transition_game,mixed_conditioning,Overcast,12.0,3.4,4.7,789.94,96.76,103.74,48.3,78.56,19,17,120.31,10.51,92,98,7.9
SES0076,2024-11-28,U23,MD3,EX017,Accel_Sprint_15m_x6,sprint_drill,acceleration_development,Overcast,12.0,3.4,4.7,123.5,102.33,14.49,6.83,66.9,14,10,64.11,18.74,80,96,6.4
SES0076,2024-11-28,U23,MD3,EX011,LargeGame_9v9_65x45_Transition,large_sided_game,aerobic_conditioning,Overcast,12.0,3.4,4.7,990.94,94.09,120.92,55.47,66.83,17,12,110.53,11.64,86,100,8.5
SES0076,2024-11-28,U23,MD3,EX010,LargeGame_8v8_60x40_Possession,large_sided_game,aerobic_conditioning,Overcast,12.0,3.4,4.7,873.31,92.97,112.66,46.2,70.04,15,12,113.84,10.61,80,97,8.3
SES0076,2024-11-28,U23,MD3,EX037,Possession_4v4_2Neutral_25x20,possession_game,aerobic_conditioning,Overcast,12.0,3.4,4.7,578.65,68.52,33.49,9.15,54.6,17,17,79.07,8.84,88,91,6.7
SES0077,2024-11-30,U23,MD3,EX004,SSG_5v5_30x25_Transition,small_sided_game,mixed_conditioning,Light_Rain,10.5,4.3,5.8,689.71,95.7,68.63,30.03,69.96,16,26,106.07,11.47,91,99,7.5
SES0077,2024-11-30,U23,MD3,EX016,Accel_Sprint_10m_x8,sprint_drill,acceleration_development,Light_Rain,10.5,4.3,5.8,94.92,89.29,4.89,0.0,52.09,15,13,59.34,18.22,82,92,7.6
SES0077,2024-11-30,U23,MD3,EX017,Accel_Sprint_15m_x6,sprint_drill,acceleration_development,Light_Rain,10.5,4.3,5.8,109.15,97.09,10.76,9.72,74.45,13,12,55.87,17.04,81,97,7.2
SES0078,2024-12-02,U23,MD2,EX015,Flying_Sprint_20m,sprint_drill,speed_development,Overcast,13.0,4.1,6.6,183.45,131.19,49.88,38.08,92.84,4,4,41.19,14.23,71,93,5.6
SES0078,2024-12-02,U23,MD2,EX018,Transition_Sprint_40m,sprint_drill,speed_development,Overcast,13.0,4.1,6.6,380.17,182.1,85.29,87.9,87.69,6,7,67.55,11.3,74,93,6.9
SES0078,2024-12-02,U23,MD2,EX028,Possession_8v8_50x35_Neutral,possession_game,aerobic_conditioning,Overcast,13.0,4.1,6.6,667.7,73.69,73.86,28.0,59.27,14,11,81.46,9.68,80,84,6.1
SES0078,2024-12-02,U23,MD2,EX019,Finishing_4v3_25x20,finishing_drill,mixed_conditioning,Overcast,13.0,4.1,6.6,377.49,68.79,36.46,21.77,60.6,15,17,64.94,10.75,79,87,5.5
SES0078,2024-12-02,U23,MD2,EX035,Speed_Endurance_60m_x4,sprint_drill,speed_endurance,Overcast,13.0,4.1,6.6,419.83,163.39,204.9,278.24,87.15,7,5,79.71,13.03,86,95,8.6
SES0079,2024-12-04,B_Team,MD3,EX037,Possession_4v4_2Neutral_25x20,possession_game,aerobic_conditioning,Overcast,9.5,5.3,7.0,601.01,75.03,33.5,7.72,56.63,16,19,65.95,9.59,80,95,6.8
SES0079,2024-12-04,B_Team,MD3,EX029,Transition_5v5_35x30_Counter,transition_game,mixed_conditioning,Overcast,9.5,5.3,7.0,579.94,98.66,67.02,47.54,72.93,24,18,99.26,11.04,92,100,7.5
SES0079,2024-12-04,B_Team,MD3,EX010,LargeGame_8v8_60x40_Possession,large_sided_game,aerobic_conditioning,Overcast,9.5,5.3,7.0,1028.42,79.52,95.43,52.92,68.92,14,16,112.63,11.27,89,98,8.3
SES0079,2024-12-04,B_Team,MD3,EX004,SSG_5v5_30x25_Transition,small_sided_game,mixed_conditioning,Overcast,9.5,5.3,7.0,724.64,95.52,77.74,23.59,63.91,22,19,100.69,12.63,92,96,7.7
SES0079,2024-12-04,B_Team,MD3,EX003,SSG_5v5_30x25_Possession,small_sided_game,aerobic_conditioning,Overcast,9.5,5.3,7.0,799.72,107.79,87.38,30.96,72.36,19,23,103.73,11.75,91,100,8.5
SES0080,2024-12-06,U23,MD3,EX004,SSG_5v5_30x25_Transition,small_sided_game,mixed_conditioning,Clear,28.4,4.1,6.4,731.13,100.27,64.55,28.75,62.44,28,16,97.55,12.45,91,97,8.0
SES0080,2024-12-06,U23,MD3,EX036,Accel_Change_Direction_15m,sprint_drill,acceleration_development,Clear,28.4,4.1,6.4,138.1,110.87,12.24,4.65,66.84,14,16,69.99,16.02,83,93,7.9
SES0080,2024-12-06,U23,MD3,EX011,LargeGame_9v9_65x45_Transition,large_sided_game,aerobic_conditioning,Clear,28.4,4.1,6.4,833.23,103.3,98.55,63.63,77.27,15,17,101.61,12.01,85,94,7.4
SES0080,2024-12-06,U23,MD3,EX030,Transition_6v6_40x35_Wide,transition_game,mixed_conditioning,Clear,28.4,4.1,6.4,857.28,95.31,91.7,64.23,70.46,22,16,118.01,11.67,84,97,8.7
SES0080,2024-12-06,U23,MD3,EX012,LargeGame_10v10_70x50_Open,large_sided_game,aerobic_conditioning,Clear,28.4,4.1,6.4,906.42,99.9,128.81,70.51,71.73,14,14,114.46,11.23,78,95,7.8
SES0081,2024-12-08,Academy_U18,MD1,EX006,Rondo_4v2_10x10,rondo,technical_conditioning,Cloudy,15.5,3.2,8.5,225.24,33.31,3.26,0.0,21.73,5,5,20.99,3.74,50,55,2.5
SES0081,2024-12-08,Academy_U18,MD1,EX007,Rondo_6v2_15x15,rondo,technical_conditioning,Cloudy,15.5,3.2,8.5,164.85,37.23,2.67,0.0,19.77,7,3,21.56,3.57,50,59,2.3
SES0081,2024-12-08,Academy_U18,MD1,EX024,Activation_Positional_10v0,activation_drill,activation,Cloudy,15.5,3.2,8.5,538.69,34.66,8.47,0.0,17.2,4,4,17.66,3.1,50,55,1.7
SES0081,2024-12-08,Academy_U18,MD1,EX031,Shadow_Play_11v0_Shape,activation_drill,activation,Cloudy,15.5,3.2,8.5,371.59,35.06,5.97,0.0,15.0,4,4,19.78,3.6,50,55,1.6
SES0082,2024-12-10,Academy_U18,MD4,EX004,SSG_5v5_30x25_Transition,small_sided_game,mixed_conditioning,Light_Rain,16.2,4.0,4.6,790.29,120.55,75.54,31.75,78.23,32,22,106.79,13.9,97,100,8.8
SES0082,2024-12-10,Academy_U18,MD4,EX022,PressingGame_6v6_35x30_Mid,pressing_drill,high_intensity_conditioning,Light_Rain,16.2,4.0,4.6,635.71,107.21,69.9,22.51,68.84,42,29,121.6,15.19,96,100,8.5
SES0082,2024-12-10,Academy_U18,MD4,EX003,SSG_5v5_30x25_Possession,small_sided_game,aerobic_conditioning,Light_Rain,16.2,4.0,4.6,868.24,107.7,82.34,33.98,78.94,26,22,110.16,15.23,98,100,9.6
SES0082,2024-12-10,Academy_U18,MD4,EX021,PressingGame_5v5_30x25_High,pressing_drill,high_intensity_conditioning,Light_Rain,16.2,4.0,4.6,621.81,103.49,50.68,21.31,71.24,36,36,126.37,14.21,100,100,10.0
SES0082,2024-12-10,Academy_U18,MD4,EX002,SSG_4v4_25x20_Transition,small_sided_game,mixed_conditioning,Light_Rain,16.2,4.0,4.6,817.57,111.69,64.63,22.19,78.06,27,25,114.29,15.16,99,100,9.0
SES0083,2024-12-12,Academy_U18,MD4,EX005,SSG_6v6_35x30_Pressing,small_sided_game,high_intensity_conditioning,Overcast,13.5,3.4,7.2,864.76,120.37,77.39,41.36,83.33,29,24,129.34,14.71,100,100,9.3
SES0083,2024-12-12,Academy_U18,MD4,EX002,SSG_4v4_25x20_Transition,small_sided_game,mixed_conditioning,Overcast,13.5,3.4,7.2,598.78,121.46,72.48,37.55,77.89,23,24,109.68,14.66,100,100,8.6
SES0083,2024-12-12,Academy_U18,MD4,EX034,Hybrid_8v8_55x40_Pressing,large_sided_game,high_intensity_conditioning,Overcast,13.5,3.4,7.2,888.43,99.59,111.73,58.33,83.81,29,28,151.26,14.04,100,100,8.7
SES0083,2024-12-12,Academy_U18,MD4,EX022,PressingGame_6v6_35x30_Mid,pressing_drill,high_intensity_conditioning,Overcast,13.5,3.4,7.2,700.32,123.78,63.47,23.03,72.4,34,35,110.62,16.49,100,100,8.6
SES0083,2024-12-12,Academy_U18,MD4,EX004,SSG_5v5_30x25_Transition,small_sided_game,mixed_conditioning,Overcast,13.5,3.4,7.2,888.28,125.32,81.98,25.16,78.96,23,23,129.55,15.02,100,100,9.9
SES0083,2024-12-12,Academy_U18,MD4,EX038,PressingTrap_6v4_35x25,pressing_drill,high_intensity_conditioning,Overcast,13.5,3.4,7.2,695.42,96.24,73.04,23.85,79.56,31,21,128.48,15.31,99,100,10.0
SES0083,2024-12-12,Academy_U18,MD4,EX001,SSG_3v3_20x15_Pressing,small_sided_game,high_intensity_conditioning,Overcast,13.5,3.4,7.2,721.68,125.82,43.52,7.97,68.71,32,30,112.66,14.06,100,100,10.0
SES0084,2024-12-14,Academy_U18,MD2,EX019,Finishing_4v3_25x20,finishing_drill,mixed_conditioning,Overcast,12.6,2.6,3.5,418.71,66.47,26.85,15.22,60.06,12,13,65.21,10.62,75,90,5.0
SES0084,2024-12-14,Academy_U18,MD2,EX028,Possession_8v8_50x35_Neutral,possession_game,aerobic_conditioning,Overcast,12.6,2.6,3.5,727.2,64.78,64.64,27.47,63.8,12,13,76.43,8.94,76,85,6.5
SES0084,2024-12-14,Academy_U18,MD2,EX012,LargeGame_10v10_70x50_Open,large_sided_game,aerobic_conditioning,Overcast,12.6,2.6,3.5,853.24,87.26,106.12,64.51,72.45,13,16,94.92,10.48,81,84,7.2
SES0084,2024-12-14,Academy_U18,MD2,EX035,Speed_Endurance_60m_x4,sprint_drill,speed_endurance,Overcast,12.6,2.6,3.5,456.61,144.44,204.07,187.81,77.12,6,6,84.84,13.03,85,86,7.7
SES0084,2024-12-14,Academy_U18,MD2,EX014,Flying_Sprint_30m,sprint_drill,speed_development,Overcast,12.6,2.6,3.5,253.46,137.96,48.25,114.09,90.51,4,5,73.59,14.28,81,90,6.6
SES0085,2024-12-16,U23,MD1,EX032,Setpiece_Attack_Corners,finishing_drill,technical,Overcast,9.2,3.0,6.0,184.58,20.9,2.68,1.44,20.97,4,3,21.82,3.88,50,55,1.8
SES0085,2024-12-16,U23,MD1,EX006,Rondo_4v2_10x10,rondo,technical_conditioning,Overcast,9.2,3.0,6.0,178.21,29.83,2.97,0.0,20.75,6,6,19.58,3.64,50,55,2.3
SES0085,2024-12-16,U23,MD1,EX019,Finishing_4v3_25x20,finishing_drill,mixed_conditioning,Overcast,9.2,3.0,6.0,336.78,49.81,26.7,10.95,41.55,10,10,41.65,7.0,52,62,4.9
SES0086,2024-12-18,U23,MD3,EX030,Transition_6v6_40x35_Wide,transition_game,mixed_conditioning,Light_Rain,11.4,5.6,5.0,718.13,95.83,110.6,75.74,72.84,16,18,102.35,10.89,91,99,8.1
SES0086,2024-12-18,U23,MD3,EX017,Accel_Sprint_15m_x6,sprint_drill,acceleration_development,Light_Rain,11.4,5.6,5.0,107.8,102.95,13.99,7.63,74.58,14,12,60.28,16.99,85,94,6.8
SES0087,2024-12-20,Academy_U18,MD1,EX006,Rondo_4v2_10x10,rondo,technical_conditioning,Overcast,18.5,3.1,7.3,196.35,35.95,1.97,0.0,21.23,5,5,21.32,3.9,50,55,2.6
SES0087,2024-12-20,Academy_U18,MD1,EX024,Activation_Positional_10v0,activation_drill,activation,Overcast,18.5,3.1,7.3,488.07,33.58,6.38,0.0,18.87,3,3,19.28,3.31,50,55,1.9
SES0087,2024-12-20,Academy_U18,MD1,EX032,Setpiece_Attack_Corners,finishing_drill,technical,Overcast,18.5,3.1,7.3,231.72,21.8,2.86,1.38,22.67,4,4,17.31,3.26,50,55,1.9
SES0088,2024-12-22,First_Team,MD2,EX028,Possession_8v8_50x35_Neutral,possession_game,aerobic_conditioning,Overcast,19.7,4.3,4.9,669.27,75.74,75.35,28.27,55.62,10,10,69.69,10.07,77,88,5.0
SES0088,2024-12-22,First_Team,MD2,EX020,Finishing_5v4_30x25,finishing_drill,mixed_conditioning,Overcast,19.7,4.3,4.9,357.8,70.99,34.76,16.78,63.18,18,14,62.41,9.7,84,82,6.6
SES0088,2024-12-22,First_Team,MD2,EX014,Flying_Sprint_30m,sprint_drill,speed_development,Overcast,19.7,4.3,4.9,264.59,138.98,69.36,80.53,91.6,5,5,57.85,12.91,77,85,6.5
SES0088,2024-12-22,First_Team,MD2,EX015,Flying_Sprint_20m,sprint_drill,speed_development,Overcast,19.7,4.3,4.9,203.56,117.41,65.7,66.91,85.8,4,5,50.54,14.33,76,88,5.9
SES0089,2024-12-24,B_Team,MD4,EX021,PressingGame_5v5_30x25_High,pressing_drill,high_intensity_conditioning,Cloudy,12.9,1.9,9.0,743.34,118.3,61.05,24.01,69.35,47,30,119.19,14.92,100,100,8.9
SES0089,2024-12-24,B_Team,MD4,EX034,Hybrid_8v8_55x40_Pressing,large_sided_game,high_intensity_conditioning,Cloudy,12.9,1.9,9.0,1018.95,119.65,113.1,62.05,96.22,37,25,156.58,15.3,100,100,9.7
SES0089,2024-12-24,B_Team,MD4,EX002,SSG_4v4_25x20_Transition,small_sided_game,mixed_conditioning,Cloudy,12.9,1.9,9.0,802.74,130.9,92.48,20.67,80.32,31,24,130.94,15.01,100,100,8.5
SES0089,2024-12-24,B_Team,MD4,EX005,SSG_6v6_35x30_Pressing,small_sided_game,high_intensity_conditioning,Cloudy,12.9,1.9,9.0,778.68,129.87,80.64,30.25,78.38,26,28,120.41,13.03,100,100,9.7
SES0090,2024-12-26,First_Team,MD3,EX029,Transition_5v5_35x30_Counter,transition_game,mixed_conditioning,Cloudy,12.8,6.6,5.5,587.68,91.62,76.84,30.39,71.65,23,20,109.54,11.42,91,92,8.0
SES0090,2024-12-26,First_Team,MD3,EX027,Possession_6v6_40x30_Neutral,possession_game,aerobic_conditioning,Cloudy,12.8,6.6,5.5,560.52,63.63,34.41,11.1,52.54,19,16,66.76,7.78,78,87,7.7
SES0090,2024-12-26,First_Team,MD3,EX030,Transition_6v6_40x35_Wide,transition_game,mixed_conditioning,Cloudy,12.8,6.6,5.5,780.74,95.73,113.73,53.94,71.4,18,19,113.62,11.55,86,97,8.2
SES0090,2024-12-26,First_Team,MD3,EX036,Accel_Change_Direction_15m,sprint_drill,acceleration_development,Cloudy,12.8,6.6,5.5,119.3,111.62,8.59,4.1,60.9,20,16,62.85,17.01,83,98,6.8
SES0090,2024-12-26,First_Team,MD3,EX010,LargeGame_8v8_60x40_Possession,large_sided_game,aerobic_conditioning,Cloudy,12.8,6.6,5.5,780.65,96.23,89.75,56.45,71.7,16,16,105.17,10.39,84,94,7.7
SES0091,2024-12-28,First_Team,MD_plus1,EX026,Recovery_Walk_Jog_Circuit,recovery_drill,recovery,Light_Rain,17.9,7.9,4.0,360.42,20.53,2.91,0.0,15.0,2,2,13.77,2.53,50,55,1.6
SES0091,2024-12-28,First_Team,MD_plus1,EX024,Activation_Positional_10v0,activation_drill,activation,Light_Rain,17.9,7.9,4.0,408.49,26.89,5.6,0.0,15.0,4,3,16.83,2.49,50,55,1.5
SES0091,2024-12-28,First_Team,MD_plus1,EX033,SSG_4v4_20x15_Regen,small_sided_game,recovery,Light_Rain,17.9,7.9,4.0,582.97,30.19,7.29,0.0,15.16,3,3,21.48,3.42,50,55,1.6
SES0091,2024-12-28,First_Team,MD_plus1,EX023,Activation_Passing_8v0,activation_drill,activation,Light_Rain,17.9,7.9,4.0,197.05,22.41,0.95,0.0,15.0,2,3,10.34,1.97,50,55,1.2
SES0092,2024-12-30,U23,MD4,EX003,SSG_5v5_30x25_Possession,small_sided_game,aerobic_conditioning,Light_Rain,13.7,3.6,6.3,905.21,102.06,72.89,30.57,72.62,31,22,117.85,14.57,100,100,8.8
SES0092,2024-12-30,U23,MD4,EX004,SSG_5v5_30x25_Transition,small_sided_game,mixed_conditioning,Light_Rain,13.7,3.6,6.3,904.39,115.45,67.75,33.94,75.33,24,24,125.53,16.61,100,100,8.8
SES0092,2024-12-30,U23,MD4,EX034,Hybrid_8v8_55x40_Pressing,large_sided_game,high_intensity_conditioning,Light_Rain,13.7,3.6,6.3,794.21,109.26,102.01,44.03,79.56,30,27,137.77,14.52,100,100,8.3
SES0092,2024-12-30,U23,MD4,EX022,PressingGame_6v6_35x30_Mid,pressing_drill,high_intensity_conditioning,Light_Rain,13.7,3.6,6.3,795.97,113.62,62.99,20.13,86.22,31,31,128.29,15.49,100,100,10.0
SES0093,2025-01-01,U23,MD1,EX032,Setpiece_Attack_Corners,finishing_drill,technical,Overcast,18.0,2.4,6.7,252.57,19.21,4.15,1.46,22.36,4,3,18.81,3.73,50,55,1.9
SES0093,2025-01-01,U23,MD1,EX031,Shadow_Play_11v0_Shape,activation_drill,activation,Overcast,18.0,2.4,6.7,427.15,35.27,7.52,0.0,17.17,3,3,18.57,2.9,50,55,1.5
SES0093,2025-01-01,U23,MD1,EX007,Rondo_6v2_15x15,rondo,technical_conditioning,Overcast,18.0,2.4,6.7,234.92,36.28,2.53,0.0,20.37,6,4,23.15,3.39,50,57,2.8
SES0094,2025-01-03,B_Team,MD2,EX017,Accel_Sprint_15m_x6,sprint_drill,acceleration_development,Cloudy,17.5,7.1,4.6,107.19,97.83,8.84,5.92,60.13,11,9,56.63,16.06,75,88,6.8
SES0094,2025-01-03,B_Team,MD2,EX019,Finishing_4v3_25x20,finishing_drill,mixed_conditioning,Cloudy,17.5,7.1,4.6,346.88,71.12,29.71,19.13,64.96,16,11,55.86,10.26,74,86,6.5
SES0094,2025-01-03,B_Team,MD2,EX015,Flying_Sprint_20m,sprint_drill,speed_development,Cloudy,17.5,7.1,4.6,197.12,127.65,54.02,57.27,91.67,4,4,50.39,13.77,72,83,5.4
SES0094,2025-01-03,B_Team,MD2,EX018,Transition_Sprint_40m,sprint_drill,speed_development,Cloudy,17.5,7.1,4.6,316.66,176.33,82.29,105.1,78.4,6,5,65.6,12.33,79,89,6.1
SES0094,2025-01-03,B_Team,MD2,EX035,Speed_Endurance_60m_x4,sprint_drill,speed_endurance,Cloudy,17.5,7.1,4.6,508.99,150.58,171.58,203.75,76.39,6,6,71.81,11.09,80,91,8.8
SES0094,2025-01-03,B_Team,MD2,EX020,Finishing_5v4_30x25,finishing_drill,mixed_conditioning,Cloudy,17.5,7.1,4.6,362.49,62.66,30.13,14.55,58.12,16,12,62.35,8.01,73,84,7.0
SES0094,2025-01-03,B_Team,MD2,EX014,Flying_Sprint_30m,sprint_drill,speed_development,Cloudy,17.5,7.1,4.6,253.27,109.84,53.43,79.27,88.47,4,5,65.89,12.42,79,83,5.9
SES0095,2025-01-05,B_Team,MD4,EX002,SSG_4v4_25x20_Transition,small_sided_game,mixed_conditioning,Overcast,10.1,2.2,6.2,845.47,120.07,67.62,28.98,70.73,31,23,114.88,15.9,99,100,8.3
SES0095,2025-01-05,B_Team,MD4,EX022,PressingGame_6v6_35x30_Mid,pressing_drill,high_intensity_conditioning,Overcast,10.1,2.2,6.2,689.18,118.24,72.56,33.75,64.12,38,31,119.64,14.2,100,100,10.0
SES0095,2025-01-05,B_Team,MD4,EX003,SSG_5v5_30x25_Possession,small_sided_game,aerobic_conditioning,Overcast,10.1,2.2,6.2,838.63,130.86,61.25,23.52,67.56,24,24,120.54,14.28,98,100,9.6
SES0095,2025-01-05,B_Team,MD4,EX013,LargeGame_8v8_60x40_Pressing,large_sided_game,high_intensity_conditioning,Overcast,10.1,2.2,6.2,943.07,95.42,106.05,43.58,79.36,31,27,124.78,14.35,99,100,9.4
SES0095,2025-01-05,B_Team,MD4,EX038,PressingTrap_6v4_35x25,pressing_drill,high_intensity_conditioning,Overcast,10.1,2.2,6.2,763.22,110.54,60.93,20.99,78.02,33,36,121.69,12.58,100,100,9.8
SES0096,2025-01-07,B_Team,MD1,EX007,Rondo_6v2_15x15,rondo,technical_conditioning,Overcast,19.6,2.3,8.1,198.88,35.48,3.28,0.0,19.28,5,5,20.59,3.64,50,57,2.4
SES0096,2025-01-07,B_Team,MD1,EX032,Setpiece_Attack_Corners,finishing_drill,technical,Overcast,19.6,2.3,8.1,215.43,23.45,3.78,1.43,20.87,4,3,17.26,3.83,50,55,2.4
SES0096,2025-01-07,B_Team,MD1,EX031,Shadow_Play_11v0_Shape,activation_drill,activation,Overcast,19.6,2.3,8.1,519.82,30.58,6.77,0.0,19.89,3,4,22.47,3.08,50,55,1.8
SES0096,2025-01-07,B_Team,MD1,EX023,Activation_Passing_8v0,activation_drill,activation,Overcast,19.6,2.3,8.1,273.39,28.7,1.66,0.0,15.0,3,3,14.72,2.81,50,55,1.5
SES0096,2025-01-07,B_Team,MD1,EX006,Rondo_4v2_10x10,rondo,technical_conditioning,Overcast,19.6,2.3,8.1,195.32,32.74,2.82,0.0,19.99,6,5,23.56,4.17,50,56,2.5
SES0097,2025-01-09,First_Team,MD1,EX031,Shadow_Play_11v0_Shape,activation_drill,activation,Overcast,19.6,1.1,7.9,528.91,32.49,6.88,0.0,19.3,3,5,21.07,2.94,50,55,1.4
SES0097,2025-01-09,First_Team,MD1,EX008,Rondo_6v3_20x15,rondo,aerobic_conditioning,Overcast,19.6,1.1,7.9,291.29,38.17,6.25,0.0,21.35,7,7,25.32,3.19,50,58,2.8
SES0097,2025-01-09,First_Team,MD1,EX006,Rondo_4v2_10x10,rondo,technical_conditioning,Overcast,19.6,1.1,7.9,217.07,35.72,3.02,0.0,18.51,6,5,19.66,3.2,50,56,2.7
SES0097,2025-01-09,First_Team,MD1,EX023,Activation_Passing_8v0,activation_drill,activation,Overcast,19.6,1.1,7.9,261.17,25.99,1.33,0.0,15.0,3,3,16.05,2.74,50,55,1.4
SES0098,2025-01-11,B_Team,MD3,EX010,LargeGame_8v8_60x40_Possession,large_sided_game,aerobic_conditioning,Light_Rain,9.1,7.5,4.2,789.98,94.78,134.28,75.06,76.3,15,14,94.08,12.05,83,90,8.4
SES0098,2025-01-11,B_Team,MD3,EX003,SSG_5v5_30x25_Possession,small_sided_game,aerobic_conditioning,Light_Rain,9.1,7.5,4.2,630.58,101.54,62.62,27.2,63.93,18,20,107.01,11.62,89,91,7.7
SES0098,2025-01-11,B_Team,MD3,EX036,Accel_Change_Direction_15m,sprint_drill,acceleration_development,Light_Rain,9.1,7.5,4.2,121.13,114.28,9.92,4.39,65.2,16,16,63.59,16.78,77,90,6.8
SES0098,2025-01-11,B_Team,MD3,EX029,Transition_5v5_35x30_Counter,transition_game,mixed_conditioning,Light_Rain,9.1,7.5,4.2,585.12,78.38,62.64,40.71,63.52,22,24,106.81,12.29,85,96,7.1
SES0099,2025-01-13,First_Team,MD2,EX015,Flying_Sprint_20m,sprint_drill,speed_development,Overcast,18.9,3.9,2.7,212.51,121.1,54.0,53.34,89.73,4,3,48.19,13.69,75,87,6.0
SES0099,2025-01-13,First_Team,MD2,EX018,Transition_Sprint_40m,sprint_drill,speed_development,Overcast,18.9,3.9,2.7,323.57,160.86,106.0,109.53,83.21,6,6,72.02,12.64,80,93,7.7
SES0099,2025-01-13,First_Team,MD2,EX014,Flying_Sprint_30m,sprint_drill,speed_development,Overcast,18.9,3.9,2.7,263.48,125.97,47.97,77.18,84.17,4,5,59.1,11.2,74,89,7.6
SES0099,2025-01-13,First_Team,MD2,EX012,LargeGame_10v10_70x50_Open,large_sided_game,aerobic_conditioning,Overcast,18.9,3.9,2.7,832.49,85.91,116.34,48.73,68.67,14,15,103.89,10.03,75,89,8.5
SES0099,2025-01-13,First_Team,MD2,EX035,Speed_Endurance_60m_x4,sprint_drill,speed_endurance,Overcast,18.9,3.9,2.7,424.27,145.76,173.42,231.13,76.66,4,7,89.1,10.04,79,95,9.1
SES0099,2025-01-13,First_Team,MD2,EX017,Accel_Sprint_15m_x6,sprint_drill,acceleration_development,Overcast,18.9,3.9,2.7,121.44,92.17,11.33,7.31,67.75,10,8,58.5,14.88,78,83,6.5
SES0100,2025-01-15,First_Team,MD4,EX038,PressingTrap_6v4_35x25,pressing_drill,high_intensity_conditioning,Light_Rain,14.7,3.1,6.5,660.11,102.79,71.83,26.54,66.14,41,43,125.45,14.12,100,100,9.8
SES0100,2025-01-15,First_Team,MD4,EX003,SSG_5v5_30x25_Possession,small_sided_game,aerobic_conditioning,Light_Rain,14.7,3.1,6.5,846.73,130.25,81.27,27.38,72.96,25,21,119.49,13.41,97,100,8.8
SES0100,2025-01-15,First_Team,MD4,EX021,PressingGame_5v5_30x25_High,pressing_drill,high_intensity_conditioning,Light_Rain,14.7,3.1,6.5,611.61,112.93,66.1,17.15,75.27,31,40,130.23,14.4,100,100,10.0
SES0101,2025-01-17,First_Team,MD1,EX024,Activation_Positional_10v0,activation_drill,activation,Clear,31.3,3.5,6.7,446.77,30.96,4.78,0.0,17.18,3,4,19.03,2.79,50,55,1.8
SES0101,2025-01-17,First_Team,MD1,EX032,Setpiece_Attack_Corners,finishing_drill,technical,Clear,31.3,3.5,6.7,194.72,20.89,3.25,1.47,17.93,4,4,15.84,3.21,50,55,1.5
SES0101,2025-01-17,First_Team,MD1,EX007,Rondo_6v2_15x15,rondo,technical_conditioning,Clear,31.3,3.5,6.7,185.06,32.02,2.68,0.0,18.95,6,5,19.32,3.3,50,55,2.2
SES0101,2025-01-17,First_Team,MD1,EX023,Activation_Passing_8v0,activation_drill,activation,Clear,31.3,3.5,6.7,258.76,26.25,1.16,0.0,15.0,2,3,13.08,2.74,50,55,1.3
SES0102,2025-01-19,First_Team,MD1,EX008,Rondo_6v3_20x15,rondo,aerobic_conditioning,Clear,33.7,2.3,8.7,239.87,32.34,6.03,0.0,21.63,8,6,27.61,3.54,50,56,2.6
SES0102,2025-01-19,First_Team,MD1,EX032,Setpiece_Attack_Corners,finishing_drill,technical,Clear,33.7,2.3,8.7,221.09,20.81,3.59,1.03,23.3,4,4,16.27,3.57,50,55,1.9
SES0102,2025-01-19,First_Team,MD1,EX024,Activation_Positional_10v0,activation_drill,activation,Clear,33.7,2.3,8.7,489.64,34.39,5.77,0.0,17.92,4,3,20.46,3.11,50,55,1.8
SES0102,2025-01-19,First_Team,MD1,EX006,Rondo_4v2_10x10,rondo,technical_conditioning,Clear,33.7,2.3,8.7,166.76,27.04,2.91,0.0,19.2,6,7,20.5,3.63,50,55,2.4
SES0103,2025-01-21,B_Team,MD_plus2,EX008,Rondo_6v3_20x15,rondo,aerobic_conditioning,Clear,33.2,6.1,6.2,246.0,29.12,5.27,0.0,21.91,8,7,26.85,3.56,50,57,2.4
SES0103,2025-01-21,B_Team,MD_plus2,EX025,Recovery_Game_5v5_40x35,recovery_drill,recovery,Clear,33.2,6.1,6.2,564.25,33.58,10.03,0.0,21.16,4,4,23.14,3.31,50,55,2.1
SES0103,2025-01-21,B_Team,MD_plus2,EX026,Recovery_Walk_Jog_Circuit,recovery_drill,recovery,Clear,33.2,6.1,6.2,467.66,27.31,3.41,0.0,16.03,2,2,14.71,3.25,50,55,1.8
SES0103,2025-01-21,B_Team,MD_plus2,EX028,Possession_8v8_50x35_Neutral,possession_game,aerobic_conditioning,Clear,33.2,6.1,6.2,446.07,44.76,31.71,23.23,41.64,13,8,52.74,6.3,56,62,5.0
SES0103,2025-01-21,B_Team,MD_plus2,EX023,Activation_Passing_8v0,activation_drill,activation,Clear,33.2,6.1,6.2,240.6,23.83,1.04,0.0,15.0,3,3,15.27,3.05,50,55,1.3
SES0103,2025-01-21,B_Team,MD_plus2,EX033,SSG_4v4_20x15_Regen,small_sided_game,recovery,Clear,33.2,6.1,6.2,525.46,35.11,9.4,0.0,20.35,4,4,25.0,3.54,50,55,1.8
SES0104,2025-01-23,First_Team,MD_plus1,EX023,Activation_Passing_8v0,activation_drill,activation,Cloudy,17.0,7.9,2.0,167.58,23.47,1.23,0.0,15.0,3,2,10.5,1.84,50,55,1.2
SES0104,2025-01-23,First_Team,MD_plus1,EX025,Recovery_Game_5v5_40x35,recovery_drill,recovery,Cloudy,17.0,7.9,2.0,393.51,26.65,8.97,0.0,15.29,4,3,21.42,3.08,50,55,1.9
SES0104,2025-01-23,First_Team,MD_plus1,EX033,SSG_4v4_20x15_Regen,small_sided_game,recovery,Cloudy,17.0,7.9,2.0,413.98,29.02,8.23,0.0,18.58,3,3,19.56,3.41,50,55,1.5
SES0105,2025-01-25,First_Team,MD1,EX006,Rondo_4v2_10x10,rondo,technical_conditioning,Light_Rain,16.0,4.3,4.8,172.24,34.9,2.79,0.0,19.21,4,4,21.58,3.46,50,55,2.2
SES0105,2025-01-25,First_Team,MD1,EX032,Setpiece_Attack_Corners,finishing_drill,technical,Light_Rain,16.0,4.3,4.8,190.12,20.63,2.31,1.73,21.02,5,3,18.77,4.02,50,55,1.9
SES0105,2025-01-25,First_Team,MD1,EX008,Rondo_6v3_20x15,rondo,aerobic_conditioning,Light_Rain,16.0,4.3,4.8,205.72,35.31,6.1,0.0,23.37,5,5,26.22,3.76,50,56,2.7
SES0105,2025-01-25,First_Team,MD1,EX031,Shadow_Play_11v0_Shape,activation_drill,activation,Light_Rain,16.0,4.3,4.8,514.76,31.81,7.4,0.0,19.17,3,4,19.17,2.73,50,55,1.8
SES0105,2025-01-25,First_Team,MD1,EX024,Activation_Positional_10v0,activation_drill,activation,Light_Rain,16.0,4.3,4.8,530.49,32.84,6.26,0.0,17.07,4,3,19.8,2.91,50,55,1.8
SES0106,2025-01-27,B_Team,MD_plus1,EX033,SSG_4v4_20x15_Regen,small_sided_game,recovery,Overcast,14.3,8.0,1.8,529.01,30.54,10.28,0.0,16.02,3,3,19.01,3.22,50,55,1.8
SES0106,2025-01-27,B_Team,MD_plus1,EX026,Recovery_Walk_Jog_Circuit,recovery_drill,recovery,Overcast,14.3,8.0,1.8,362.6,22.7,3.26,0.0,15.0,1,1,13.31,2.18,50,55,1.5
SES0106,2025-01-27,B_Team,MD_plus1,EX025,Recovery_Game_5v5_40x35,recovery_drill,recovery,Overcast,14.3,8.0,1.8,435.64,26.42,9.75,0.0,16.76,4,3,21.34,3.2,50,55,1.7
SES0106,2025-01-27,B_Team,MD_plus1,EX024,Activation_Positional_10v0,activation_drill,activation,Overcast,14.3,8.0,1.8,387.33,28.13,5.8,0.0,16.12,3,3,15.85,2.74,50,55,1.3
SES0107,2025-01-29,B_Team,MD3,EX027,Possession_6v6_40x30_Neutral,possession_game,aerobic_conditioning,Clear,19.0,3.4,5.0,523.46,63.33,31.34,9.42,48.33,20,18,77.96,10.22,89,92,6.8
SES0107,2025-01-29,B_Team,MD3,EX012,LargeGame_10v10_70x50_Open,large_sided_game,aerobic_conditioning,Clear,19.0,3.4,5.0,896.32,93.13,138.24,48.72,70.65,19,17,110.51,11.61,87,100,7.8
SES0107,2025-01-29,B_Team,MD3,EX030,Transition_6v6_40x35_Wide,transition_game,mixed_conditioning,Clear,19.0,3.4,5.0,881.55,118.93,112.13,67.79,79.89,18,23,113.36,11.34,85,100,8.9
SES0107,2025-01-29,B_Team,MD3,EX036,Accel_Change_Direction_15m,sprint_drill,acceleration_development,Clear,19.0,3.4,5.0,128.49,118.41,8.16,4.26,65.89,19,15,65.02,16.33,78,99,8.6
SES0107,2025-01-29,B_Team,MD3,EX003,SSG_5v5_30x25_Possession,small_sided_game,aerobic_conditioning,Clear,19.0,3.4,5.0,745.16,112.31,68.52,25.47,65.91,22,17,105.66,12.17,93,99,7.9
SES0108,2025-01-31,First_Team,MD_plus1,EX033,SSG_4v4_20x15_Regen,small_sided_game,recovery,Light_Rain,14.2,6.6,3.1,414.59,30.8,8.95,0.0,16.72,4,2,20.78,2.95,50,55,1.6
SES0108,2025-01-31,First_Team,MD_plus1,EX026,Recovery_Walk_Jog_Circuit,recovery_drill,recovery,Light_Rain,14.2,6.6,3.1,363.27,21.93,3.31,0.0,15.0,2,2,13.25,2.59,50,55,1.4
SES0109,2025-02-02,U23,MD1,EX032,Setpiece_Attack_Corners,finishing_drill,technical,Cloudy,15.2,3.4,7.2,216.34,23.51,3.15,1.68,23.14,4,3,18.12,3.38,50,55,1.8
SES0109,2025-02-02,U23,MD1,EX008,Rondo_6v3_20x15,rondo,aerobic_conditioning,Cloudy,15.2,3.4,7.2,222.14,38.09,5.21,0.0,23.95,7,6,26.86,4.11,50,56,2.7
SES0109,2025-02-02,U23,MD1,EX031,Shadow_Play_11v0_Shape,activation_drill,activation,Cloudy,15.2,3.4,7.2,478.84,29.82,7.33,0.0,16.76,3,3,20.97,3.3,50,55,1.8
SES0110,2025-02-04,B_Team,MD3,EX004,SSG_5v5_30x25_Transition,small_sided_game,mixed_conditioning,Light_Rain,11.7,3.4,5.7,648.04,93.13,82.81,23.53,72.43,23,20,107.98,11.44,91,98,7.1
SES0110,2025-02-04,B_Team,MD3,EX036,Accel_Change_Direction_15m,sprint_drill,acceleration_development,Light_Rain,11.7,3.4,5.7,139.74,112.64,10.2,3.37,70.86,17,19,71.24,15.28,90,96,7.0
SES0110,2025-02-04,B_Team,MD3,EX003,SSG_5v5_30x25_Possession,small_sided_game,aerobic_conditioning,Light_Rain,11.7,3.4,5.7,757.67,112.85,67.59,31.42,72.22,20,19,112.32,9.64,90,95,7.8
SES0110,2025-02-04,B_Team,MD3,EX017,Accel_Sprint_15m_x6,sprint_drill,acceleration_development,Light_Rain,11.7,3.4,5.7,121.82,101.71,11.55,6.88,80.7,15,9,68.17,16.16,83,95,6.8
SES0110,2025-02-04,B_Team,MD3,EX030,Transition_6v6_40x35_Wide,transition_game,mixed_conditioning,Light_Rain,11.7,3.4,5.7,885.79,102.09,97.37,53.66,73.06,15,18,101.89,11.44,94,100,8.2
SES0111,2025-02-06,First_Team,MD3,EX012,LargeGame_10v10_70x50_Open,large_sided_game,aerobic_conditioning,Light_Rain,14.7,4.9,7.8,921.65,85.49,122.47,71.71,73.09,17,15,114.36,8.87,87,100,7.4
SES0111,2025-02-06,First_Team,MD3,EX036,Accel_Change_Direction_15m,sprint_drill,acceleration_development,Light_Rain,14.7,4.9,7.8,137.82,109.93,11.08,4.07,61.73,18,19,70.29,18.65,86,99,6.3
SES0111,2025-02-06,First_Team,MD3,EX037,Possession_4v4_2Neutral_25x20,possession_game,aerobic_conditioning,Light_Rain,14.7,4.9,7.8,632.93,68.89,30.07,12.0,55.86,18,12,82.08,8.47,80,94,7.8
SES0111,2025-02-06,First_Team,MD3,EX003,SSG_5v5_30x25_Possession,small_sided_game,aerobic_conditioning,Light_Rain,14.7,4.9,7.8,790.04,104.35,71.55,23.85,69.16,23,24,113.68,12.94,90,100,8.2
SES0111,2025-02-06,First_Team,MD3,EX010,LargeGame_8v8_60x40_Possession,large_sided_game,aerobic_conditioning,Light_Rain,14.7,4.9,7.8,857.2,92.29,117.44,72.53,75.14,14,16,117.12,11.24,91,100,7.4
SES0112,2025-02-08,B_Team,MD4,EX021,PressingGame_5v5_30x25_High,pressing_drill,high_intensity_conditioning,Cloudy,11.9,3.4,5.3,767.54,109.91,62.21,28.91,74.79,37,28,129.6,13.55,99,100,9.0
SES0112,2025-02-08,B_Team,MD4,EX038,PressingTrap_6v4_35x25,pressing_drill,high_intensity_conditioning,Cloudy,11.9,3.4,5.3,665.46,101.05,73.03,27.64,64.1,39,30,131.35,14.55,100,100,10.0
SES0112,2025-02-08,B_Team,MD4,EX005,SSG_6v6_35x30_Pressing,small_sided_game,high_intensity_conditioning,Cloudy,11.9,3.4,5.3,728.07,122.05,87.83,32.62,86.71,24,26,116.08,15.18,100,100,10.0
SES0112,2025-02-08,B_Team,MD4,EX022,PressingGame_6v6_35x30_Mid,pressing_drill,high_intensity_conditioning,Cloudy,11.9,3.4,5.3,648.97,101.27,59.73,25.73,78.65,36,38,109.57,14.11,100,100,9.7
SES0112,2025-02-08,B_Team,MD4,EX001,SSG_3v3_20x15_Pressing,small_sided_game,high_intensity_conditioning,Cloudy,11.9,3.4,5.3,770.97,113.42,47.74,11.62,64.13,32,30,109.75,13.5,100,100,10.0
SES0112,2025-02-08,B_Team,MD4,EX004,SSG_5v5_30x25_Transition,small_sided_game,mixed_conditioning,Cloudy,11.9,3.4,5.3,733.24,111.16,105.71,24.41,69.91,28,18,114.87,16.19,96,100,7.8
SES0113,2025-02-10,Academy_U18,MD1,EX024,Activation_Positional_10v0,activation_drill,activation,Clear,27.7,4.4,8.3,517.45,35.92,8.71,0.0,15.01,3,3,19.09,3.09,50,55,1.7
SES0113,2025-02-10,Academy_U18,MD1,EX006,Rondo_4v2_10x10,rondo,technical_conditioning,Clear,27.7,4.4,8.3,214.27,33.55,2.81,0.0,19.58,7,4,20.03,3.45,50,56,2.4
SES0113,2025-02-10,Academy_U18,MD1,EX007,Rondo_6v2_15x15,rondo,technical_conditioning,Clear,27.7,4.4,8.3,170.03,34.66,3.08,0.0,19.49,5,4,19.38,3.71,50,55,2.6
SES0113,2025-02-10,Academy_U18,MD1,EX031,Shadow_Play_11v0_Shape,activation_drill,activation,Clear,27.7,4.4,8.3,424.57,33.49,6.17,0.0,17.94,4,4,19.37,3.21,50,55,1.8
SES0114,2025-02-12,B_Team,MD4,EX022,PressingGame_6v6_35x30_Mid,pressing_drill,high_intensity_conditioning,Cloudy,20.4,3.9,4.3,689.92,105.3,51.95,28.47,73.51,34,28,112.98,15.9,100,100,9.9
SES0114,2025-02-12,B_Team,MD4,EX021,PressingGame_5v5_30x25_High,pressing_drill,high_intensity_conditioning,Cloudy,20.4,3.9,4.3,619.04,122.18,75.34,21.31,68.71,24,27,107.97,14.55,100,100,9.2
SES0114,2025-02-12,B_Team,MD4,EX002,SSG_4v4_25x20_Transition,small_sided_game,mixed_conditioning,Cloudy,20.4,3.9,4.3,842.87,119.43,54.95,28.2,68.65,28,25,106.9,12.76,98,100,9.3
SES0114,2025-02-12,B_Team,MD4,EX034,Hybrid_8v8_55x40_Pressing,large_sided_game,high_intensity_conditioning,Cloudy,20.4,3.9,4.3,831.35,113.15,82.84,46.69,71.24,24,22,139.27,13.05,100,100,8.0
SES0114,2025-02-12,B_Team,MD4,EX001,SSG_3v3_20x15_Pressing,small_sided_game,high_intensity_conditioning,Cloudy,20.4,3.9,4.3,703.25,120.0,38.28,13.01,63.39,30,32,103.61,13.28,100,100,7.0
SES0114,2025-02-12,B_Team,MD4,EX038,PressingTrap_6v4_35x25,pressing_drill,high_intensity_conditioning,Cloudy,20.4,3.9,4.3,558.0,115.33,72.54,19.68,70.36,36,35,101.31,13.38,100,100,10.0
SES0115,2025-02-14,First_Team,MD4,EX005,SSG_6v6_35x30_Pressing,small_sided_game,high_intensity_conditioning,Overcast,12.1,3.8,4.8,908.27,116.84,65.81,33.44,78.38,22,24,125.22,14.98,100,100,10.0
SES0115,2025-02-14,First_Team,MD4,EX034,Hybrid_8v8_55x40_Pressing,large_sided_game,high_intensity_conditioning,Overcast,12.1,3.8,4.8,764.68,109.96,79.66,61.08,77.64,32,27,117.17,15.5,100,100,8.6
SES0115,2025-02-14,First_Team,MD4,EX038,PressingTrap_6v4_35x25,pressing_drill,high_intensity_conditioning,Overcast,12.1,3.8,4.8,654.08,112.46,57.5,29.47,72.52,24,34,118.37,14.41,100,100,10.0
SES0115,2025-02-14,First_Team,MD4,EX022,PressingGame_6v6_35x30_Mid,pressing_drill,high_intensity_conditioning,Overcast,12.1,3.8,4.8,689.74,108.68,63.41,23.27,68.44,37,34,136.77,15.95,100,100,8.6
SES0115,2025-02-14,First_Team,MD4,EX001,SSG_3v3_20x15_Pressing,small_sided_game,high_intensity_conditioning,Overcast,12.1,3.8,4.8,764.02,111.77,39.74,12.12,56.47,26,30,110.89,12.94,96,100,9.6
SES0115,2025-02-14,First_Team,MD4,EX002,SSG_4v4_25x20_Transition,small_sided_game,mixed_conditioning,Overcast,12.1,3.8,4.8,854.27,115.83,87.59,30.83,72.0,25,19,114.96,14.9,100,100,8.8
SES0116,2025-02-16,U23,MD2,EX018,Transition_Sprint_40m,sprint_drill,speed_development,Light_Rain,12.4,5.8,5.8,332.64,174.9,114.89,101.51,84.9,8,7,61.32,15.06,78,91,8.0
SES0116,2025-02-16,U23,MD2,EX019,Finishing_4v3_25x20,finishing_drill,mixed_conditioning,Light_Rain,12.4,5.8,5.8,378.05,61.96,34.51,12.22,59.89,16,14,54.26,10.74,76,91,6.0
SES0116,2025-02-16,U23,MD2,EX015,Flying_Sprint_20m,sprint_drill,speed_development,Light_Rain,12.4,5.8,5.8,175.37,130.98,55.41,50.23,97.41,4,3,52.67,13.71,74,83,7.3
SES0116,2025-02-16,U23,MD2,EX035,Speed_Endurance_60m_x4,sprint_drill,speed_endurance,Light_Rain,12.4,5.8,5.8,420.88,152.99,193.31,223.64,80.65,5,5,86.99,11.15,84,94,8.9
SES0116,2025-02-16,U23,MD2,EX014,Flying_Sprint_30m,sprint_drill,speed_development,Light_Rain,12.4,5.8,5.8,237.21,153.82,84.37,80.92,93.34,5,4,60.78,10.8,79,90,6.6
SES0116,2025-02-16,U23,MD2,EX020,Finishing_5v4_30x25,finishing_drill,mixed_conditioning,Light_Rain,12.4,5.8,5.8,376.4,57.1,35.07,21.13,58.78,16,12,64.16,9.22,74,86,6.0
SES0117,2025-02-18,Academy_U18,MD3,EX012,LargeGame_10v10_70x50_Open,large_sided_game,aerobic_conditioning,Light_Rain,8.5,5.4,3.9,899.21,83.31,138.06,51.95,69.31,14,18,115.19,9.74,87,94,7.7
SES0117,2025-02-18,Academy_U18,MD3,EX029,Transition_5v5_35x30_Counter,transition_game,mixed_conditioning,Light_Rain,8.5,5.4,3.9,631.65,87.42,73.52,36.62,77.85,19,24,99.39,11.3,88,92,8.5
SES0117,2025-02-18,Academy_U18,MD3,EX003,SSG_5v5_30x25_Possession,small_sided_game,aerobic_conditioning,Light_Rain,8.5,5.4,3.9,530.94,95.23,56.75,20.04,64.35,23,22,102.22,11.2,89,96,8.6
SES0117,2025-02-18,Academy_U18,MD3,EX011,LargeGame_9v9_65x45_Transition,large_sided_game,aerobic_conditioning,Light_Rain,8.5,5.4,3.9,965.69,90.45,96.46,53.89,69.82,15,16,116.63,10.49,83,94,7.1
SES0117,2025-02-18,Academy_U18,MD3,EX010,LargeGame_8v8_60x40_Possession,large_sided_game,aerobic_conditioning,Light_Rain,8.5,5.4,3.9,827.41,79.17,99.58,64.73,69.16,16,16,114.91,9.62,87,96,6.7
SES0118,2025-02-20,First_Team,MD2,EX014,Flying_Sprint_30m,sprint_drill,speed_development,Light_Rain,11.3,3.7,7.4,221.48,124.83,76.32,68.39,88.68,4,6,62.76,15.03,86,97,7.1
SES0118,2025-02-20,First_Team,MD2,EX020,Finishing_5v4_30x25,finishing_drill,mixed_conditioning,Light_Rain,11.3,3.7,7.4,341.8,71.43,39.67,17.56,69.88,17,16,69.83,10.15,71,90,7.2
SES0118,2025-02-20,First_Team,MD2,EX015,Flying_Sprint_20m,sprint_drill,speed_development,Light_Rain,11.3,3.7,7.4,183.33,131.36,50.63,82.59,100.0,4,4,46.73,15.56,81,93,6.6
SES0118,2025-02-20,First_Team,MD2,EX018,Transition_Sprint_40m,sprint_drill,speed_development,Light_Rain,11.3,3.7,7.4,437.37,160.54,75.18,101.89,78.8,6,6,65.92,12.33,84,92,7.3
SES0118,2025-02-20,First_Team,MD2,EX035,Speed_Endurance_60m_x4,sprint_drill,speed_endurance,Light_Rain,11.3,3.7,7.4,534.01,149.67,171.34,230.19,74.23,4,6,92.46,14.4,87,98,8.2
SES0119,2025-02-22,B_Team,MD_plus1,EX026,Recovery_Walk_Jog_Circuit,recovery_drill,recovery,Clear,25.0,7.8,5.0,363.99,26.89,3.04,0.0,15.0,2,2,12.03,2.23,50,55,1.6
SES0119,2025-02-22,B_Team,MD_plus1,EX025,Recovery_Game_5v5_40x35,recovery_drill,recovery,Clear,25.0,7.8,5.0,481.55,32.79,8.57,0.0,17.56,4,3,21.59,3.11,50,55,1.6
SES0120,2025-02-24,Academy_U18,MD3,EX012,LargeGame_10v10_70x50_Open,large_sided_game,aerobic_conditioning,Overcast,11.5,5.7,5.4,990.05,87.77,108.89,74.79,80.1,19,15,123.06,9.88,81,88,8.9
SES0120,2025-02-24,Academy_U18,MD3,EX037,Possession_4v4_2Neutral_25x20,possession_game,aerobic_conditioning,Overcast,11.5,5.7,5.4,516.6,68.64,26.66,9.05,51.77,15,17,63.12,8.55,74,88,6.7
SES0120,2025-02-24,Academy_U18,MD3,EX004,SSG_5v5_30x25_Transition,small_sided_game,mixed_conditioning,Overcast,11.5,5.7,5.4,586.88,91.29,66.18,23.25,74.11,27,18,106.39,12.74,86,92,7.9
SES0120,2025-02-24,Academy_U18,MD3,EX027,Possession_6v6_40x30_Neutral,possession_game,aerobic_conditioning,Overcast,11.5,5.7,5.4,551.44,67.14,32.45,7.17,49.3,19,17,64.58,9.85,75,90,6.4
SES0121,2025-02-26,B_Team,MD_plus1,EX033,SSG_4v4_20x15_Regen,small_sided_game,recovery,Clear,21.9,6.9,2.3,421.3,35.39,9.08,0.0,17.6,4,3,18.17,2.95,50,55,1.7
SES0121,2025-02-26,B_Team,MD_plus1,EX026,Recovery_Walk_Jog_Circuit,recovery_drill,recovery,Clear,21.9,6.9,2.3,394.33,23.05,2.73,0.0,15.0,2,2,16.46,2.44,50,55,1.6
SES0121,2025-02-26,B_Team,MD_plus1,EX025,Recovery_Game_5v5_40x35,recovery_drill,recovery,Clear,21.9,6.9,2.3,423.14,29.11,6.97,0.0,17.79,3,3,17.81,2.91,50,55,1.7
SES0122,2025-02-28,First_Team,MD1,EX019,Finishing_4v3_25x20,finishing_drill,mixed_conditioning,Light_Rain,11.5,1.9,7.2,281.35,49.52,25.73,11.22,41.82,14,10,46.24,7.75,65,63,4.9
SES0122,2025-02-28,First_Team,MD1,EX024,Activation_Positional_10v0,activation_drill,activation,Light_Rain,11.5,1.9,7.2,469.89,32.42,6.45,0.0,17.88,3,4,20.16,3.34,50,55,1.8
SES0122,2025-02-28,First_Team,MD1,EX006,Rondo_4v2_10x10,rondo,technical_conditioning,Light_Rain,11.5,1.9,7.2,179.71,32.85,2.52,0.0,17.53,7,5,23.51,3.89,50,55,3.2
SES0122,2025-02-28,First_Team,MD1,EX007,Rondo_6v2_15x15,rondo,technical_conditioning,Light_Rain,11.5,1.9,7.2,232.37,33.62,2.97,0.0,20.59,5,4,19.23,3.59,50,56,2.2
SES0123,2025-03-02,First_Team,MD2,EX028,Possession_8v8_50x35_Neutral,possession_game,aerobic_conditioning,Clear,20.8,3.7,7.0,707.8,75.2,68.26,36.35,59.32,13,11,77.91,10.07,83,92,5.5
SES0123,2025-03-02,First_Team,MD2,EX035,Speed_Endurance_60m_x4,sprint_drill,speed_endurance,Clear,20.8,3.7,7.0,539.92,137.17,199.37,203.72,87.16,5,7,78.17,11.64,82,90,8.4
SES0123,2025-03-02,First_Team,MD2,EX018,Transition_Sprint_40m,sprint_drill,speed_development,Clear,20.8,3.7,7.0,400.35,204.33,99.73,127.57,87.79,7,7,71.95,13.85,80,93,7.3
SES0123,2025-03-02,First_Team,MD2,EX012,LargeGame_10v10_70x50_Open,large_sided_game,aerobic_conditioning,Clear,20.8,3.7,7.0,951.39,81.94,107.45,77.09,75.79,18,15,111.01,11.16,87,86,6.4
SES0124,2025-03-04,B_Team,MD1,EX006,Rondo_4v2_10x10,rondo,technical_conditioning,Light_Rain,9.5,4.8,6.7,172.66,31.4,2.23,0.0,19.44,6,5,22.46,3.74,50,55,2.4
SES0124,2025-03-04,B_Team,MD1,EX023,Activation_Passing_8v0,activation_drill,activation,Light_Rain,9.5,4.8,6.7,282.42,25.44,1.39,0.0,15.0,2,3,13.64,2.94,50,55,1.6
SES0124,2025-03-04,B_Team,MD1,EX007,Rondo_6v2_15x15,rondo,technical_conditioning,Light_Rain,9.5,4.8,6.7,218.21,35.97,2.89,0.0,20.48,6,5,21.53,3.47,50,56,2.4
SES0125,2025-03-06,U23,MD4,EX005,SSG_6v6_35x30_Pressing,small_sided_game,high_intensity_conditioning,Overcast,8.5,6.0,4.5,795.25,122.29,77.75,29.73,68.65,21,24,100.91,12.8,100,100,10.0
SES0125,2025-03-06,U23,MD4,EX004,SSG_5v5_30x25_Transition,small_sided_game,mixed_conditioning,Overcast,8.5,6.0,4.5,880.27,100.81,64.02,17.96,70.17,27,22,117.45,11.74,100,100,8.8
SES0125,2025-03-06,U23,MD4,EX034,Hybrid_8v8_55x40_Pressing,large_sided_game,high_intensity_conditioning,Overcast,8.5,6.0,4.5,831.23,94.94,80.74,58.87,78.87,31,26,128.32,11.72,99,100,10.0
SES0125,2025-03-06,U23,MD4,EX003,SSG_5v5_30x25_Possession,small_sided_game,aerobic_conditioning,Overcast,8.5,6.0,4.5,841.95,125.45,79.79,25.1,74.15,26,20,109.79,13.15,100,100,9.9
SES0125,2025-03-06,U23,MD4,EX001,SSG_3v3_20x15_Pressing,small_sided_game,high_intensity_conditioning,Overcast,8.5,6.0,4.5,643.09,102.4,52.79,12.65,70.64,35,37,112.42,12.86,100,100,8.4
SES0126,2025-03-08,Academy_U18,MD3,EX017,Accel_Sprint_15m_x6,sprint_drill,acceleration_development,Clear,25.2,4.3,5.1,124.85,89.2,12.42,9.36,67.88,15,8,65.28,17.33,76,100,7.2
SES0126,2025-03-08,Academy_U18,MD3,EX030,Transition_6v6_40x35_Wide,transition_game,mixed_conditioning,Clear,25.2,4.3,5.1,738.26,89.86,99.6,65.44,76.51,18,19,107.54,9.73,87,91,8.4
SES0126,2025-03-08,Academy_U18,MD3,EX011,LargeGame_9v9_65x45_Transition,large_sided_game,aerobic_conditioning,Clear,25.2,4.3,5.1,843.37,93.55,133.84,52.3,78.7,16,19,109.74,10.06,88,94,7.1
SES0127,2025-03-10,Academy_U18,MD3,EX017,Accel_Sprint_15m_x6,sprint_drill,acceleration_development,Clear,25.2,4.5,5.4,102.03,103.11,13.43,8.49,75.51,12,10,62.54,16.6,80,95,6.7
SES0127,2025-03-10,Academy_U18,MD3,EX037,Possession_4v4_2Neutral_25x20,possession_game,aerobic_conditioning,Clear,25.2,4.5,5.4,535.07,67.42,36.74,3.99,54.8,19,13,73.85,9.62,83,85,7.6
SES0127,2025-03-10,Academy_U18,MD3,EX003,SSG_5v5_30x25_Possession,small_sided_game,aerobic_conditioning,Clear,25.2,4.5,5.4,672.79,107.9,73.86,22.13,69.57,22,15,112.57,11.39,86,97,8.2
SES0127,2025-03-10,Academy_U18,MD3,EX030,Transition_6v6_40x35_Wide,transition_game,mixed_conditioning,Clear,25.2,4.5,5.4,798.86,103.69,83.64,58.97,75.65,23,17,120.84,11.57,86,97,8.0
SES0128,2025-03-12,First_Team,MD4,EX038,PressingTrap_6v4_35x25,pressing_drill,high_intensity_conditioning,Light_Rain,11.9,4.6,8.1,768.38,107.14,62.01,21.16,75.61,34,36,116.32,15.01,100,100,10.0
SES0128,2025-03-12,First_Team,MD4,EX034,Hybrid_8v8_55x40_Pressing,large_sided_game,high_intensity_conditioning,Light_Rain,11.9,4.6,8.1,863.15,94.51,103.99,54.15,80.99,32,29,137.25,14.88,100,100,8.2
SES0128,2025-03-12,First_Team,MD4,EX001,SSG_3v3_20x15_Pressing,small_sided_game,high_intensity_conditioning,Light_Rain,11.9,4.6,8.1,751.42,120.24,53.33,10.35,62.16,34,32,127.26,12.37,100,100,9.2
SES0128,2025-03-12,First_Team,MD4,EX005,SSG_6v6_35x30_Pressing,small_sided_game,high_intensity_conditioning,Light_Rain,11.9,4.6,8.1,740.5,116.28,77.95,32.62,75.04,31,21,103.04,15.37,95,100,10.0
SES0129,2025-03-14,Academy_U18,MD4,EX022,PressingGame_6v6_35x30_Mid,pressing_drill,high_intensity_conditioning,Cloudy,14.0,4.0,5.2,671.52,112.91,69.9,19.39,79.41,36,35,115.99,16.04,100,100,8.6
SES0129,2025-03-14,Academy_U18,MD4,EX002,SSG_4v4_25x20_Transition,small_sided_game,mixed_conditioning,Cloudy,14.0,4.0,5.2,741.13,121.91,70.91,25.11,72.68,28,22,115.22,13.74,93,100,9.4
SES0129,2025-03-14,Academy_U18,MD4,EX005,SSG_6v6_35x30_Pressing,small_sided_game,high_intensity_conditioning,Cloudy,14.0,4.0,5.2,760.17,124.91,85.84,32.42,83.86,25,25,110.87,16.42,100,100,9.4
SES0129,2025-03-14,Academy_U18,MD4,EX003,SSG_5v5_30x25_Possession,small_sided_game,aerobic_conditioning,Cloudy,14.0,4.0,5.2,913.78,115.11,68.65,33.14,75.96,26,21,100.33,13.98,100,100,10.0
SES0129,2025-03-14,Academy_U18,MD4,EX034,Hybrid_8v8_55x40_Pressing,large_sided_game,high_intensity_conditioning,Cloudy,14.0,4.0,5.2,806.17,99.11,97.93,51.65,82.75,25,30,150.77,13.91,100,100,10.0
SES0130,2025-03-16,U23,MD4,EX005,SSG_6v6_35x30_Pressing,small_sided_game,high_intensity_conditioning,Overcast,15.7,5.0,7.5,608.69,113.13,70.25,24.98,77.56,25,21,108.42,13.18,100,100,8.8
SES0130,2025-03-16,U23,MD4,EX002,SSG_4v4_25x20_Transition,small_sided_game,mixed_conditioning,Overcast,15.7,5.0,7.5,795.07,121.26,81.91,15.19,81.71,31,21,109.24,13.47,100,100,7.4
SES0130,2025-03-16,U23,MD4,EX034,Hybrid_8v8_55x40_Pressing,large_sided_game,high_intensity_conditioning,Overcast,15.7,5.0,7.5,788.34,120.72,87.6,63.91,82.26,22,28,131.42,13.7,100,100,10.0
SES0130,2025-03-16,U23,MD4,EX003,SSG_5v5_30x25_Possession,small_sided_game,aerobic_conditioning,Overcast,15.7,5.0,7.5,917.08,121.83,62.16,27.37,90.59,28,30,131.67,14.25,100,100,7.6
SES0130,2025-03-16,U23,MD4,EX013,LargeGame_8v8_60x40_Pressing,large_sided_game,high_intensity_conditioning,Overcast,15.7,5.0,7.5,877.95,118.21,92.23,56.82,84.66,25,25,121.86,13.28,99,100,10.0
SES0131,2025-03-18,U23,MD2,EX014,Flying_Sprint_30m,sprint_drill,speed_development,Overcast,14.1,3.6,6.2,302.17,149.13,87.49,86.99,88.52,3,6,59.56,14.38,83,90,7.5
SES0131,2025-03-18,U23,MD2,EX015,Flying_Sprint_20m,sprint_drill,speed_development,Overcast,14.1,3.6,6.2,208.55,147.64,54.69,50.37,88.93,4,4,47.25,12.4,80,95,6.6
SES0131,2025-03-18,U23,MD2,EX012,LargeGame_10v10_70x50_Open,large_sided_game,aerobic_conditioning,Overcast,14.1,3.6,6.2,926.22,91.33,113.29,67.27,71.91,15,13,105.18,10.5,80,92,7.6
SES0131,2025-03-18,U23,MD2,EX018,Transition_Sprint_40m,sprint_drill,speed_development,Overcast,14.1,3.6,6.2,367.08,186.07,98.63,84.87,84.08,7,5,78.05,13.32,82,96,6.9
SES0131,2025-03-18,U23,MD2,EX028,Possession_8v8_50x35_Neutral,possession_game,aerobic_conditioning,Overcast,14.1,3.6,6.2,738.76,69.71,61.78,25.65,66.54,13,14,68.0,10.14,81,89,6.5
SES0132,2025-03-20,First_Team,MD4,EX004,SSG_5v5_30x25_Transition,small_sided_game,mixed_conditioning,Cloudy,11.9,4.4,9.2,909.74,113.67,78.7,29.15,76.89,27,21,131.41,12.27,100,100,8.4
SES0132,2025-03-20,First_Team,MD4,EX038,PressingTrap_6v4_35x25,pressing_drill,high_intensity_conditioning,Cloudy,11.9,4.4,9.2,717.05,103.86,67.15,18.76,77.36,32,32,130.49,14.24,100,100,10.0
SES0132,2025-03-20,First_Team,MD4,EX021,PressingGame_5v5_30x25_High,pressing_drill,high_intensity_conditioning,Cloudy,11.9,4.4,9.2,816.08,139.34,67.63,27.35,67.24,43,37,122.55,16.68,100,100,10.0
SES0133,2025-03-22,U23,MD2,EX014,Flying_Sprint_30m,sprint_drill,speed_development,Cloudy,17.2,3.4,7.2,250.69,129.61,87.51,75.75,83.61,4,5,58.2,12.57,88,91,6.7
SES0133,2025-03-22,U23,MD2,EX015,Flying_Sprint_20m,sprint_drill,speed_development,Cloudy,17.2,3.4,7.2,191.22,129.55,64.49,74.02,91.24,3,5,49.06,16.88,72,92,7.7
SES0133,2025-03-22,U23,MD2,EX020,Finishing_5v4_30x25,finishing_drill,mixed_conditioning,Cloudy,17.2,3.4,7.2,402.08,68.12,36.04,16.21,62.1,15,14,70.59,10.25,80,93,6.3
SES0133,2025-03-22,U23,MD2,EX019,Finishing_4v3_25x20,finishing_drill,mixed_conditioning,Cloudy,17.2,3.4,7.2,386.34,66.29,34.62,14.78,61.38,15,19,50.01,9.75,85,91,6.9
SES0134,2025-03-24,First_Team,MD2,EX020,Finishing_5v4_30x25,finishing_drill,mixed_conditioning,Clear,24.6,4.6,5.2,408.82,63.27,29.7,15.83,67.57,20,15,59.81,8.66,78,93,6.1
SES0134,2025-03-24,First_Team,MD2,EX015,Flying_Sprint_20m,sprint_drill,speed_development,Clear,24.6,4.6,5.2,150.22,135.07,65.25,46.36,90.79,4,4,44.76,15.5,75,84,4.9
SES0134,2025-03-24,First_Team,MD2,EX018,Transition_Sprint_40m,sprint_drill,speed_development,Clear,24.6,4.6,5.2,372.45,174.47,96.75,97.72,81.43,6,6,57.14,12.14,78,92,7.1
SES0135,2025-03-26,B_Team,MD2,EX015,Flying_Sprint_20m,sprint_drill,speed_development,Overcast,10.8,5.3,7.6,203.69,132.01,50.57,71.03,100.0,4,5,42.89,13.3,81,91,7.2
SES0135,2025-03-26,B_Team,MD2,EX012,LargeGame_10v10_70x50_Open,large_sided_game,aerobic_conditioning,Overcast,10.8,5.3,7.6,878.14,82.59,104.26,44.25,65.59,17,16,110.6,8.85,80,88,8.2
SES0135,2025-03-26,B_Team,MD2,EX028,Possession_8v8_50x35_Neutral,possession_game,aerobic_conditioning,Overcast,10.8,5.3,7.6,666.54,65.0,63.77,26.31,65.97,12,11,66.32,9.26,76,85,7.4
SES0135,2025-03-26,B_Team,MD2,EX017,Accel_Sprint_15m_x6,sprint_drill,acceleration_development,Overcast,10.8,5.3,7.6,124.29,97.51,13.96,8.65,63.16,10,11,58.47,15.85,75,91,6.3
SES0135,2025-03-26,B_Team,MD2,EX020,Finishing_5v4_30x25,finishing_drill,mixed_conditioning,Overcast,10.8,5.3,7.6,406.6,75.32,31.03,13.16,58.58,18,15,62.86,9.37,80,88,6.6
SES0135,2025-03-26,B_Team,MD2,EX035,Speed_Endurance_60m_x4,sprint_drill,speed_endurance,Overcast,10.8,5.3,7.6,456.39,146.51,160.18,202.05,82.81,6,3,82.25,11.83,90,92,8.4
SES0135,2025-03-26,B_Team,MD2,EX018,Transition_Sprint_40m,sprint_drill,speed_development,Overcast,10.8,5.3,7.6,387.99,155.27,103.1,93.68,83.38,6,6,85.67,14.08,85,94,6.2
SES0136,2025-03-28,B_Team,MD2,EX028,Possession_8v8_50x35_Neutral,possession_game,aerobic_conditioning,Overcast,19.6,4.9,7.3,764.61,73.82,79.98,27.35,56.59,13,15,68.4,7.75,78,88,6.6
SES0136,2025-03-28,B_Team,MD2,EX014,Flying_Sprint_30m,sprint_drill,speed_development,Overcast,19.6,4.9,7.3,296.86,131.5,57.67,110.22,84.51,3,6,61.56,13.61,82,95,6.6
SES0136,2025-03-28,B_Team,MD2,EX015,Flying_Sprint_20m,sprint_drill,speed_development,Overcast,19.6,4.9,7.3,222.15,112.18,64.86,54.98,99.41,4,4,51.44,15.7,80,87,6.0
SES0136,2025-03-28,B_Team,MD2,EX019,Finishing_4v3_25x20,finishing_drill,mixed_conditioning,Overcast,19.6,4.9,7.3,410.22,68.2,37.79,11.92,63.79,15,13,59.74,9.6,67,88,5.8
SES0137,2025-03-30,B_Team,MD3,EX027,Possession_6v6_40x30_Neutral,possession_game,aerobic_conditioning,Clear,29.4,5.5,4.5,619.52,71.94,33.42,7.28,53.11,17,15,71.51,8.48,83,89,6.8
SES0137,2025-03-30,B_Team,MD3,EX004,SSG_5v5_30x25_Transition,small_sided_game,mixed_conditioning,Clear,29.4,5.5,4.5,783.08,106.05,51.61,26.49,67.57,24,17,93.71,12.6,83,93,8.9
SES0137,2025-03-30,B_Team,MD3,EX003,SSG_5v5_30x25_Possession,small_sided_game,aerobic_conditioning,Clear,29.4,5.5,4.5,689.39,93.88,56.39,26.04,59.15,21,21,109.19,12.29,84,97,7.5
SES0137,2025-03-30,B_Team,MD3,EX012,LargeGame_10v10_70x50_Open,large_sided_game,aerobic_conditioning,Clear,29.4,5.5,4.5,791.19,87.95,130.71,60.92,71.27,19,12,97.61,9.04,83,92,8.6
SES0138,2025-04-01,Academy_U18,MD_plus1,EX023,Activation_Passing_8v0,activation_drill,activation,Cloudy,19.8,7.7,2.5,217.9,19.04,1.57,0.0,15.0,2,2,11.22,2.16,50,55,1.0
SES0138,2025-04-01,Academy_U18,MD_plus1,EX024,Activation_Positional_10v0,activation_drill,activation,Cloudy,19.8,7.7,2.5,447.92,27.22,6.25,0.0,15.0,3,3,14.97,2.56,50,55,1.8
SES0138,2025-04-01,Academy_U18,MD_plus1,EX026,Recovery_Walk_Jog_Circuit,recovery_drill,recovery,Cloudy,19.8,7.7,2.5,297.33,20.63,3.36,0.0,15.0,2,2,14.15,2.88,50,55,1.6
SES0139,2025-04-03,U23,MD4,EX001,SSG_3v3_20x15_Pressing,small_sided_game,high_intensity_conditioning,Clear,23.1,4.9,6.3,753.74,123.57,50.7,13.64,63.66,32,27,107.62,14.54,100,100,9.5
SES0139,2025-04-03,U23,MD4,EX034,Hybrid_8v8_55x40_Pressing,large_sided_game,high_intensity_conditioning,Clear,23.1,4.9,6.3,869.69,108.35,90.49,52.12,84.87,28,23,121.24,13.52,100,100,8.1
SES0139,2025-04-03,U23,MD4,EX005,SSG_6v6_35x30_Pressing,small_sided_game,high_intensity_conditioning,Clear,23.1,4.9,6.3,794.73,118.08,56.48,25.33,72.88,23,24,115.4,13.18,100,100,10.0
SES0139,2025-04-03,U23,MD4,EX002,SSG_4v4_25x20_Transition,small_sided_game,mixed_conditioning,Clear,23.1,4.9,6.3,676.68,121.62,74.09,29.95,74.17,26,24,111.48,12.8,100,100,9.7
SES0139,2025-04-03,U23,MD4,EX013,LargeGame_8v8_60x40_Pressing,large_sided_game,high_intensity_conditioning,Clear,23.1,4.9,6.3,931.48,103.83,103.31,60.7,85.05,28,25,132.93,12.74,100,100,10.0
SES0140,2025-04-05,Academy_U18,MD2,EX035,Speed_Endurance_60m_x4,sprint_drill,speed_endurance,Cloudy,19.1,4.2,6.3,516.59,154.62,168.14,201.39,82.28,6,6,84.68,13.69,89,92,8.3
SES0140,2025-04-05,Academy_U18,MD2,EX019,Finishing_4v3_25x20,finishing_drill,mixed_conditioning,Cloudy,19.1,4.2,6.3,384.2,66.46,43.54,16.63,63.53,17,13,58.84,8.78,75,82,6.7
SES0140,2025-04-05,Academy_U18,MD2,EX017,Accel_Sprint_15m_x6,sprint_drill,acceleration_development,Cloudy,19.1,4.2,6.3,138.16,98.17,9.35,6.97,64.25,10,11,60.01,14.11,79,92,8.1
SES0140,2025-04-05,Academy_U18,MD2,EX014,Flying_Sprint_30m,sprint_drill,speed_development,Cloudy,19.1,4.2,6.3,342.22,127.44,108.47,77.91,86.21,4,5,65.17,12.17,79,95,6.8
SES0140,2025-04-05,Academy_U18,MD2,EX015,Flying_Sprint_20m,sprint_drill,speed_development,Cloudy,19.1,4.2,6.3,196.81,135.54,67.85,46.43,94.54,4,4,52.7,13.18,75,84,6.0
SES0141,2025-04-07,First_Team,MD3,EX010,LargeGame_8v8_60x40_Possession,large_sided_game,aerobic_conditioning,Overcast,9.3,6.3,5.4,871.82,81.67,93.87,64.56,67.8,18,15,112.19,10.4,87,96,7.8
SES0141,2025-04-07,First_Team,MD3,EX011,LargeGame_9v9_65x45_Transition,large_sided_game,aerobic_conditioning,Overcast,9.3,6.3,5.4,958.01,89.81,119.88,57.49,72.94,16,14,105.28,11.03,88,98,6.6
SES0141,2025-04-07,First_Team,MD3,EX003,SSG_5v5_30x25_Possession,small_sided_game,aerobic_conditioning,Overcast,9.3,6.3,5.4,791.35,99.04,71.38,21.65,66.4,23,17,106.23,13.24,88,100,7.8
SES0141,2025-04-07,First_Team,MD3,EX012,LargeGame_10v10_70x50_Open,large_sided_game,aerobic_conditioning,Overcast,9.3,6.3,5.4,981.37,77.01,149.16,75.32,71.69,12,16,98.55,11.01,85,92,8.4
SES0142,2025-04-09,Academy_U18,MD_plus1,EX025,Recovery_Game_5v5_40x35,recovery_drill,recovery,Overcast,15.2,8.3,4.2,402.39,32.64,8.32,0.0,18.7,4,3,23.66,3.19,50,55,2.0
SES0142,2025-04-09,Academy_U18,MD_plus1,EX026,Recovery_Walk_Jog_Circuit,recovery_drill,recovery,Overcast,15.2,8.3,4.2,321.57,24.24,2.66,0.0,15.0,2,2,15.72,2.73,50,55,1.4
SES0142,2025-04-09,Academy_U18,MD_plus1,EX033,SSG_4v4_20x15_Regen,small_sided_game,recovery,Overcast,15.2,8.3,4.2,464.45,31.24,7.45,0.0,17.38,3,3,19.36,3.15,50,55,1.6
SES0143,2025-04-11,First_Team,MD3,EX003,SSG_5v5_30x25_Possession,small_sided_game,aerobic_conditioning,Cloudy,18.0,5.2,5.1,750.86,110.57,66.03,32.17,69.87,21,26,104.61,11.23,95,100,7.9
SES0143,2025-04-11,First_Team,MD3,EX037,Possession_4v4_2Neutral_25x20,possession_game,aerobic_conditioning,Cloudy,18.0,5.2,5.1,535.25,68.48,33.64,9.82,54.82,19,19,69.57,9.93,80,93,6.6
SES0143,2025-04-11,First_Team,MD3,EX027,Possession_6v6_40x30_Neutral,possession_game,aerobic_conditioning,Cloudy,18.0,5.2,5.1,557.85,67.49,36.34,7.2,50.65,23,18,57.74,8.76,75,89,4.6
SES0144,2025-04-13,U23,MD4,EX005,SSG_6v6_35x30_Pressing,small_sided_game,high_intensity_conditioning,Overcast,8.5,3.9,5.1,694.89,116.95,71.19,36.05,81.98,28,22,134.74,12.02,95,100,10.0
SES0144,2025-04-13,U23,MD4,EX038,PressingTrap_6v4_35x25,pressing_drill,high_intensity_conditioning,Overcast,8.5,3.9,5.1,662.12,110.19,51.04,26.77,76.21,38,30,115.19,13.03,100,100,8.4
SES0144,2025-04-13,U23,MD4,EX001,SSG_3v3_20x15_Pressing,small_sided_game,high_intensity_conditioning,Overcast,8.5,3.9,5.1,693.42,112.3,43.01,12.5,67.76,31,31,101.7,13.48,100,100,10.0
SES0144,2025-04-13,U23,MD4,EX004,SSG_5v5_30x25_Transition,small_sided_game,mixed_conditioning,Overcast,8.5,3.9,5.1,749.37,117.01,87.9,33.37,75.74,24,26,122.55,13.04,98,100,9.2
SES0145,2025-04-15,U23,MD2,EX018,Transition_Sprint_40m,sprint_drill,speed_development,Light_Rain,9.3,4.4,7.4,385.16,163.54,113.9,98.93,90.49,6,7,59.51,12.98,83,92,6.6
SES0145,2025-04-15,U23,MD2,EX019,Finishing_4v3_25x20,finishing_drill,mixed_conditioning,Light_Rain,9.3,4.4,7.4,444.07,68.28,32.03,17.8,72.83,18,17,66.09,9.96,71,89,6.1
SES0145,2025-04-15,U23,MD2,EX028,Possession_8v8_50x35_Neutral,possession_game,aerobic_conditioning,Light_Rain,9.3,4.4,7.4,588.03,65.01,46.15,29.29,63.91,16,13,74.35,7.89,73,86,6.1
SES0145,2025-04-15,U23,MD2,EX020,Finishing_5v4_30x25,finishing_drill,mixed_conditioning,Light_Rain,9.3,4.4,7.4,406.71,63.89,36.02,17.03,62.92,18,13,66.0,9.81,78,93,7.0
SES0145,2025-04-15,U23,MD2,EX012,LargeGame_10v10_70x50_Open,large_sided_game,aerobic_conditioning,Light_Rain,9.3,4.4,7.4,808.92,87.3,112.33,56.37,73.22,16,18,94.84,10.22,79,93,6.2
SES0146,2025-04-17,Academy_U18,MD2,EX028,Possession_8v8_50x35_Neutral,possession_game,aerobic_conditioning,Cloudy,10.8,4.8,5.2,597.45,66.45,71.42,28.5,61.37,16,13,74.73,9.4,75,86,5.5
SES0146,2025-04-17,Academy_U18,MD2,EX018,Transition_Sprint_40m,sprint_drill,speed_development,Cloudy,10.8,4.8,5.2,361.73,162.44,97.83,87.54,86.15,6,7,73.51,13.69,79,86,9.3
SES0146,2025-04-17,Academy_U18,MD2,EX015,Flying_Sprint_20m,sprint_drill,speed_development,Cloudy,10.8,4.8,5.2,220.78,135.3,51.2,60.88,86.75,4,4,44.71,13.77,80,92,7.2
SES0146,2025-04-17,Academy_U18,MD2,EX014,Flying_Sprint_30m,sprint_drill,speed_development,Cloudy,10.8,4.8,5.2,285.32,131.2,41.68,84.94,87.76,4,5,55.43,13.95,80,92,7.3
SES0147,2025-04-19,U23,MD4,EX003,SSG_5v5_30x25_Possession,small_sided_game,aerobic_conditioning,Light_Rain,13.2,4.6,6.0,824.26,117.67,86.53,32.21,85.38,32,24,80.95,15.15,99,100,8.8
SES0147,2025-04-19,U23,MD4,EX022,PressingGame_6v6_35x30_Mid,pressing_drill,high_intensity_conditioning,Light_Rain,13.2,4.6,6.0,650.17,116.93,50.21,19.33,73.9,38,35,114.91,13.46,100,100,10.0
SES0147,2025-04-19,U23,MD4,EX004,SSG_5v5_30x25_Transition,small_sided_game,mixed_conditioning,Light_Rain,13.2,4.6,6.0,666.91,114.99,61.75,21.48,80.32,27,25,125.4,13.25,100,100,8.9
SES0147,2025-04-19,U23,MD4,EX038,PressingTrap_6v4_35x25,pressing_drill,high_intensity_conditioning,Light_Rain,13.2,4.6,6.0,722.22,112.17,47.62,15.72,69.9,39,36,131.6,13.45,100,100,9.8
SES0147,2025-04-19,U23,MD4,EX002,SSG_4v4_25x20_Transition,small_sided_game,mixed_conditioning,Light_Rain,13.2,4.6,6.0,816.8,115.37,90.14,25.9,69.77,26,22,148.35,14.53,100,100,7.4
SES0147,2025-04-19,U23,MD4,EX005,SSG_6v6_35x30_Pressing,small_sided_game,high_intensity_conditioning,Light_Rain,13.2,4.6,6.0,742.12,117.73,91.09,34.44,76.96,25,24,111.95,15.68,100,100,7.1
SES0148,2025-04-21,U23,MD1,EX031,Shadow_Play_11v0_Shape,activation_drill,activation,Light_Rain,10.7,3.3,8.0,466.61,35.46,5.67,0.0,17.3,3,3,20.62,3.85,50,55,2.0
SES0148,2025-04-21,U23,MD1,EX023,Activation_Passing_8v0,activation_drill,activation,Light_Rain,10.7,3.3,8.0,263.91,29.78,1.59,0.0,15.0,3,3,13.13,2.71,50,55,1.8
SES0148,2025-04-21,U23,MD1,EX008,Rondo_6v3_20x15,rondo,aerobic_conditioning,Light_Rain,10.7,3.3,8.0,268.34,41.22,6.43,0.0,25.59,7,6,29.41,4.39,50,56,2.8
SES0149,2025-04-23,Academy_U18,MD4,EX021,PressingGame_5v5_30x25_High,pressing_drill,high_intensity_conditioning,Cloudy,16.0,4.8,7.5,806.61,108.8,62.84,20.3,85.48,37,30,133.2,15.74,100,100,8.9
SES0149,2025-04-23,Academy_U18,MD4,EX013,LargeGame_8v8_60x40_Pressing,large_sided_game,high_intensity_conditioning,Cloudy,16.0,4.8,7.5,839.11,93.8,82.16,68.84,88.63,29,31,131.19,13.96,100,100,9.3
SES0149,2025-04-23,Academy_U18,MD4,EX022,PressingGame_6v6_35x30_Mid,pressing_drill,high_intensity_conditioning,Cloudy,16.0,4.8,7.5,759.03,115.11,71.77,27.65,75.28,31,28,126.07,14.63,100,100,10.0
SES0149,2025-04-23,Academy_U18,MD4,EX038,PressingTrap_6v4_35x25,pressing_drill,high_intensity_conditioning,Cloudy,16.0,4.8,7.5,605.82,98.04,68.3,22.3,74.96,38,38,109.57,14.17,100,100,10.0
SES0150,2025-04-25,Academy_U18,MD_plus1,EX026,Recovery_Walk_Jog_Circuit,recovery_drill,recovery,Cloudy,16.5,8.5,2.9,322.34,21.7,3.09,0.0,15.0,2,2,14.55,2.49,50,55,1.4
SES0150,2025-04-25,Academy_U18,MD_plus1,EX025,Recovery_Game_5v5_40x35,recovery_drill,recovery,Cloudy,16.5,8.5,2.9,437.05,28.07,8.79,0.0,16.79,3,2,18.34,3.31,50,55,1.8
SES0150,2025-04-25,Academy_U18,MD_plus1,EX033,SSG_4v4_20x15_Regen,small_sided_game,recovery,Cloudy,16.5,8.5,2.9,456.56,32.61,8.64,0.0,18.64,4,3,17.82,3.21,50,55,1.6
SES0151,2025-04-27,Academy_U18,MD_plus2,EX025,Recovery_Game_5v5_40x35,recovery_drill,recovery,Overcast,12.2,5.7,5.1,581.76,39.76,10.69,0.0,22.99,5,4,27.78,3.19,50,55,2.0
SES0151,2025-04-27,Academy_U18,MD_plus2,EX009,Rondo_8v3_25x20_Directional,rondo,aerobic_conditioning,Overcast,12.2,5.7,5.1,249.79,35.45,6.54,0.0,23.28,7,7,27.08,3.97,50,56,2.8
SES0151,2025-04-27,Academy_U18,MD_plus2,EX033,SSG_4v4_20x15_Regen,small_sided_game,recovery,Overcast,12.2,5.7,5.1,621.74,36.38,9.44,0.0,21.45,5,3,21.5,3.77,50,55,2.0
SES0151,2025-04-27,Academy_U18,MD_plus2,EX023,Activation_Passing_8v0,activation_drill,activation,Overcast,12.2,5.7,5.1,290.36,26.67,1.46,0.0,15.0,3,3,13.41,3.19,50,55,1.5
SES0151,2025-04-27,Academy_U18,MD_plus2,EX026,Recovery_Walk_Jog_Circuit,recovery_drill,recovery,Overcast,12.2,5.7,5.1,396.87,29.99,4.69,0.0,16.07,2,2,16.64,2.86,50,55,2.0
SES0152,2025-04-29,U23,MD2,EX028,Possession_8v8_50x35_Neutral,possession_game,aerobic_conditioning,Overcast,12.4,4.5,5.0,640.67,58.31,66.01,23.57,62.67,13,13,87.02,8.19,75,87,7.5
SES0152,2025-04-29,U23,MD2,EX020,Finishing_5v4_30x25,finishing_drill,mixed_conditioning,Overcast,12.4,4.5,5.0,377.05,64.02,35.64,15.59,61.63,12,18,55.34,9.3,76,93,5.4
SES0152,2025-04-29,U23,MD2,EX012,LargeGame_10v10_70x50_Open,large_sided_game,aerobic_conditioning,Overcast,12.4,4.5,5.0,1012.18,90.44,111.1,48.24,71.06,14,16,96.82,9.93,77,86,7.7
SES0152,2025-04-29,U23,MD2,EX014,Flying_Sprint_30m,sprint_drill,speed_development,Overcast,12.4,4.5,5.0,280.07,144.91,57.32,94.92,100.0,4,6,60.72,11.89,77,93,6.1
SES0152,2025-04-29,U23,MD2,EX019,Finishing_4v3_25x20,finishing_drill,mixed_conditioning,Overcast,12.4,4.5,5.0,379.14,69.57,33.41,18.78,61.95,16,14,63.18,8.83,80,86,6.9
SES0153,2025-05-01,B_Team,MD4,EX034,Hybrid_8v8_55x40_Pressing,large_sided_game,high_intensity_conditioning,Clear,27.7,3.8,6.7,781.36,93.86,84.19,49.59,80.03,31,24,120.98,12.34,100,100,10.0
SES0153,2025-05-01,B_Team,MD4,EX003,SSG_5v5_30x25_Possession,small_sided_game,aerobic_conditioning,Clear,27.7,3.8,6.7,865.49,121.41,93.49,30.6,78.47,25,19,109.86,13.7,100,100,9.1
SES0153,2025-05-01,B_Team,MD4,EX005,SSG_6v6_35x30_Pressing,small_sided_game,high_intensity_conditioning,Clear,27.7,3.8,6.7,899.82,112.68,72.24,22.88,72.18,27,23,124.98,13.91,100,100,9.0
SES0153,2025-05-01,B_Team,MD4,EX038,PressingTrap_6v4_35x25,pressing_drill,high_intensity_conditioning,Clear,27.7,3.8,6.7,744.61,108.43,70.27,26.69,72.96,25,33,134.04,15.14,100,100,8.8
SES0153,2025-05-01,B_Team,MD4,EX022,PressingGame_6v6_35x30_Mid,pressing_drill,high_intensity_conditioning,Clear,27.7,3.8,6.7,699.01,114.77,74.79,22.7,73.81,35,29,100.01,15.03,100,100,8.0
SES0154,2025-05-03,B_Team,MD4,EX001,SSG_3v3_20x15_Pressing,small_sided_game,high_intensity_conditioning,Light_Rain,10.5,4.6,6.2,847.6,99.52,42.24,11.31,73.83,26,38,112.43,13.36,100,100,10.0
SES0154,2025-05-03,B_Team,MD4,EX038,PressingTrap_6v4_35x25,pressing_drill,high_intensity_conditioning,Light_Rain,10.5,4.6,6.2,613.71,115.1,60.93,20.56,83.85,37,35,134.11,12.97,100,100,8.9
SES0154,2025-05-03,B_Team,MD4,EX021,PressingGame_5v5_30x25_High,pressing_drill,high_intensity_conditioning,Light_Rain,10.5,4.6,6.2,650.95,116.96,66.36,22.79,72.53,31,27,130.07,15.45,100,100,10.0
SES0154,2025-05-03,B_Team,MD4,EX005,SSG_6v6_35x30_Pressing,small_sided_game,high_intensity_conditioning,Light_Rain,10.5,4.6,6.2,798.57,126.83,86.98,30.26,74.55,29,25,110.66,12.35,100,100,10.0
SES0154,2025-05-03,B_Team,MD4,EX022,PressingGame_6v6_35x30_Mid,pressing_drill,high_intensity_conditioning,Light_Rain,10.5,4.6,6.2,611.03,103.2,75.88,19.16,74.8,33,39,115.35,15.97,100,100,7.7
SES0154,2025-05-03,B_Team,MD4,EX004,SSG_5v5_30x25_Transition,small_sided_game,mixed_conditioning,Light_Rain,10.5,4.6,6.2,657.02,115.26,78.73,24.0,71.12,27,25,115.78,14.68,97,100,10.0
SES0155,2025-05-05,Academy_U18,MD4,EX003,SSG_5v5_30x25_Possession,small_sided_game,aerobic_conditioning,Light_Rain,14.9,4.1,6.7,723.67,124.87,94.79,28.03,80.85,23,22,121.92,14.85,100,100,9.2
SES0155,2025-05-05,Academy_U18,MD4,EX002,SSG_4v4_25x20_Transition,small_sided_game,mixed_conditioning,Light_Rain,14.9,4.1,6.7,916.88,115.44,86.59,30.55,78.94,27,19,107.64,14.07,96,100,10.0
SES0155,2025-05-05,Academy_U18,MD4,EX001,SSG_3v3_20x15_Pressing,small_sided_game,high_intensity_conditioning,Light_Rain,14.9,4.1,6.7,754.91,109.0,56.45,15.68,69.21,35,32,117.13,13.47,100,100,10.0
SES0155,2025-05-05,Academy_U18,MD4,EX034,Hybrid_8v8_55x40_Pressing,large_sided_game,high_intensity_conditioning,Light_Rain,14.9,4.1,6.7,764.97,108.02,83.92,66.78,77.59,23,28,150.96,14.95,100,100,10.0
SES0155,2025-05-05,Academy_U18,MD4,EX038,PressingTrap_6v4_35x25,pressing_drill,high_intensity_conditioning,Light_Rain,14.9,4.1,6.7,632.04,112.66,60.93,19.24,71.89,40,35,130.59,14.96,100,100,9.4
