date,session_id,player_id,position,sleep_score,readiness_score,hrv,resting_hr,fatigue_score,soreness_score,stress_score,cmj_height_cm,cmj_asymmetry_percent,vbt_mean_velocity,minutes_last_match,injury_flag
2024-07-01,SES0001,P001,GK,4.6,2.6,45.9,75,8.7,7.3,4.4,50.2,5.0,0.534,90,0
2024-07-01,SES0001,P002,CB,4.7,1.0,48.4,59,7.8,7.1,4.7,42.4,7.7,0.604,75,0
2024-07-01,SES0001,P003,CB,4.4,5.3,45.5,58,9.1,6.6,5.0,45.6,6.2,0.565,90,0
2024-07-01,SES0001,P004,CB,5.0,4.4,47.4,58,8.6,6.1,4.4,48.1,7.1,0.617,75,0
2024-07-01,SES0001,P005,LB,5.6,4.0,58.7,62,7.5,6.2,5.7,53.5,2.0,0.603,45,0
2024-07-01,SES0001,P006,LB,5.3,1.5,53.4,61,8.6,4.7,5.4,43.0,5.6,0.641,45,0
2024-07-01,SES0001,P007,RB,3.3,3.6,48.8,64,7.6,5.4,5.0,47.0,1.1,0.477,45,0
2024-07-01,SES0001,P008,RB,4.2,3.4,58.1,67,7.8,5.2,3.2,46.0,2.1,0.621,90,0
2024-07-01,SES0001,P009,CDM,5.3,3.4,53.6,64,8.0,7.2,7.1,50.0,4.8,0.563,90,0
2024-07-01,SES0001,P010,CDM,5.8,1.3,60.9,64,9.0,8.1,3.8,45.1,1.6,0.555,45,0
2024-07-01,SES0001,P011,CM,4.0,3.6,36.9,71,9.1,7.3,3.0,48.8,2.2,0.574,60,1
2024-07-01,SES0001,P012,CM,5.0,4.0,39.7,60,7.6,7.3,4.8,54.4,2.2,0.563,45,0
2024-07-01,SES0001,P013,CM,5.4,1.0,51.5,63,8.2,4.7,2.8,41.6,5.2,0.62,90,0
2024-07-01,SES0001,P014,LW,4.7,6.6,57.6,61,8.6,8.0,5.3,44.4,3.8,0.552,90,0
2024-07-01,SES0001,P015,LW,6.7,1.0,50.3,70,7.2,5.4,5.7,49.7,4.8,0.57,45,1
2024-07-01,SES0001,P016,RW,6.3,1.7,39.5,70,7.7,5.2,4.3,46.2,4.8,0.601,60,0
2024-07-01,SES0001,P017,RW,4.6,1.6,44.0,67,8.3,6.8,3.4,42.0,5.4,0.588,60,0
2024-07-01,SES0001,P018,CAM,7.1,3.6,42.8,60,5.7,6.2,2.5,48.5,4.9,0.564,75,0
2024-07-01,SES0001,P019,CAM,5.1,1.6,53.6,63,7.6,6.2,5.2,44.5,5.6,0.566,60,0
2024-07-01,SES0001,P020,ST,4.4,1.0,50.8,61,9.6,7.0,4.2,47.8,2.6,0.435,90,0
2024-07-01,SES0001,P021,ST,5.3,3.2,40.7,61,8.2,7.1,3.9,45.5,3.3,0.609,45,0
2024-07-01,SES0001,P022,ST,5.7,2.4,52.5,61,6.7,6.3,5.3,52.2,7.2,0.607,90,0
2024-07-03,SES0002,P001,GK,4.8,5.4,63.1,67,7.5,7.5,5.6,44.8,4.8,0.567,0,0
2024-07-03,SES0002,P002,CB,9.0,7.4,59.1,52,4.4,3.4,6.9,49.8,3.2,0.565,30,0
2024-07-03,SES0002,P003,CB,6.2,6.2,56.9,66,6.3,3.2,2.8,54.5,2.3,0.634,60,0
2024-07-03,SES0002,P004,CB,7.1,5.0,54.2,67,6.6,5.4,1.0,47.8,0.8,0.607,30,0
2024-07-03,SES0002,P005,LB,5.1,6.1,52.9,59,5.4,3.3,6.4,52.0,4.5,0.692,30,0
2024-07-03,SES0002,P006,LB,5.4,5.5,58.2,61,5.3,4.0,5.7,49.9,7.3,0.607,30,0
2024-07-03,SES0002,P007,RB,7.3,6.7,44.8,59,5.2,4.5,4.1,44.6,7.2,0.613,60,0
2024-07-03,SES0002,P008,RB,6.7,6.1,60.3,60,5.1,4.3,4.2,49.8,3.6,0.573,0,0
2024-07-03,SES0002,P009,CDM,6.8,4.6,60.0,61,5.1,5.2,7.1,47.2,5.1,0.6,0,0
2024-07-03,SES0002,P010,CDM,6.4,6.9,70.6,60,4.5,2.4,4.0,54.5,6.7,0.526,0,0
2024-07-03,SES0002,P011,CM,7.6,5.1,76.4,57,3.8,1.4,3.5,52.0,7.4,0.624,30,0
2024-07-03,SES0002,P012,CM,7.2,4.6,65.0,62,5.3,3.6,4.7,42.6,2.9,0.566,30,0
2024-07-03,SES0002,P013,CM,8.0,6.0,72.2,55,4.6,4.7,4.7,49.1,5.9,0.65,0,0
2024-07-03,SES0002,P014,LW,7.6,5.9,71.8,57,4.3,3.7,4.4,47.2,10.4,0.643,80,0
2024-07-03,SES0002,P015,LW,6.5,3.8,54.4,65,6.9,4.1,5.9,48.7,5.4,0.541,30,0
2024-07-03,SES0002,P016,RW,5.6,7.7,54.6,62,7.1,5.9,3.6,52.2,5.4,0.559,60,0
2024-07-03,SES0002,P017,RW,6.5,6.4,53.3,60,6.2,4.8,5.1,43.1,3.4,0.572,60,0
2024-07-03,SES0002,P018,CAM,7.6,6.7,63.3,60,4.0,3.8,3.7,49.8,6.2,0.709,0,0
2024-07-03,SES0002,P019,CAM,7.9,7.2,59.2,55,5.1,5.1,4.0,46.4,4.7,0.635,30,0
2024-07-03,SES0002,P020,ST,6.7,5.0,70.5,57,4.7,5.3,4.2,54.3,6.0,0.615,80,0
2024-07-03,SES0002,P021,ST,6.9,4.3,72.6,56,5.1,4.5,6.7,43.6,5.5,0.635,80,0
2024-07-03,SES0002,P022,ST,8.1,6.0,64.5,56,3.4,5.0,2.8,55.7,1.7,0.698,30,0
2024-07-05,SES0003,P001,GK,8.4,8.0,72.8,51,3.1,1.0,6.0,48.3,7.0,0.685,0,0
2024-07-05,SES0003,P002,CB,8.2,7.8,63.7,53,2.3,2.7,3.8,48.5,5.7,0.788,0,0
2024-07-05,SES0003,P003,CB,7.7,5.1,68.8,58,3.8,3.1,6.7,50.5,6.9,0.578,90,0
2024-07-05,SES0003,P004,CB,6.5,7.0,43.4,56,5.1,4.3,6.5,49.9,1.6,0.597,0,0
2024-07-05,SES0003,P005,LB,8.0,6.2,56.7,57,2.6,3.8,4.5,50.3,1.9,0.613,90,0
2024-07-05,SES0003,P006,LB,5.2,9.3,54.3,59,5.9,6.5,4.1,50.6,4.8,0.573,30,0
2024-07-05,SES0003,P007,RB,10.0,9.3,78.3,51,2.3,1.4,4.6,55.8,2.4,0.581,0,0
2024-07-05,SES0003,P008,RB,7.5,7.7,54.1,63,3.4,3.4,2.1,51.4,8.9,0.657,0,0
2024-07-05,SES0003,P009,CDM,6.2,9.5,54.0,60,5.1,3.1,7.1,46.2,5.1,0.66,0,0
2024-07-05,SES0003,P010,CDM,5.2,8.3,74.3,64,5.2,5.4,4.3,51.6,3.7,0.549,90,0
2024-07-05,SES0003,P011,CM,7.9,6.9,57.8,54,2.8,1.2,5.6,50.3,4.2,0.583,0,0
2024-07-05,SES0003,P012,CM,7.0,7.8,79.3,60,3.7,2.7,6.6,52.9,1.6,0.582,60,0
2024-07-05,SES0003,P013,CM,6.5,7.2,62.7,64,4.3,3.5,3.6,52.1,4.1,0.626,60,0
2024-07-05,SES0003,P014,LW,6.6,7.7,49.3,65,5.8,6.2,3.9,47.3,4.7,0.613,0,1
2024-07-05,SES0003,P015,LW,7.0,8.9,61.1,64,5.0,5.4,4.5,44.7,3.2,0.687,60,0
2024-07-05,SES0003,P016,RW,6.1,6.5,53.4,63,6.0,4.3,4.5,43.0,8.1,0.552,60,0
2024-07-05,SES0003,P017,RW,7.3,5.7,68.0,54,3.3,1.6,1.0,57.5,6.6,0.694,60,0
2024-07-05,SES0003,P018,CAM,8.2,5.7,67.1,56,3.6,3.3,5.4,50.4,3.9,0.628,0,0
2024-07-05,SES0003,P019,CAM,5.5,5.8,65.4,62,6.8,5.0,3.7,45.4,5.4,0.564,60,0
2024-07-05,SES0003,P020,ST,7.4,7.6,61.7,63,5.8,2.9,3.0,52.5,4.0,0.635,90,0
2024-07-05,SES0003,P021,ST,8.5,4.8,56.7,57,3.9,5.1,4.3,48.7,7.9,0.571,30,0
2024-07-05,SES0003,P022,ST,5.8,7.1,53.8,61,5.9,5.6,3.3,48.8,3.4,0.558,90,0
2024-07-07,SES0004,P001,GK,6.5,3.1,61.5,58,5.6,5.2,4.3,50.3,5.9,0.571,0,0
2024-07-07,SES0004,P002,CB,6.7,3.9,52.2,60,6.7,6.4,6.7,50.3,2.4,0.596,80,0
2024-07-07,SES0004,P003,CB,8.3,3.3,76.8,50,3.6,2.8,6.1,49.3,0.0,0.65,0,0
2024-07-07,SES0004,P004,CB,6.6,2.2,66.5,63,5.9,5.0,3.8,44.9,6.5,0.581,90,0
2024-07-07,SES0004,P005,LB,5.9,4.4,59.8,57,6.1,4.8,6.6,44.9,7.1,0.634,60,0
2024-07-07,SES0004,P006,LB,7.1,2.9,58.0,62,5.9,4.5,3.9,54.1,5.5,0.612,0,0
2024-07-07,SES0004,P007,RB,6.9,1.2,52.6,63,6.8,4.4,5.8,43.8,8.6,0.644,0,0
2024-07-07,SES0004,P008,RB,5.8,6.5,65.7,56,4.1,4.5,4.8,49.3,4.9,0.691,60,0
2024-07-07,SES0004,P009,CDM,5.1,5.1,53.4,64,5.6,5.7,4.5,47.9,2.0,0.659,60,0
2024-07-07,SES0004,P010,CDM,6.5,3.0,51.1,63,5.8,5.6,5.0,51.5,2.2,0.666,0,0
2024-07-07,SES0004,P011,CM,6.0,4.8,73.4,55,5.9,4.5,6.3,51.8,2.6,0.585,90,0
2024-07-07,SES0004,P012,CM,7.3,3.1,68.6,60,5.0,4.2,3.9,50.9,3.7,0.555,30,0
2024-07-07,SES0004,P013,CM,7.3,3.5,52.9,53,5.1,1.3,5.7,52.6,1.3,0.601,60,0
2024-07-07,SES0004,P014,LW,6.0,3.3,52.3,66,8.4,5.5,6.4,52.8,0.6,0.482,0,0
2024-07-07,SES0004,P015,LW,4.7,4.2,53.1,65,7.2,5.3,6.0,47.1,0.0,0.639,0,0
2024-07-07,SES0004,P016,RW,7.7,4.4,42.5,56,7.1,8.1,6.0,51.1,7.4,0.567,80,0
2024-07-07,SES0004,P017,RW,7.7,5.3,57.7,59,4.4,2.9,4.9,53.6,0.9,0.598,30,0
2024-07-07,SES0004,P018,CAM,5.9,3.6,60.0,59,5.8,1.7,3.6,48.6,7.7,0.6,30,0
2024-07-07,SES0004,P019,CAM,7.0,2.1,59.0,59,5.5,4.8,4.1,48.6,5.3,0.609,60,0
2024-07-07,SES0004,P020,ST,6.1,3.9,55.8,65,6.6,5.1,5.4,51.2,7.6,0.596,0,0
2024-07-07,SES0004,P021,ST,7.8,5.7,66.5,56,3.6,3.0,6.4,51.9,2.5,0.712,30,0
2024-07-07,SES0004,P022,ST,9.1,2.9,58.0,64,3.9,4.3,3.9,54.3,3.3,0.52,30,0
2024-07-09,SES0005,P001,GK,7.8,5.1,75.7,48,2.4,1.1,4.5,46.7,4.0,0.687,30,0
2024-07-09,SES0005,P002,CB,7.7,3.4,59.4,52,4.8,4.0,5.4,53.7,5.9,0.635,0,0
2024-07-09,SES0005,P003,CB,9.4,5.1,72.1,52,3.6,2.1,4.4,47.4,1.4,0.682,80,0
2024-07-09,SES0005,P004,CB,8.2,2.8,67.9,60,4.1,3.7,4.5,46.4,3.7,0.656,0,0
2024-07-09,SES0005,P005,LB,7.6,3.8,78.6,60,1.9,1.9,5.3,48.1,7.4,0.675,90,0
2024-07-09,SES0005,P006,LB,9.0,3.9,52.1,58,2.3,2.5,3.5,50.2,2.7,0.694,30,0
2024-07-09,SES0005,P007,RB,5.9,3.8,62.7,58,5.0,4.1,2.0,53.7,5.9,0.595,30,0
2024-07-09,SES0005,P008,RB,9.0,5.0,83.5,54,2.0,1.3,2.4,54.6,4.1,0.818,60,0
2024-07-09,SES0005,P009,CDM,8.4,4.0,66.4,60,3.3,4.2,4.7,52.6,2.9,0.708,30,0
2024-07-09,SES0005,P010,CDM,6.3,5.3,75.0,54,2.1,1.0,4.4,53.6,7.6,0.697,0,0
2024-07-09,SES0005,P011,CM,8.5,4.3,66.7,67,4.1,2.1,2.1,47.2,6.1,0.572,0,0
2024-07-09,SES0005,P012,CM,6.5,4.4,58.4,61,4.1,3.9,4.7,48.9,5.9,0.648,0,0
2024-07-09,SES0005,P013,CM,8.1,3.1,67.4,54,3.6,4.0,3.2,49.5,3.6,0.571,30,0
2024-07-09,SES0005,P014,LW,7.4,3.5,60.4,57,3.0,3.4,3.0,47.7,7.9,0.7,0,0
2024-07-09,SES0005,P015,LW,8.2,3.1,58.7,53,2.1,3.0,4.6,51.5,4.7,0.691,0,0
2024-07-09,SES0005,P016,RW,8.6,3.8,69.4,55,3.4,1.4,5.3,47.4,7.9,0.664,90,0
2024-07-09,SES0005,P017,RW,8.9,4.5,69.0,57,2.3,1.8,2.7,51.1,4.1,0.613,80,0
2024-07-09,SES0005,P018,CAM,8.8,4.4,73.1,55,1.0,1.1,2.7,56.7,3.4,0.698,30,0
2024-07-09,SES0005,P019,CAM,7.4,5.1,60.0,59,4.1,2.2,5.4,46.8,7.1,0.684,90,0
2024-07-09,SES0005,P020,ST,8.1,3.6,57.7,62,3.5,2.0,6.0,56.0,3.9,0.707,90,0
2024-07-09,SES0005,P021,ST,9.8,5.2,80.0,56,2.1,4.0,4.2,55.7,2.2,0.718,80,0
2024-07-09,SES0005,P022,ST,7.4,5.3,56.0,59,4.6,4.6,4.6,50.5,4.6,0.58,90,0
2024-07-11,SES0006,P001,GK,7.1,4.0,61.7,58,5.9,4.5,5.4,46.3,5.6,0.566,90,0
2024-07-11,SES0006,P002,CB,5.4,4.0,54.7,69,6.4,6.7,1.0,41.7,0.0,0.614,45,0
2024-07-11,SES0006,P003,CB,7.7,5.3,60.9,56,5.3,5.5,6.6,46.4,4.6,0.649,45,0
2024-07-11,SES0006,P004,CB,5.2,4.7,44.1,63,6.9,4.5,4.6,51.3,3.8,0.668,90,1
2024-07-11,SES0006,P005,LB,7.8,4.4,64.5,66,5.1,4.8,2.7,48.0,8.2,0.573,60,0
2024-07-11,SES0006,P006,LB,6.4,6.3,64.2,58,5.6,3.5,6.7,46.6,0.0,0.589,90,0
2024-07-11,SES0006,P007,RB,7.5,6.3,66.8,53,6.2,3.5,4.8,46.6,5.2,0.628,60,0
2024-07-11,SES0006,P008,RB,6.2,5.3,68.1,63,5.0,3.6,2.5,52.9,6.1,0.574,0,0
2024-07-11,SES0006,P009,CDM,5.7,6.5,62.5,57,5.4,4.4,5.4,56.0,7.9,0.642,60,0
2024-07-11,SES0006,P010,CDM,5.8,4.2,45.0,66,7.0,5.9,5.3,45.5,2.2,0.602,60,0
2024-07-11,SES0006,P011,CM,6.5,3.1,56.3,63,5.4,3.8,4.6,56.6,4.3,0.601,45,0
2024-07-11,SES0006,P012,CM,7.1,5.8,69.3,56,5.2,4.7,4.2,47.4,6.7,0.542,75,0
2024-07-11,SES0006,P013,CM,7.7,6.1,64.9,62,4.0,1.8,4.0,57.0,0.6,0.637,0,0
2024-07-11,SES0006,P014,LW,6.3,4.7,57.3,60,5.7,5.1,5.9,48.6,4.4,0.583,45,0
2024-07-11,SES0006,P015,LW,7.0,4.7,49.9,68,5.6,3.4,4.2,44.9,4.7,0.686,75,0
2024-07-11,SES0006,P016,RW,5.0,7.1,59.0,59,6.4,4.2,4.3,41.0,0.9,0.576,90,0
2024-07-11,SES0006,P017,RW,4.9,6.3,46.6,69,7.9,6.6,5.2,48.4,0.0,0.528,75,0
2024-07-11,SES0006,P018,CAM,8.9,5.4,57.3,67,5.3,4.8,5.2,42.9,4.4,0.597,45,0
2024-07-11,SES0006,P019,CAM,8.6,4.6,51.6,65,6.5,4.1,4.7,43.2,3.3,0.584,0,1
2024-07-11,SES0006,P020,ST,5.3,5.4,57.9,56,5.8,5.2,3.2,49.9,5.6,0.612,45,0
2024-07-11,SES0006,P021,ST,5.4,4.2,43.2,65,5.7,4.1,5.5,44.9,3.6,0.644,45,0
2024-07-11,SES0006,P022,ST,6.5,3.8,49.2,61,5.5,6.7,4.6,49.3,0.1,0.615,45,0
2024-07-13,SES0007,P001,GK,4.7,1.5,55.9,60,9.6,7.1,5.3,45.7,4.7,0.523,60,0
2024-07-13,SES0007,P002,CB,7.4,2.5,50.7,64,4.8,5.0,4.4,53.5,3.3,0.668,60,0
2024-07-13,SES0007,P003,CB,3.5,5.1,51.3,68,8.5,7.9,4.1,49.4,2.4,0.696,0,0
2024-07-13,SES0007,P004,CB,6.4,3.6,63.1,57,7.0,5.5,6.1,48.6,3.9,0.59,0,0
2024-07-13,SES0007,P005,LB,5.6,2.9,59.8,69,7.8,6.8,1.0,48.8,4.7,0.575,75,0
2024-07-13,SES0007,P006,LB,6.4,2.6,51.8,62,7.8,6.4,5.8,42.8,3.7,0.598,60,0
2024-07-13,SES0007,P007,RB,8.6,4.7,59.9,51,4.5,4.1,3.0,51.9,7.2,0.676,45,0
2024-07-13,SES0007,P008,RB,6.3,2.3,39.7,63,6.6,6.2,2.2,47.8,3.7,0.546,60,0
2024-07-13,SES0007,P009,CDM,4.2,5.3,52.7,72,8.8,6.4,4.0,45.1,0.7,0.576,60,0
2024-07-13,SES0007,P010,CDM,4.3,2.3,51.2,63,8.0,7.0,4.6,49.8,4.0,0.55,75,1
2024-07-13,SES0007,P011,CM,5.4,4.0,51.5,64,8.9,7.0,4.9,46.4,3.6,0.567,90,1
2024-07-13,SES0007,P012,CM,7.2,4.9,59.3,52,6.3,5.8,4.7,52.8,4.2,0.612,75,0
2024-07-13,SES0007,P013,CM,4.5,3.2,44.4,60,8.2,6.6,5.1,42.6,1.8,0.547,75,0
2024-07-13,SES0007,P014,LW,3.7,5.8,54.9,69,10.0,7.1,4.9,46.5,3.4,0.579,45,0
2024-07-13,SES0007,P015,LW,6.1,3.3,61.8,62,6.3,5.4,3.2,47.1,2.6,0.635,0,0
2024-07-13,SES0007,P016,RW,7.4,3.2,65.6,66,7.1,5.9,4.8,48.7,1.7,0.662,60,0
2024-07-13,SES0007,P017,RW,6.8,3.5,64.9,58,6.2,5.5,2.6,47.2,8.7,0.588,90,0
2024-07-13,SES0007,P018,CAM,5.5,2.0,49.9,57,7.3,5.4,5.8,47.5,1.6,0.542,75,0
2024-07-13,SES0007,P019,CAM,4.4,4.2,35.0,66,9.5,7.4,5.4,43.4,5.7,0.659,60,0
2024-07-13,SES0007,P020,ST,4.3,4.0,52.3,71,7.9,5.2,2.4,49.6,5.5,0.508,45,0
2024-07-13,SES0007,P021,ST,4.4,2.4,40.8,67,9.9,7.7,2.6,48.1,6.4,0.562,75,0
2024-07-13,SES0007,P022,ST,6.9,3.4,72.5,61,6.9,4.4,7.2,46.2,3.7,0.554,60,0
2024-07-15,SES0008,P001,GK,7.7,1.0,55.3,63,5.6,5.7,3.1,46.5,2.8,0.683,0,0
2024-07-15,SES0008,P002,CB,7.0,3.0,66.7,56,4.3,2.1,4.5,49.9,8.2,0.734,0,0
2024-07-15,SES0008,P003,CB,7.2,1.7,59.6,64,4.6,3.2,4.2,51.1,6.1,0.628,60,0
2024-07-15,SES0008,P004,CB,6.8,3.5,57.5,51,4.6,4.5,5.0,49.0,6.4,0.651,80,0
2024-07-15,SES0008,P005,LB,5.9,3.3,59.3,65,4.3,3.6,6.4,48.3,3.2,0.607,30,0
2024-07-15,SES0008,P006,LB,6.4,4.3,72.7,59,4.1,4.2,2.6,46.5,8.4,0.632,0,0
2024-07-15,SES0008,P007,RB,7.8,2.2,59.7,54,3.2,1.7,4.2,55.5,7.1,0.703,90,0
2024-07-15,SES0008,P008,RB,8.8,1.8,67.2,61,4.6,3.2,2.5,43.5,2.2,0.715,0,0
2024-07-15,SES0008,P009,CDM,6.7,3.7,67.4,56,5.1,4.2,3.2,47.2,1.5,0.622,90,0
2024-07-15,SES0008,P010,CDM,6.6,3.0,45.2,63,6.0,3.9,4.5,53.1,5.7,0.708,0,0
2024-07-15,SES0008,P011,CM,7.3,2.5,50.1,56,5.3,2.4,7.2,49.8,3.8,0.543,30,0
2024-07-15,SES0008,P012,CM,8.9,4.0,54.1,60,5.2,2.3,3.7,47.6,1.4,0.556,60,0
2024-07-15,SES0008,P013,CM,9.6,4.4,60.9,55,3.3,2.7,4.4,54.2,0.0,0.593,80,0
2024-07-15,SES0008,P014,LW,8.9,3.8,43.7,57,4.2,5.2,5.0,45.9,6.3,0.636,60,0
2024-07-15,SES0008,P015,LW,6.0,2.5,47.2,55,5.5,5.1,5.0,44.5,6.5,0.534,30,0
2024-07-15,SES0008,P016,RW,6.3,4.4,78.0,63,4.9,3.8,3.8,50.6,4.2,0.636,30,0
2024-07-15,SES0008,P017,RW,5.0,1.0,59.1,57,6.4,4.6,4.8,50.4,3.5,0.568,30,0
2024-07-15,SES0008,P018,CAM,7.0,2.3,77.7,49,2.9,2.3,5.1,50.9,7.2,0.596,60,0
2024-07-15,SES0008,P019,CAM,7.5,2.7,69.7,59,4.0,2.8,3.6,52.6,5.2,0.684,30,0
2024-07-15,SES0008,P020,ST,5.8,2.1,55.1,60,5.8,5.5,6.2,50.5,0.0,0.627,0,0
2024-07-15,SES0008,P021,ST,9.2,2.8,58.8,58,3.6,4.0,6.3,52.2,4.9,0.635,0,0
2024-07-15,SES0008,P022,ST,8.1,3.7,62.6,58,4.7,3.2,5.9,46.0,2.8,0.571,0,0
2024-07-17,SES0009,P001,GK,4.9,5.8,39.1,65,7.9,6.4,3.5,43.8,2.0,0.502,60,0
2024-07-17,SES0009,P002,CB,5.7,5.3,51.3,63,7.4,6.7,4.2,48.9,1.3,0.61,60,0
2024-07-17,SES0009,P003,CB,5.8,4.3,70.1,66,5.5,2.7,4.6,46.5,5.7,0.551,90,0
2024-07-17,SES0009,P004,CB,6.2,4.1,77.4,55,6.1,6.0,2.3,57.6,3.7,0.609,90,0
2024-07-17,SES0009,P005,LB,6.7,6.1,67.6,56,4.6,3.9,3.9,50.7,3.6,0.667,75,0
2024-07-17,SES0009,P006,LB,8.7,4.0,69.5,55,3.0,1.0,6.6,45.0,3.4,0.676,75,0
2024-07-17,SES0009,P007,RB,4.8,5.4,56.5,62,7.8,4.2,3.4,52.2,5.5,0.529,45,0
2024-07-17,SES0009,P008,RB,4.8,6.2,69.4,54,5.2,2.5,4.6,48.5,5.5,0.613,75,0
2024-07-17,SES0009,P009,CDM,6.1,6.6,40.9,61,6.1,5.1,3.3,49.4,5.6,0.563,90,0
2024-07-17,SES0009,P010,CDM,7.3,5.7,70.4,64,4.3,3.3,6.8,43.1,3.7,0.563,75,0
2024-07-17,SES0009,P011,CM,8.6,4.3,64.1,55,4.0,1.7,4.0,49.4,8.2,0.636,45,0
2024-07-17,SES0009,P012,CM,7.8,4.8,55.9,56,5.1,3.6,4.3,57.7,3.8,0.488,0,0
2024-07-17,SES0009,P013,CM,7.9,5.3,63.2,58,5.1,3.2,7.8,55.5,7.9,0.665,60,0
2024-07-17,SES0009,P014,LW,8.6,7.2,66.8,60,4.8,4.6,5.1,57.9,2.7,0.719,75,0
2024-07-17,SES0009,P015,LW,6.1,3.3,65.6,66,5.3,2.6,5.3,53.0,6.6,0.61,90,0
2024-07-17,SES0009,P016,RW,5.1,4.6,68.2,59,4.8,4.0,4.6,53.6,5.0,0.616,90,0
2024-07-17,SES0009,P017,RW,6.3,4.1,55.3,66,6.7,5.9,5.1,46.3,2.6,0.585,60,0
2024-07-17,SES0009,P018,CAM,8.7,3.6,70.3,44,3.9,2.4,2.8,50.6,4.4,0.594,90,0
2024-07-17,SES0009,P019,CAM,6.5,4.4,55.5,65,4.9,4.2,3.3,51.1,2.6,0.609,45,0
2024-07-17,SES0009,P020,ST,5.7,4.2,47.7,62,6.1,5.4,3.9,48.8,5.7,0.642,75,0
2024-07-17,SES0009,P021,ST,6.7,6.3,55.0,56,5.0,5.3,3.5,52.4,3.5,0.601,90,0
2024-07-17,SES0009,P022,ST,6.8,2.6,65.2,57,4.5,4.4,4.4,50.3,2.3,0.629,45,0
2024-07-19,SES0010,P001,GK,3.9,2.8,53.1,71,8.9,6.3,4.3,47.9,5.7,0.572,60,0
2024-07-19,SES0010,P002,CB,4.6,4.8,45.6,66,7.4,6.3,3.2,44.7,4.5,0.555,60,0
2024-07-19,SES0010,P003,CB,6.7,4.7,62.0,60,5.6,5.1,3.1,51.4,3.2,0.621,60,0
2024-07-19,SES0010,P004,CB,7.1,3.4,49.1,57,5.4,4.1,3.7,46.6,9.4,0.604,45,0
2024-07-19,SES0010,P005,LB,5.1,3.0,62.0,57,5.8,5.0,5.1,49.3,3.9,0.578,75,0
2024-07-19,SES0010,P006,LB,6.5,3.6,68.3,58,5.6,4.6,2.9,50.9,0.0,0.613,75,0
2024-07-19,SES0010,P007,RB,5.1,2.6,56.9,62,6.3,6.9,4.6,45.2,5.7,0.574,60,0
2024-07-19,SES0010,P008,RB,4.2,1.1,42.5,65,7.9,5.5,3.4,49.7,6.7,0.592,90,0
2024-07-19,SES0010,P009,CDM,5.3,2.3,49.6,63,9.3,8.5,4.5,46.0,0.0,0.545,90,0
2024-07-19,SES0010,P010,CDM,5.3,5.6,49.2,64,7.4,5.5,5.1,50.1,6.7,0.61,90,0
2024-07-19,SES0010,P011,CM,5.2,5.3,57.8,65,6.4,5.6,5.5,46.8,6.7,0.611,75,0
2024-07-19,SES0010,P012,CM,6.4,3.8,47.2,61,6.4,4.7,4.4,52.4,5.9,0.623,75,0
2024-07-19,SES0010,P013,CM,4.2,2.4,54.4,65,7.5,5.6,4.6,52.1,6.0,0.556,90,0
2024-07-19,SES0010,P014,LW,5.5,3.8,66.3,60,6.9,4.5,4.3,47.5,2.3,0.545,60,0
2024-07-19,SES0010,P015,LW,6.4,4.2,51.9,55,5.7,4.6,2.3,54.0,5.4,0.525,60,0
2024-07-19,SES0010,P016,RW,6.1,5.0,56.7,64,6.7,5.6,3.2,44.2,3.4,0.577,90,0
2024-07-19,SES0010,P017,RW,6.9,3.0,52.9,58,5.4,4.8,1.0,45.7,3.4,0.666,60,0
2024-07-19,SES0010,P018,CAM,6.4,2.9,50.0,68,6.5,5.3,5.1,48.6,3.5,0.627,75,0
2024-07-19,SES0010,P019,CAM,5.2,4.1,49.8,60,6.6,4.5,6.5,51.6,1.0,0.557,75,0
2024-07-19,SES0010,P020,ST,7.0,2.9,59.9,61,5.1,3.2,2.8,44.6,2.1,0.667,75,0
2024-07-19,SES0010,P021,ST,5.4,2.3,46.4,57,6.7,5.6,4.5,54.1,6.2,0.673,90,0
2024-07-19,SES0010,P022,ST,5.2,2.7,55.2,70,8.0,7.6,2.5,47.0,6.6,0.529,75,0
2024-07-21,SES0011,P001,GK,6.6,5.5,48.2,58,6.3,4.8,3.6,49.8,5.7,0.5,80,0
2024-07-21,SES0011,P002,CB,7.6,7.3,60.7,54,4.9,3.6,5.5,43.6,5.2,0.707,0,0
2024-07-21,SES0011,P003,CB,5.4,6.6,48.3,58,6.0,5.7,2.7,52.6,0.1,0.62,30,0
2024-07-21,SES0011,P004,CB,5.2,3.2,45.9,61,6.1,5.2,6.3,48.5,7.6,0.534,90,0
2024-07-21,SES0011,P005,LB,4.7,4.5,62.2,62,6.7,5.7,2.8,47.2,0.9,0.462,0,0
2024-07-21,SES0011,P006,LB,5.6,5.5,69.3,60,4.2,3.0,2.6,57.1,6.9,0.481,0,0
2024-07-21,SES0011,P007,RB,6.8,5.2,57.3,57,6.8,5.3,6.0,47.4,5.7,0.61,90,0
2024-07-21,SES0011,P008,RB,6.4,5.6,50.8,53,6.0,4.3,6.0,48.2,3.7,0.607,90,0
2024-07-21,SES0011,P009,CDM,6.1,6.3,53.9,60,6.3,3.3,2.4,46.8,3.1,0.636,60,0
2024-07-21,SES0011,P010,CDM,8.3,3.9,60.8,59,2.8,4.1,5.5,55.0,0.9,0.789,60,0
2024-07-21,SES0011,P011,CM,7.3,5.9,55.1,64,6.3,6.2,3.8,47.6,1.7,0.581,60,0
2024-07-21,SES0011,P012,CM,7.1,7.6,62.9,70,4.8,3.7,5.0,57.8,7.2,0.767,30,1
2024-07-21,SES0011,P013,CM,7.0,5.5,61.8,54,4.9,3.8,6.8,50.2,4.4,0.628,30,0
2024-07-21,SES0011,P014,LW,6.9,4.8,69.0,61,5.1,5.6,6.4,51.5,3.4,0.643,60,0
2024-07-21,SES0011,P015,LW,6.0,6.8,64.5,59,5.3,4.1,2.8,51.9,0.0,0.614,90,0
2024-07-21,SES0011,P016,RW,8.4,4.6,59.6,63,5.0,3.5,7.3,50.6,7.5,0.671,60,0
2024-07-21,SES0011,P017,RW,7.7,4.4,66.2,67,5.0,4.8,4.3,50.0,5.1,0.571,0,0
2024-07-21,SES0011,P018,CAM,7.1,4.2,58.5,55,4.0,3.6,5.6,48.2,8.1,0.584,60,0
2024-07-21,SES0011,P019,CAM,4.2,6.7,45.1,59,6.7,7.2,4.6,47.0,3.2,0.564,30,0
2024-07-21,SES0011,P020,ST,6.0,2.9,54.1,56,6.2,4.5,3.2,47.9,1.7,0.579,90,0
2024-07-21,SES0011,P021,ST,8.5,5.1,66.2,58,4.0,2.3,5.7,48.0,5.0,0.675,30,0
2024-07-21,SES0011,P022,ST,5.4,5.7,66.5,54,5.7,4.9,5.3,51.9,4.7,0.592,30,0
2024-07-23,SES0012,P001,GK,7.6,4.3,56.3,72,4.3,2.5,4.7,52.4,3.8,0.608,60,0
2024-07-23,SES0012,P002,CB,9.2,8.0,46.0,60,4.3,3.9,5.6,55.0,5.4,0.567,0,0
2024-07-23,SES0012,P003,CB,6.8,6.6,64.7,64,4.2,4.0,6.5,48.6,1.8,0.641,0,0
2024-07-23,SES0012,P004,CB,7.9,8.9,61.6,50,1.4,1.0,4.5,52.1,2.8,0.743,90,0
2024-07-23,SES0012,P005,LB,8.3,7.2,63.7,52,3.7,3.0,3.4,46.1,3.5,0.638,0,0
2024-07-23,SES0012,P006,LB,8.1,5.0,71.6,58,3.4,1.6,3.2,50.5,3.2,0.703,90,0
2024-07-23,SES0012,P007,RB,8.9,6.6,68.2,54,1.7,1.0,3.3,50.1,2.4,0.632,60,0
2024-07-23,SES0012,P008,RB,9.3,6.7,60.3,49,3.4,2.4,4.6,48.8,8.0,0.636,60,0
2024-07-23,SES0012,P009,CDM,8.7,6.5,76.6,55,1.7,1.0,4.5,54.8,3.4,0.669,0,0
2024-07-23,SES0012,P010,CDM,10.0,7.2,69.4,53,1.0,1.0,4.2,48.1,1.2,0.616,80,0
2024-07-23,SES0012,P011,CM,7.6,6.9,57.3,56,4.0,3.2,2.7,52.3,0.5,0.67,0,0
2024-07-23,SES0012,P012,CM,8.7,5.0,58.6,55,1.1,1.3,3.4,45.5,7.3,0.797,60,0
2024-07-23,SES0012,P013,CM,8.2,7.2,56.9,68,2.0,2.0,4.4,51.9,3.2,0.686,0,0
2024-07-23,SES0012,P014,LW,9.3,6.3,73.2,49,1.6,2.5,2.6,51.5,4.1,0.723,0,0
2024-07-23,SES0012,P015,LW,9.0,6.5,68.2,51,1.0,1.1,5.0,53.1,0.0,0.645,60,0
2024-07-23,SES0012,P016,RW,8.6,6.8,94.7,52,1.0,1.0,5.4,52.5,6.3,0.662,0,0
2024-07-23,SES0012,P017,RW,8.7,8.7,60.2,63,4.0,3.3,6.5,54.5,6.5,0.645,0,0
2024-07-23,SES0012,P018,CAM,7.7,7.7,58.0,54,1.8,1.4,3.3,56.0,0.0,0.694,90,0
2024-07-23,SES0012,P019,CAM,8.9,6.8,58.7,51,2.9,2.7,5.3,53.1,2.4,0.583,0,0
2024-07-23,SES0012,P020,ST,8.2,7.4,63.9,63,5.1,4.9,4.8,48.7,6.9,0.639,0,0
2024-07-23,SES0012,P021,ST,10.0,8.2,71.3,58,1.0,1.0,2.8,57.2,5.1,0.725,0,0
2024-07-23,SES0012,P022,ST,10.0,5.1,73.0,56,2.6,2.2,5.4,43.3,2.7,0.692,0,0
2024-07-25,SES0013,P001,GK,7.2,6.3,63.5,55,3.9,2.9,6.1,52.0,2.7,0.665,30,0
2024-07-25,SES0013,P002,CB,6.7,6.2,68.3,55,3.7,2.4,8.0,49.6,0.9,0.621,60,0
2024-07-25,SES0013,P003,CB,4.9,5.6,77.8,58,5.8,5.5,6.2,48.9,0.0,0.628,0,0
2024-07-25,SES0013,P004,CB,8.9,5.3,66.6,56,2.3,1.1,5.2,56.0,5.9,0.676,90,0
2024-07-25,SES0013,P005,LB,7.8,5.2,72.9,58,3.1,2.5,2.3,54.7,3.2,0.724,90,0
2024-07-25,SES0013,P006,LB,9.2,4.5,59.2,45,1.5,1.3,6.0,57.9,4.2,0.768,0,0
2024-07-25,SES0013,P007,RB,7.2,5.5,66.7,60,4.4,3.3,3.2,50.4,7.8,0.484,60,0
2024-07-25,SES0013,P008,RB,5.4,5.6,75.9,63,5.3,3.9,1.3,52.7,1.8,0.618,80,0
2024-07-25,SES0013,P009,CDM,8.5,7.4,61.2,54,3.4,3.8,1.9,49.2,7.9,0.621,30,0
2024-07-25,SES0013,P010,CDM,7.4,6.2,35.0,61,4.8,4.8,4.5,45.1,0.0,0.525,60,0
2024-07-25,SES0013,P011,CM,6.7,4.3,61.3,66,3.8,2.1,6.6,51.2,7.0,0.669,60,0
2024-07-25,SES0013,P012,CM,5.5,7.7,49.7,56,4.3,2.8,5.1,52.4,1.1,0.6,0,0
2024-07-25,SES0013,P013,CM,6.8,6.3,79.9,58,2.5,2.6,4.5,54.6,2.1,0.701,0,0
2024-07-25,SES0013,P014,LW,6.1,6.6,64.4,56,5.6,6.2,3.2,50.2,6.8,0.653,0,0
2024-07-25,SES0013,P015,LW,5.9,5.3,45.7,67,6.3,4.0,4.8,46.5,5.3,0.662,60,1
2024-07-25,SES0013,P016,RW,4.7,6.0,52.5,59,4.8,2.5,2.7,53.5,4.6,0.651,60,0
2024-07-25,SES0013,P017,RW,7.3,5.6,60.9,62,4.4,3.4,4.3,52.6,5.0,0.48,0,0
2024-07-25,SES0013,P018,CAM,6.0,7.6,75.2,59,4.0,3.5,5.1,49.5,7.4,0.601,60,0
2024-07-25,SES0013,P019,CAM,5.6,5.7,62.2,58,4.5,4.4,8.8,52.9,3.5,0.578,80,0
2024-07-25,SES0013,P020,ST,7.0,4.9,70.5,58,4.3,3.2,4.4,56.2,3.2,0.621,0,0
2024-07-25,SES0013,P021,ST,6.8,3.4,66.4,55,3.5,2.4,5.0,55.1,8.0,0.684,90,0
2024-07-25,SES0013,P022,ST,7.1,5.7,61.1,59,5.5,2.0,7.1,46.7,3.1,0.683,30,0
2024-07-27,SES0014,P001,GK,7.4,6.2,61.3,57,3.4,2.8,3.2,49.3,0.4,0.663,80,0
2024-07-27,SES0014,P002,CB,7.9,8.3,55.8,64,5.8,4.0,5.6,53.4,0.3,0.627,90,0
2024-07-27,SES0014,P003,CB,8.0,5.4,56.4,58,6.2,5.8,4.8,49.5,2.6,0.565,0,0
2024-07-27,SES0014,P004,CB,5.2,8.0,60.3,61,8.1,6.4,4.6,49.7,1.2,0.604,80,0
2024-07-27,SES0014,P005,LB,5.0,7.9,59.5,61,4.6,2.4,6.1,50.9,7.1,0.65,80,0
2024-07-27,SES0014,P006,LB,8.6,7.9,68.3,55,4.6,1.3,5.0,51.2,0.0,0.59,0,0
2024-07-27,SES0014,P007,RB,7.3,8.7,52.5,58,5.2,4.0,3.0,44.5,3.5,0.601,60,0
2024-07-27,SES0014,P008,RB,6.3,7.4,59.9,57,5.1,2.7,3.1,49.1,8.0,0.567,80,0
2024-07-27,SES0014,P009,CDM,7.0,6.2,64.0,52,4.4,3.3,6.8,54.1,5.6,0.57,0,0
2024-07-27,SES0014,P010,CDM,10.0,4.4,72.2,56,2.7,2.1,4.3,50.2,6.7,0.675,0,0
2024-07-27,SES0014,P011,CM,8.5,5.4,70.3,60,3.8,3.3,6.6,49.2,5.8,0.659,0,0
2024-07-27,SES0014,P012,CM,4.6,6.7,57.5,66,7.0,5.1,3.9,43.7,6.9,0.575,60,0
2024-07-27,SES0014,P013,CM,6.4,7.7,73.3,63,5.0,3.4,4.5,52.8,6.0,0.643,90,0
2024-07-27,SES0014,P014,LW,6.8,5.4,71.2,54,2.9,3.1,3.3,44.9,0.0,0.735,30,0
2024-07-27,SES0014,P015,LW,6.7,8.4,71.2,58,4.1,3.7,5.3,50.9,1.0,0.588,30,0
2024-07-27,SES0014,P016,RW,6.8,6.4,77.4,52,4.0,3.2,3.1,51.0,5.0,0.642,60,0
2024-07-27,SES0014,P017,RW,8.0,5.9,52.6,59,3.7,1.6,6.5,58.9,0.7,0.632,30,0
2024-07-27,SES0014,P018,CAM,8.6,6.1,63.3,58,4.2,3.7,3.7,48.2,6.8,0.642,90,0
2024-07-27,SES0014,P019,CAM,8.7,6.2,56.6,56,3.0,1.5,2.1,54.5,3.7,0.613,0,0
2024-07-27,SES0014,P020,ST,6.3,4.8,49.5,66,7.1,8.3,5.5,46.1,0.5,0.582,30,0
2024-07-27,SES0014,P021,ST,7.5,6.0,69.3,63,5.0,4.5,3.2,51.7,1.2,0.742,0,0
2024-07-27,SES0014,P022,ST,6.0,5.1,73.1,55,4.0,3.8,5.0,55.6,0.0,0.621,80,0
2024-07-29,SES0015,P001,GK,8.4,3.5,60.5,63,5.5,5.2,2.9,50.8,6.5,0.587,0,0
2024-07-29,SES0015,P002,CB,6.7,4.4,45.3,56,6.5,5.3,5.5,48.4,7.9,0.531,60,0
2024-07-29,SES0015,P003,CB,7.3,4.5,71.0,63,5.3,3.9,3.5,52.6,4.7,0.539,60,0
2024-07-29,SES0015,P004,CB,7.2,4.3,74.9,59,5.1,4.7,5.7,43.9,4.5,0.596,60,0
2024-07-29,SES0015,P005,LB,7.2,5.6,47.4,61,5.7,2.5,5.3,48.3,5.7,0.617,0,0
2024-07-29,SES0015,P006,LB,6.6,3.9,51.9,62,6.8,6.1,4.3,48.5,0.9,0.565,30,0
2024-07-29,SES0015,P007,RB,6.0,4.2,58.6,61,7.5,5.7,2.7,49.8,3.2,0.606,0,1
2024-07-29,SES0015,P008,RB,5.9,3.8,64.1,53,5.9,3.1,2.9,45.7,4.3,0.672,60,0
2024-07-29,SES0015,P009,CDM,6.7,3.6,59.1,57,5.5,4.8,6.0,53.1,1.1,0.555,0,0
2024-07-29,SES0015,P010,CDM,6.2,5.4,62.7,58,5.3,3.1,5.6,41.0,0.6,0.558,60,0
2024-07-29,SES0015,P011,CM,6.9,4.2,64.4,56,4.0,3.9,3.9,53.3,4.6,0.643,60,0
2024-07-29,SES0015,P012,CM,4.7,4.2,72.0,61,7.1,4.5,2.2,41.0,2.5,0.487,30,0
2024-07-29,SES0015,P013,CM,6.5,4.1,47.0,62,5.6,4.8,5.8,56.2,5.0,0.587,30,0
2024-07-29,SES0015,P014,LW,8.7,5.0,67.4,61,4.5,3.9,5.0,55.0,4.0,0.591,0,0
2024-07-29,SES0015,P015,LW,7.2,2.5,59.8,66,7.1,6.2,4.8,50.4,7.2,0.524,30,0
2024-07-29,SES0015,P016,RW,7.5,2.0,74.6,53,3.5,1.4,3.6,56.2,4.4,0.674,0,0
2024-07-29,SES0015,P017,RW,6.9,2.5,49.1,63,6.7,5.3,3.5,50.5,1.8,0.582,90,0
2024-07-29,SES0015,P018,CAM,8.8,4.2,64.9,57,2.4,3.1,5.2,58.5,1.8,0.674,30,0
2024-07-29,SES0015,P019,CAM,9.5,5.2,67.4,52,4.8,2.5,4.4,47.7,6.0,0.683,90,0
2024-07-29,SES0015,P020,ST,5.7,3.3,50.4,62,6.8,5.1,3.2,51.7,5.6,0.553,0,0
2024-07-29,SES0015,P021,ST,7.3,1.7,52.9,59,4.2,3.5,2.8,54.2,3.5,0.649,30,0
2024-07-29,SES0015,P022,ST,3.9,5.4,47.4,60,8.0,7.0,6.2,48.0,1.7,0.526,30,0
2024-07-31,SES0016,P001,GK,6.1,7.9,52.2,58,5.9,6.0,3.5,51.5,4.6,0.598,0,0
2024-07-31,SES0016,P002,CB,8.4,8.0,70.8,67,4.5,2.9,3.9,56.4,1.7,0.676,0,0
2024-07-31,SES0016,P003,CB,8.5,9.4,59.8,61,4.4,3.9,4.2,53.4,0.0,0.611,60,0
2024-07-31,SES0016,P004,CB,7.7,7.7,81.4,56,2.4,1.9,4.0,50.6,3.4,0.753,60,0
2024-07-31,SES0016,P005,LB,7.1,7.8,59.8,55,4.2,3.8,2.3,53.3,1.7,0.679,0,0
2024-07-31,SES0016,P006,LB,10.0,7.2,60.3,56,2.4,1.0,6.8,56.7,4.2,0.654,30,0
2024-07-31,SES0016,P007,RB,7.9,7.8,47.4,58,4.7,3.3,4.0,52.3,5.9,0.659,0,0
2024-07-31,SES0016,P008,RB,8.0,7.6,62.4,61,3.0,4.4,3.5,51.8,6.2,0.734,60,0
2024-07-31,SES0016,P009,CDM,7.8,6.7,54.4,54,3.1,2.4,3.5,51.2,7.1,0.768,30,0
2024-07-31,SES0016,P010,CDM,7.0,6.5,54.8,57,5.0,5.5,4.2,55.3,5.7,0.582,0,0
2024-07-31,SES0016,P011,CM,8.3,4.5,55.4,55,4.3,3.5,4.0,44.0,8.0,0.598,60,0
2024-07-31,SES0016,P012,CM,6.3,7.9,52.7,59,6.0,6.0,2.7,52.4,5.9,0.589,90,0
2024-07-31,SES0016,P013,CM,6.6,6.8,62.2,58,4.5,3.0,3.5,49.4,7.4,0.707,80,0
2024-07-31,SES0016,P014,LW,9.5,7.0,71.2,54,1.9,1.3,3.2,52.8,1.2,0.723,60,0
2024-07-31,SES0016,P015,LW,6.8,6.2,56.4,60,5.9,3.5,3.7,54.2,5.4,0.576,60,0
2024-07-31,SES0016,P016,RW,9.3,7.2,55.7,46,2.0,1.0,6.8,46.8,3.0,0.666,60,0
2024-07-31,SES0016,P017,RW,7.7,9.0,63.0,60,4.4,2.5,2.1,55.3,3.4,0.612,90,0
2024-07-31,SES0016,P018,CAM,7.2,7.4,48.4,59,4.0,2.9,5.6,49.7,6.2,0.647,30,0
2024-07-31,SES0016,P019,CAM,7.9,5.9,59.9,61,3.6,1.4,3.1,53.7,3.5,0.59,0,0
2024-07-31,SES0016,P020,ST,8.4,7.0,59.3,56,4.0,3.5,2.2,50.7,1.8,0.639,90,0
2024-07-31,SES0016,P021,ST,7.1,6.3,69.1,58,4.2,3.5,1.5,50.4,5.2,0.741,30,0
2024-07-31,SES0016,P022,ST,8.5,7.9,56.4,58,3.5,2.1,3.4,43.6,6.9,0.65,30,0
2024-08-02,SES0017,P001,GK,6.4,5.3,56.8,55,4.1,3.6,4.0,48.2,3.2,0.625,90,0
2024-08-02,SES0017,P002,CB,5.5,5.9,55.6,64,4.9,4.6,3.8,51.1,4.8,0.634,30,0
2024-08-02,SES0017,P003,CB,6.7,5.0,52.6,57,3.6,2.9,3.7,50.3,3.0,0.644,60,0
2024-08-02,SES0017,P004,CB,7.9,4.8,48.6,57,4.6,4.7,6.8,48.1,0.1,0.642,90,0
2024-08-02,SES0017,P005,LB,7.2,3.5,56.0,60,5.3,3.1,5.0,55.4,2.3,0.617,60,0
2024-08-02,SES0017,P006,LB,6.4,6.0,36.8,53,7.1,4.5,4.5,47.4,5.5,0.595,80,1
2024-08-02,SES0017,P007,RB,7.5,5.9,55.1,60,6.3,5.5,5.1,47.7,6.1,0.612,80,0
2024-08-02,SES0017,P008,RB,7.5,6.4,56.5,66,8.0,5.6,7.0,47.3,5.7,0.566,60,1
2024-08-02,SES0017,P009,CDM,5.9,5.5,56.5,58,6.1,5.1,2.9,49.0,0.0,0.619,60,0
2024-08-02,SES0017,P010,CDM,7.9,5.4,68.6,55,3.5,2.8,6.1,52.4,7.3,0.637,60,0
2024-08-02,SES0017,P011,CM,4.7,5.7,54.2,61,6.4,4.8,5.0,52.6,4.8,0.673,80,0
2024-08-02,SES0017,P012,CM,5.5,3.9,61.8,65,6.9,5.3,4.7,49.2,4.6,0.524,30,0
2024-08-02,SES0017,P013,CM,6.1,6.6,58.0,61,7.3,6.5,4.3,48.0,1.7,0.557,30,0
2024-08-02,SES0017,P014,LW,6.7,4.4,57.6,62,5.3,4.5,2.1,50.0,2.6,0.576,30,0
2024-08-02,SES0017,P015,LW,7.6,5.8,59.2,63,5.8,5.1,5.9,49.9,5.7,0.525,90,0
2024-08-02,SES0017,P016,RW,6.3,5.0,40.8,61,5.1,4.5,3.5,53.3,4.1,0.588,0,1
2024-08-02,SES0017,P017,RW,4.6,6.7,50.7,61,6.7,5.2,2.8,50.4,1.5,0.548,80,0
2024-08-02,SES0017,P018,CAM,7.2,5.2,56.7,65,6.3,2.7,4.3,48.2,8.0,0.575,90,0
2024-08-02,SES0017,P019,CAM,6.4,7.3,62.2,54,3.7,2.0,7.5,50.9,5.7,0.696,0,0
2024-08-02,SES0017,P020,ST,3.7,5.8,48.1,63,7.5,4.3,2.2,47.7,4.5,0.5,30,0
2024-08-02,SES0017,P021,ST,6.0,6.4,53.3,71,7.2,5.5,5.4,45.5,4.4,0.555,0,0
2024-08-02,SES0017,P022,ST,8.1,7.6,63.6,57,3.4,1.1,5.4,54.3,2.2,0.63,80,0
2024-08-04,SES0018,P001,GK,6.5,7.3,60.9,60,4.9,5.3,4.7,52.2,4.0,0.632,30,0
2024-08-04,SES0018,P002,CB,6.8,7.3,68.5,62,4.1,4.0,1.0,46.8,4.5,0.635,60,0
2024-08-04,SES0018,P003,CB,7.6,7.8,55.8,57,4.6,2.3,4.0,53.6,4.5,0.526,60,0
2024-08-04,SES0018,P004,CB,6.0,7.6,60.8,59,5.1,3.1,3.1,52.5,4.0,0.705,30,0
2024-08-04,SES0018,P005,LB,9.3,3.7,55.2,57,3.9,4.7,3.8,51.2,1.6,0.554,90,0
2024-08-04,SES0018,P006,LB,7.7,4.9,60.8,58,6.8,5.8,3.7,43.2,4.7,0.592,30,0
2024-08-04,SES0018,P007,RB,7.3,6.6,50.3,64,5.3,2.8,3.9,47.4,3.6,0.683,0,0
2024-08-04,SES0018,P008,RB,6.6,7.0,66.0,55,4.8,3.3,7.2,47.5,4.0,0.669,0,0
2024-08-04,SES0018,P009,CDM,9.2,4.5,79.1,54,3.3,1.5,3.4,49.7,1.1,0.563,30,0
2024-08-04,SES0018,P010,CDM,6.7,3.0,69.5,62,4.0,3.3,5.0,51.6,4.6,0.648,60,0
2024-08-04,SES0018,P011,CM,7.3,7.0,61.2,60,4.9,2.8,5.9,50.3,0.8,0.556,60,0
2024-08-04,SES0018,P012,CM,4.4,5.5,60.7,61,5.7,5.8,4.7,48.4,4.0,0.635,60,0
2024-08-04,SES0018,P013,CM,6.3,7.6,57.1,56,3.9,2.7,3.8,54.4,3.9,0.633,0,0
2024-08-04,SES0018,P014,LW,7.8,6.5,78.5,53,2.8,1.6,5.5,51.2,2.9,0.644,0,0
2024-08-04,SES0018,P015,LW,8.9,6.6,83.3,58,4.8,3.1,5.9,51.4,4.2,0.611,0,0
2024-08-04,SES0018,P016,RW,5.4,6.0,56.5,57,2.9,1.1,3.4,53.7,3.2,0.731,0,0
2024-08-04,SES0018,P017,RW,8.8,7.5,52.7,62,3.9,3.1,6.7,53.4,0.0,0.708,0,0
2024-08-04,SES0018,P018,CAM,5.8,8.0,51.7,61,5.6,3.3,7.7,55.9,1.2,0.653,0,0
2024-08-04,SES0018,P019,CAM,7.5,7.6,71.7,61,3.2,1.6,2.2,47.0,6.7,0.708,30,0
2024-08-04,SES0018,P020,ST,7.7,5.6,68.8,61,2.8,1.8,5.3,50.7,2.0,0.705,60,0
2024-08-04,SES0018,P021,ST,6.9,4.9,70.5,61,3.6,2.8,3.3,44.5,1.9,0.575,30,0
2024-08-04,SES0018,P022,ST,6.5,3.8,58.3,57,2.5,2.7,2.1,52.3,4.8,0.67,0,0
2024-08-06,SES0019,P001,GK,6.9,5.3,60.8,60,3.8,2.2,2.2,49.8,6.7,0.594,90,0
2024-08-06,SES0019,P002,CB,6.5,7.5,58.4,66,3.9,1.4,5.7,47.5,6.7,0.641,90,0
2024-08-06,SES0019,P003,CB,7.9,5.3,57.2,59,4.4,3.9,3.4,54.8,9.2,0.675,30,0
2024-08-06,SES0019,P004,CB,6.8,4.3,51.4,64,4.8,4.9,4.4,55.2,7.7,0.548,0,0
2024-08-06,SES0019,P005,LB,7.9,6.3,80.6,54,3.9,4.7,6.3,50.8,3.1,0.588,0,0
2024-08-06,SES0019,P006,LB,9.2,7.6,73.6,60,2.7,2.3,3.0,51.9,4.1,0.711,0,0
2024-08-06,SES0019,P007,RB,8.5,6.3,67.6,58,3.7,3.4,3.8,48.8,5.0,0.739,60,0
2024-08-06,SES0019,P008,RB,5.2,5.7,45.5,63,5.8,4.9,5.2,53.2,8.9,0.564,60,0
2024-08-06,SES0019,P009,CDM,9.8,7.5,60.6,57,3.0,3.0,1.3,51.7,4.7,0.587,90,0
2024-08-06,SES0019,P010,CDM,7.2,4.1,55.9,55,4.8,4.0,6.4,48.3,3.2,0.617,30,0
2024-08-06,SES0019,P011,CM,9.8,7.0,55.8,66,4.8,3.7,4.1,49.9,0.0,0.648,90,0
2024-08-06,SES0019,P012,CM,6.9,5.7,53.3,62,7.4,5.1,4.5,45.9,5.2,0.625,30,0
2024-08-06,SES0019,P013,CM,6.3,6.5,61.2,59,5.9,4.7,8.7,46.3,5.5,0.595,90,0
2024-08-06,SES0019,P014,LW,7.4,4.5,51.6,61,5.0,4.7,2.6,51.9,6.6,0.531,30,0
2024-08-06,SES0019,P015,LW,5.9,4.1,52.0,63,6.7,6.5,6.5,50.9,1.7,0.545,0,0
2024-08-06,SES0019,P016,RW,6.8,8.2,48.2,65,7.1,5.6,3.6,46.3,7.1,0.634,90,0
2024-08-06,SES0019,P017,RW,6.9,6.3,62.2,57,4.7,2.6,4.3,58.8,1.9,0.685,80,0
2024-08-06,SES0019,P018,CAM,5.3,5.1,56.2,65,4.7,2.8,4.8,45.1,6.0,0.67,0,0
2024-08-06,SES0019,P019,CAM,7.0,5.3,45.8,74,6.2,5.1,4.6,49.1,4.4,0.659,80,0
2024-08-06,SES0019,P020,ST,8.5,5.9,62.2,60,4.5,3.7,4.3,49.5,5.2,0.605,0,0
2024-08-06,SES0019,P021,ST,9.3,7.3,65.6,60,2.7,3.6,4.7,63.8,4.3,0.6,90,0
2024-08-06,SES0019,P022,ST,9.6,6.9,68.8,57,2.6,1.3,5.6,54.6,4.9,0.754,30,0
2024-08-08,SES0020,P001,GK,5.1,1.8,40.3,61,6.2,4.2,5.9,46.2,10.6,0.588,45,0
2024-08-08,SES0020,P002,CB,5.6,4.5,67.9,61,5.7,5.1,5.4,52.7,6.2,0.633,90,0
2024-08-08,SES0020,P003,CB,8.0,4.0,68.1,59,5.3,4.4,4.6,52.4,3.5,0.616,90,0
2024-08-08,SES0020,P004,CB,5.9,3.8,62.6,59,4.5,4.2,4.7,46.7,4.4,0.592,90,0
2024-08-08,SES0020,P005,LB,8.6,3.9,64.2,56,4.3,3.5,4.9,52.0,8.3,0.68,90,0
2024-08-08,SES0020,P006,LB,7.5,5.3,62.3,56,5.8,6.0,4.7,53.5,6.0,0.591,60,1
2024-08-08,SES0020,P007,RB,4.8,3.7,54.2,58,5.5,5.2,3.0,43.9,7.7,0.542,90,0
2024-08-08,SES0020,P008,RB,7.3,5.9,70.6,56,4.6,4.9,6.6,51.1,0.3,0.61,60,0
2024-08-08,SES0020,P009,CDM,4.4,5.1,69.0,60,5.4,5.8,4.1,51.2,1.9,0.574,60,0
2024-08-08,SES0020,P010,CDM,6.2,5.0,60.4,62,5.4,5.2,1.4,49.0,2.9,0.648,45,0
2024-08-08,SES0020,P011,CM,7.4,3.7,64.4,59,4.5,3.4,5.3,48.4,0.0,0.601,60,0
2024-08-08,SES0020,P012,CM,5.5,5.0,68.3,61,6.6,4.6,4.2,48.4,5.3,0.65,45,0
2024-08-08,SES0020,P013,CM,7.7,3.4,71.8,56,3.9,2.3,5.0,43.0,3.5,0.634,45,0
2024-08-08,SES0020,P014,LW,5.6,4.7,58.3,61,5.3,3.6,5.7,49.2,4.5,0.653,90,0
2024-08-08,SES0020,P015,LW,4.3,5.0,55.9,62,6.9,6.4,2.6,54.4,6.3,0.55,90,0
2024-08-08,SES0020,P016,RW,6.6,5.8,55.0,60,6.3,5.6,4.4,51.7,5.5,0.578,0,0
2024-08-08,SES0020,P017,RW,5.8,3.3,53.4,67,4.5,3.7,5.6,52.0,2.1,0.651,75,0
2024-08-08,SES0020,P018,CAM,6.3,5.5,66.2,63,5.8,4.5,3.1,48.8,4.9,0.613,75,0
2024-08-08,SES0020,P019,CAM,7.6,3.7,65.2,57,5.7,4.3,5.8,45.7,3.0,0.605,90,0
2024-08-08,SES0020,P020,ST,7.2,5.1,44.0,51,4.9,5.0,4.6,47.7,3.9,0.682,90,0
2024-08-08,SES0020,P021,ST,7.2,8.2,50.3,61,5.8,6.0,4.8,46.5,6.1,0.611,45,0
2024-08-08,SES0020,P022,ST,7.5,4.4,55.9,59,4.1,2.8,4.9,51.8,5.8,0.653,0,0
2024-08-10,SES0021,P001,GK,6.3,5.0,57.0,66,7.2,5.8,3.7,41.2,0.1,0.626,60,0
2024-08-10,SES0021,P002,CB,7.2,6.5,67.9,56,4.6,2.9,3.5,51.3,4.4,0.672,30,0
2024-08-10,SES0021,P003,CB,6.6,5.5,51.9,58,6.1,4.9,5.1,51.8,3.4,0.594,60,0
2024-08-10,SES0021,P004,CB,7.0,4.1,63.5,62,6.3,4.8,5.8,50.4,5.3,0.63,80,0
2024-08-10,SES0021,P005,LB,6.8,3.5,56.5,52,4.9,5.6,4.4,51.3,4.4,0.546,0,0
2024-08-10,SES0021,P006,LB,5.0,3.5,40.9,65,6.8,5.7,7.2,50.9,5.4,0.518,0,0
2024-08-10,SES0021,P007,RB,8.2,5.6,67.3,62,5.8,5.5,4.5,52.5,1.8,0.643,30,0
2024-08-10,SES0021,P008,RB,9.1,4.9,67.9,61,3.7,3.0,7.7,49.3,7.8,0.691,30,0
2024-08-10,SES0021,P009,CDM,5.9,5.7,63.1,55,6.0,5.0,3.6,47.7,0.0,0.565,60,0
2024-08-10,SES0021,P010,CDM,5.0,3.6,41.0,61,7.7,5.4,4.1,46.0,1.7,0.632,60,0
2024-08-10,SES0021,P011,CM,7.8,4.9,62.4,64,3.8,2.1,7.1,52.7,0.0,0.581,0,0
2024-08-10,SES0021,P012,CM,5.4,6.8,54.7,66,8.6,6.7,2.1,43.6,4.6,0.523,90,0
2024-08-10,SES0021,P013,CM,6.2,4.8,61.1,67,6.6,4.8,6.7,49.8,1.8,0.591,0,0
2024-08-10,SES0021,P014,LW,5.3,5.7,62.2,67,6.0,5.5,8.2,47.5,0.0,0.618,90,0
2024-08-10,SES0021,P015,LW,5.0,5.2,52.5,66,5.3,3.0,6.6,50.9,5.5,0.651,60,0
2024-08-10,SES0021,P016,RW,6.8,5.8,54.9,51,4.4,3.3,1.2,52.4,3.3,0.495,60,0
2024-08-10,SES0021,P017,RW,8.3,4.2,59.1,59,5.6,3.0,3.6,48.1,0.2,0.543,60,0
2024-08-10,SES0021,P018,CAM,6.9,7.6,48.3,53,6.4,5.2,7.6,55.4,2.5,0.628,80,0
2024-08-10,SES0021,P019,CAM,7.5,5.0,60.1,68,6.5,5.4,5.4,41.1,5.2,0.564,0,1
2024-08-10,SES0021,P020,ST,10.0,6.5,82.3,57,3.1,3.0,4.0,57.8,6.1,0.67,80,0
2024-08-10,SES0021,P021,ST,5.2,6.5,62.3,57,5.2,4.2,3.3,52.9,5.7,0.69,90,0
2024-08-10,SES0021,P022,ST,7.0,6.0,49.1,56,4.3,4.1,5.6,57.4,6.4,0.705,30,0
2024-08-12,SES0022,P001,GK,5.0,2.5,41.5,59,7.2,6.2,4.5,45.6,5.3,0.634,60,0
2024-08-12,SES0022,P002,CB,6.0,4.9,53.3,56,5.6,3.9,5.9,52.7,2.8,0.664,45,0
2024-08-12,SES0022,P003,CB,7.2,4.2,49.9,60,6.6,3.8,3.8,56.8,2.2,0.625,75,0
2024-08-12,SES0022,P004,CB,4.6,4.2,56.8,66,7.2,5.9,4.4,50.8,1.0,0.626,75,0
2024-08-12,SES0022,P005,LB,6.9,3.3,57.0,49,4.4,2.3,3.7,52.9,9.6,0.662,90,0
2024-08-12,SES0022,P006,LB,7.7,4.1,59.9,49,4.5,3.8,7.4,48.7,1.0,0.733,45,0
2024-08-12,SES0022,P007,RB,6.4,3.8,47.9,58,6.0,4.6,5.5,43.0,1.7,0.605,75,0
2024-08-12,SES0022,P008,RB,5.6,3.4,55.6,63,5.6,4.3,4.0,44.9,3.8,0.571,75,0
2024-08-12,SES0022,P009,CDM,4.3,3.4,54.3,64,5.5,5.5,5.0,48.6,1.9,0.632,0,0
2024-08-12,SES0022,P010,CDM,7.3,3.7,56.5,51,6.4,3.3,3.3,56.1,2.8,0.714,60,0
2024-08-12,SES0022,P011,CM,9.2,6.1,61.9,60,4.5,4.6,7.5,49.5,3.3,0.578,75,0
2024-08-12,SES0022,P012,CM,9.0,5.1,48.8,55,6.2,5.0,5.2,54.9,3.0,0.617,60,0
2024-08-12,SES0022,P013,CM,5.3,4.2,70.4,64,5.9,5.7,5.0,49.0,3.6,0.626,75,0
2024-08-12,SES0022,P014,LW,6.5,4.2,58.2,68,7.4,6.1,6.7,48.0,0.0,0.631,75,0
2024-08-12,SES0022,P015,LW,6.1,4.0,57.3,60,4.8,4.1,4.9,50.3,7.2,0.701,60,0
2024-08-12,SES0022,P016,RW,7.1,6.2,61.6,60,5.1,5.1,4.7,50.5,3.7,0.569,45,0
2024-08-12,SES0022,P017,RW,7.1,1.4,55.0,55,5.3,4.3,2.5,46.7,5.9,0.713,45,0
2024-08-12,SES0022,P018,CAM,6.5,3.4,50.9,58,6.6,6.0,4.5,50.7,2.3,0.643,75,0
2024-08-12,SES0022,P019,CAM,7.4,4.1,55.7,53,4.3,3.2,6.6,43.2,3.7,0.612,45,0
2024-08-12,SES0022,P020,ST,7.8,2.9,61.9,61,4.6,1.8,5.7,50.8,4.0,0.642,45,0
2024-08-12,SES0022,P021,ST,5.2,5.3,64.5,73,8.0,6.7,4.4,45.5,0.0,0.455,90,1
2024-08-12,SES0022,P022,ST,5.5,3.5,65.5,54,4.0,4.0,5.4,55.3,5.0,0.564,45,0
2024-08-14,SES0023,P001,GK,5.7,1.0,60.7,74,5.7,4.0,6.0,51.9,10.8,0.634,60,1
2024-08-14,SES0023,P002,CB,7.3,3.3,57.9,64,7.5,5.0,3.5,45.5,4.1,0.479,0,0
2024-08-14,SES0023,P003,CB,6.2,3.6,53.5,66,6.7,5.4,3.7,51.2,1.5,0.535,60,0
2024-08-14,SES0023,P004,CB,6.9,1.9,66.0,62,6.1,5.1,5.1,50.5,3.3,0.554,60,0
2024-08-14,SES0023,P005,LB,6.4,3.6,65.3,58,6.2,4.3,5.8,44.4,0.8,0.537,75,0
2024-08-14,SES0023,P006,LB,6.5,2.0,60.8,62,6.6,4.7,4.4,44.7,3.0,0.707,60,0
2024-08-14,SES0023,P007,RB,6.7,2.1,76.3,54,4.7,5.7,3.9,46.6,3.1,0.623,45,0
2024-08-14,SES0023,P008,RB,6.9,2.4,46.5,66,7.5,5.6,5.6,42.0,1.6,0.559,60,0
2024-08-14,SES0023,P009,CDM,6.2,4.4,37.0,62,8.1,7.0,3.7,44.3,7.1,0.539,0,0
2024-08-14,SES0023,P010,CDM,5.3,4.1,54.4,56,7.3,6.4,3.3,54.3,2.5,0.557,60,0
2024-08-14,SES0023,P011,CM,8.4,3.0,53.6,68,5.2,5.1,2.3,46.3,6.7,0.58,60,0
2024-08-14,SES0023,P012,CM,6.9,1.9,53.8,64,6.1,5.9,3.8,43.9,3.8,0.545,75,0
2024-08-14,SES0023,P013,CM,5.1,2.4,68.7,64,7.0,6.3,2.7,46.2,2.5,0.554,90,0
2024-08-14,SES0023,P014,LW,7.1,1.0,50.9,66,7.1,4.7,6.0,49.8,3.5,0.495,0,0
2024-08-14,SES0023,P015,LW,8.3,2.2,61.3,65,5.8,6.9,4.7,41.6,2.0,0.581,60,0
2024-08-14,SES0023,P016,RW,8.6,2.5,55.6,52,4.0,3.1,5.9,52.4,3.8,0.554,75,0
2024-08-14,SES0023,P017,RW,6.8,5.7,47.3,62,5.6,4.2,5.0,42.6,5.7,0.644,0,0
2024-08-14,SES0023,P018,CAM,5.4,1.9,58.0,62,6.5,5.6,5.6,52.6,2.6,0.583,0,0
2024-08-14,SES0023,P019,CAM,5.2,1.5,75.5,64,6.2,3.0,3.6,49.7,3.5,0.584,90,0
2024-08-14,SES0023,P020,ST,4.4,3.2,64.7,61,7.3,6.5,4.7,49.8,3.7,0.547,75,0
2024-08-14,SES0023,P021,ST,5.5,1.8,54.3,63,8.3,6.8,1.7,54.7,0.8,0.627,75,0
2024-08-14,SES0023,P022,ST,3.5,2.1,65.7,67,7.9,4.7,5.0,44.9,2.1,0.565,45,0
2024-08-16,SES0024,P001,GK,3.0,3.0,42.5,70,8.4,6.5,3.7,47.9,3.2,0.608,45,0
2024-08-16,SES0024,P002,CB,5.7,3.3,41.3,62,7.5,7.7,3.3,43.5,3.6,0.64,90,0
2024-08-16,SES0024,P003,CB,6.4,2.8,49.8,67,8.0,8.1,6.5,46.2,4.1,0.542,60,0
2024-08-16,SES0024,P004,CB,5.6,4.1,59.3,61,8.1,7.6,5.3,39.0,5.6,0.577,90,0
2024-08-16,SES0024,P005,LB,6.3,1.5,59.5,64,7.1,6.0,4.4,47.4,6.5,0.581,45,0
2024-08-16,SES0024,P006,LB,6.2,4.1,57.2,61,6.4,4.1,8.0,52.3,5.4,0.615,45,0
2024-08-16,SES0024,P007,RB,7.4,1.7,49.9,67,7.5,6.8,5.8,52.3,6.5,0.576,90,0
2024-08-16,SES0024,P008,RB,4.6,3.6,54.8,67,7.8,6.7,6.8,48.9,0.0,0.485,90,0
2024-08-16,SES0024,P009,CDM,6.0,3.7,53.5,58,7.9,5.2,7.4,52.7,4.4,0.542,90,0
2024-08-16,SES0024,P010,CDM,5.2,1.0,43.7,58,6.9,4.6,4.7,49.2,5.6,0.479,90,0
2024-08-16,SES0024,P011,CM,5.8,4.8,50.2,57,6.4,3.7,2.0,47.9,1.8,0.593,75,0
2024-08-16,SES0024,P012,CM,5.7,2.8,55.9,64,7.5,5.1,7.1,48.7,0.0,0.635,90,0
2024-08-16,SES0024,P013,CM,5.9,1.0,35.0,68,7.0,5.4,6.2,45.9,4.8,0.569,60,0
2024-08-16,SES0024,P014,LW,7.7,2.7,49.9,66,6.2,4.8,2.7,43.9,7.1,0.639,45,0
2024-08-16,SES0024,P015,LW,6.9,2.2,48.4,67,7.0,3.8,5.0,51.5,5.4,0.611,60,0
2024-08-16,SES0024,P016,RW,6.6,1.4,44.3,62,7.3,6.2,3.6,49.6,7.8,0.516,45,0
2024-08-16,SES0024,P017,RW,5.1,4.7,48.1,69,6.9,4.4,6.0,55.5,5.9,0.621,60,0
2024-08-16,SES0024,P018,CAM,6.1,3.9,67.6,60,7.1,3.9,3.7,51.5,8.4,0.612,75,0
2024-08-16,SES0024,P019,CAM,7.0,3.4,43.6,64,7.5,5.4,5.5,48.9,3.9,0.505,60,0
2024-08-16,SES0024,P020,ST,6.7,2.2,55.3,61,8.1,5.9,3.8,46.4,1.5,0.611,60,0
2024-08-16,SES0024,P021,ST,7.2,1.0,45.9,62,6.3,6.2,4.8,45.8,3.3,0.577,90,0
2024-08-16,SES0024,P022,ST,7.0,4.5,48.8,59,6.7,5.2,6.7,42.8,2.8,0.574,60,0
2024-08-18,SES0025,P001,GK,6.7,5.5,51.6,60,5.9,6.9,3.2,45.3,7.1,0.631,80,0
2024-08-18,SES0025,P002,CB,6.2,5.4,56.4,65,5.6,4.4,4.2,49.2,2.5,0.611,60,0
2024-08-18,SES0025,P003,CB,6.2,5.7,41.5,62,5.3,5.0,3.8,53.2,5.1,0.582,60,0
2024-08-18,SES0025,P004,CB,7.3,5.5,78.5,58,4.6,4.7,2.3,56.5,1.8,0.559,0,0
2024-08-18,SES0025,P005,LB,7.8,4.8,51.8,57,4.9,4.4,6.1,52.7,1.9,0.568,0,0
2024-08-18,SES0025,P006,LB,4.5,3.1,47.7,59,5.9,4.7,5.4,44.8,9.5,0.645,0,0
2024-08-18,SES0025,P007,RB,7.3,7.2,63.0,63,5.9,4.7,2.7,48.2,4.4,0.573,0,0
2024-08-18,SES0025,P008,RB,6.6,4.1,54.2,55,5.1,5.4,5.3,45.6,5.1,0.668,80,0
2024-08-18,SES0025,P009,CDM,8.0,6.2,69.8,60,5.3,5.4,3.4,51.7,7.4,0.583,60,0
2024-08-18,SES0025,P010,CDM,4.9,4.6,68.7,65,5.7,4.4,6.3,47.8,4.7,0.608,0,0
2024-08-18,SES0025,P011,CM,8.6,6.4,61.5,54,3.2,2.5,6.8,51.9,8.1,0.699,30,0
2024-08-18,SES0025,P012,CM,8.9,4.1,72.6,53,3.1,1.0,3.4,59.2,3.0,0.73,60,0
2024-08-18,SES0025,P013,CM,6.4,5.0,47.3,61,5.6,2.6,3.7,45.4,2.8,0.617,60,0
2024-08-18,SES0025,P014,LW,6.3,5.3,62.1,60,4.3,5.5,3.1,54.8,3.2,0.586,0,0
2024-08-18,SES0025,P015,LW,8.0,4.2,59.6,52,5.3,3.6,5.5,43.5,4.4,0.657,0,0
2024-08-18,SES0025,P016,RW,8.3,3.5,78.2,52,3.3,4.0,7.8,50.8,6.6,0.618,0,0
2024-08-18,SES0025,P017,RW,5.8,7.0,70.9,57,5.3,4.3,3.2,55.1,7.2,0.645,60,0
2024-08-18,SES0025,P018,CAM,7.8,7.2,58.7,66,5.2,1.9,4.2,46.9,0.5,0.589,0,0
2024-08-18,SES0025,P019,CAM,7.9,6.5,59.2,56,4.5,3.5,4.1,48.4,9.1,0.641,30,0
2024-08-18,SES0025,P020,ST,6.8,7.3,65.4,56,3.3,1.7,8.1,53.5,6.2,0.69,90,0
2024-08-18,SES0025,P021,ST,4.5,7.3,48.4,47,5.1,2.9,3.2,57.3,4.5,0.572,30,0
2024-08-18,SES0025,P022,ST,7.0,4.6,62.6,63,5.5,4.1,5.1,53.9,1.0,0.611,60,0
2024-08-20,SES0026,P001,GK,5.2,4.9,68.2,61,7.3,5.0,5.3,45.4,6.9,0.521,30,0
2024-08-20,SES0026,P002,CB,6.1,5.5,56.2,63,8.4,5.9,4.9,46.0,2.4,0.487,60,0
2024-08-20,SES0026,P003,CB,5.9,3.5,35.7,65,7.8,7.2,5.7,45.1,6.7,0.492,60,0
2024-08-20,SES0026,P004,CB,6.8,5.4,48.0,63,7.7,4.9,6.9,56.5,3.4,0.603,30,0
2024-08-20,SES0026,P005,LB,4.2,4.1,44.8,65,9.3,4.6,7.7,48.4,6.2,0.584,60,0
2024-08-20,SES0026,P006,LB,5.1,6.4,51.2,65,8.6,6.8,4.6,52.1,6.8,0.528,30,0
2024-08-20,SES0026,P007,RB,5.4,5.3,51.5,63,5.6,3.7,4.3,53.9,5.2,0.64,0,0
2024-08-20,SES0026,P008,RB,7.3,3.5,56.6,64,8.3,6.7,4.5,48.3,3.9,0.566,30,0
2024-08-20,SES0026,P009,CDM,7.1,6.0,51.1,58,5.8,5.3,5.6,50.1,2.3,0.626,0,0
2024-08-20,SES0026,P010,CDM,4.0,6.0,69.9,64,5.1,5.2,6.0,48.9,1.0,0.576,90,0
2024-08-20,SES0026,P011,CM,5.6,6.3,49.8,67,7.1,4.6,5.0,46.5,3.9,0.603,90,0
2024-08-20,SES0026,P012,CM,5.3,4.6,45.7,68,9.8,7.7,1.9,49.6,4.0,0.563,90,0
2024-08-20,SES0026,P013,CM,3.6,4.6,53.7,65,7.2,6.5,5.0,45.9,4.2,0.545,30,0
2024-08-20,SES0026,P014,LW,6.4,4.0,41.3,61,7.0,4.9,2.3,43.0,5.9,0.563,80,0
2024-08-20,SES0026,P015,LW,6.0,5.8,51.6,67,9.0,7.7,5.5,52.3,6.8,0.498,0,0
2024-08-20,SES0026,P016,RW,5.5,4.7,52.7,61,8.3,8.0,4.8,48.7,8.9,0.484,80,0
2024-08-20,SES0026,P017,RW,7.4,5.6,55.9,54,6.5,5.5,5.2,42.8,5.8,0.561,0,0
2024-08-20,SES0026,P018,CAM,4.4,4.8,45.1,64,9.0,6.4,6.0,45.3,2.9,0.454,0,0
2024-08-20,SES0026,P019,CAM,4.7,5.8,53.7,66,9.4,8.1,5.4,49.9,5.5,0.514,0,0
2024-08-20,SES0026,P020,ST,5.9,7.1,56.4,63,7.4,6.8,3.5,48.1,0.0,0.526,60,0
2024-08-20,SES0026,P021,ST,6.0,5.5,63.5,63,5.4,2.7,6.5,47.4,3.7,0.568,0,1
2024-08-20,SES0026,P022,ST,7.1,6.9,52.0,58,6.4,3.9,4.0,53.5,4.2,0.594,0,0
2024-08-22,SES0027,P001,GK,10.0,8.2,59.7,59,1.8,1.3,5.7,59.1,3.8,0.633,0,0
2024-08-22,SES0027,P002,CB,9.1,4.5,62.2,58,3.6,2.9,4.4,56.4,3.4,0.566,30,0
2024-08-22,SES0027,P003,CB,6.7,6.2,57.3,58,5.9,4.2,6.4,49.0,3.3,0.608,0,0
2024-08-22,SES0027,P004,CB,7.1,4.3,81.3,56,2.6,2.1,5.3,54.8,1.6,0.704,60,0
2024-08-22,SES0027,P005,LB,7.0,4.8,65.6,60,3.9,2.6,5.4,50.4,4.7,0.64,90,0
2024-08-22,SES0027,P006,LB,5.5,5.5,65.1,60,5.6,4.5,3.1,52.6,2.9,0.668,90,0
2024-08-22,SES0027,P007,RB,6.4,3.6,60.4,52,4.0,3.7,3.1,60.7,0.0,0.64,60,0
2024-08-22,SES0027,P008,RB,5.9,5.3,67.1,59,5.2,5.0,3.2,50.3,7.7,0.558,0,0
2024-08-22,SES0027,P009,CDM,8.0,4.7,72.4,54,3.4,2.7,4.7,48.3,7.1,0.629,30,0
2024-08-22,SES0027,P010,CDM,7.2,6.9,68.0,59,3.4,2.3,3.0,49.2,2.0,0.724,30,0
2024-08-22,SES0027,P011,CM,9.3,5.7,56.0,59,3.3,2.8,2.6,47.0,4.2,0.691,0,0
2024-08-22,SES0027,P012,CM,9.4,6.8,69.3,51,2.2,1.0,3.9,50.4,8.2,0.85,60,0
2024-08-22,SES0027,P013,CM,9.0,2.9,68.9,53,2.0,1.0,3.6,53.1,6.6,0.7,30,0
2024-08-22,SES0027,P014,LW,5.9,4.5,59.1,47,3.5,1.5,6.9,47.2,5.4,0.659,0,0
2024-08-22,SES0027,P015,LW,8.0,5.6,69.4,60,3.6,2.4,5.8,53.8,3.1,0.624,30,0
2024-08-22,SES0027,P016,RW,9.3,3.8,70.5,56,2.1,1.9,4.2,48.3,2.7,0.575,60,0
2024-08-22,SES0027,P017,RW,5.5,4.9,64.6,48,3.5,2.9,4.8,53.8,2.6,0.542,30,0
2024-08-22,SES0027,P018,CAM,9.5,4.6,70.2,56,2.0,1.8,6.7,52.3,1.5,0.64,90,0
2024-08-22,SES0027,P019,CAM,9.5,6.0,84.2,54,1.9,1.0,4.6,51.6,5.5,0.666,0,0
2024-08-22,SES0027,P020,ST,6.3,4.2,52.9,58,4.6,4.0,3.0,49.4,5.7,0.565,90,0
2024-08-22,SES0027,P021,ST,7.7,5.6,61.7,60,3.8,3.7,5.1,51.9,3.4,0.566,30,0
2024-08-22,SES0027,P022,ST,10.0,5.0,73.3,55,1.0,1.0,5.4,52.2,5.6,0.728,0,0
2024-08-24,SES0028,P001,GK,6.7,1.0,53.1,54,4.7,4.1,4.4,50.8,7.8,0.606,60,0
2024-08-24,SES0028,P002,CB,6.6,4.1,44.6,66,5.7,5.9,3.2,44.3,2.9,0.581,0,0
2024-08-24,SES0028,P003,CB,7.7,1.0,54.5,55,4.8,5.9,8.6,48.4,5.8,0.529,30,0
2024-08-24,SES0028,P004,CB,8.2,3.4,62.8,62,3.1,3.0,3.9,53.2,0.0,0.615,80,0
2024-08-24,SES0028,P005,LB,8.7,2.9,68.0,59,4.2,3.1,3.6,50.6,1.4,0.527,0,0
2024-08-24,SES0028,P006,LB,6.8,1.3,62.0,66,5.5,2.7,5.1,52.7,5.6,0.674,90,0
2024-08-24,SES0028,P007,RB,9.0,3.8,56.1,65,6.1,5.3,5.8,47.5,6.0,0.645,30,0
2024-08-24,SES0028,P008,RB,8.6,1.0,64.9,53,4.3,4.0,5.3,51.4,1.2,0.557,0,0
2024-08-24,SES0028,P009,CDM,6.8,2.8,56.4,59,5.4,4.2,4.5,48.3,6.1,0.622,60,0
2024-08-24,SES0028,P010,CDM,7.6,4.4,56.6,66,6.0,6.7,5.1,51.1,2.5,0.628,0,0
2024-08-24,SES0028,P011,CM,8.1,3.0,66.3,60,3.8,2.3,5.2,52.0,2.5,0.631,80,0
2024-08-24,SES0028,P012,CM,6.7,2.0,55.5,61,6.2,6.2,5.0,48.9,1.9,0.655,0,0
2024-08-24,SES0028,P013,CM,6.4,3.7,44.9,63,7.6,7.5,4.3,48.0,4.3,0.614,90,0
2024-08-24,SES0028,P014,LW,7.0,1.0,54.2,60,6.6,5.5,2.6,49.8,7.4,0.611,60,0
2024-08-24,SES0028,P015,LW,9.5,3.2,68.7,54,3.6,4.7,5.7,54.2,2.9,0.61,0,0
2024-08-24,SES0028,P016,RW,8.7,3.2,48.1,50,3.1,1.8,1.0,49.4,5.3,0.669,30,0
2024-08-24,SES0028,P017,RW,8.5,3.2,51.3,57,4.9,3.7,4.6,43.4,7.8,0.61,30,0
2024-08-24,SES0028,P018,CAM,5.3,1.8,49.3,65,6.6,5.6,6.8,48.3,0.5,0.593,30,0
2024-08-24,SES0028,P019,CAM,6.2,1.0,67.0,56,3.7,1.8,6.1,50.3,6.9,0.611,60,0
2024-08-24,SES0028,P020,ST,4.9,3.9,44.8,57,5.8,4.3,5.6,48.7,0.8,0.548,60,0
2024-08-24,SES0028,P021,ST,6.3,2.2,52.8,53,4.9,3.6,5.1,50.3,2.6,0.67,0,0
2024-08-24,SES0028,P022,ST,5.9,3.0,63.4,68,5.1,4.9,4.8,46.5,0.1,0.555,80,1
2024-08-26,SES0029,P001,GK,8.7,5.2,71.9,61,4.1,3.6,6.5,46.8,4.8,0.671,60,0
2024-08-26,SES0029,P002,CB,8.9,8.5,65.9,61,2.5,3.5,4.5,52.9,2.4,0.612,0,0
2024-08-26,SES0029,P003,CB,7.5,9.7,61.5,56,2.6,2.0,5.3,54.6,0.7,0.76,90,0
2024-08-26,SES0029,P004,CB,8.9,8.6,59.3,60,5.1,4.0,4.0,49.3,0.9,0.551,90,0
2024-08-26,SES0029,P005,LB,9.6,8.6,59.5,57,3.0,2.1,6.8,48.9,5.1,0.659,90,0
2024-08-26,SES0029,P006,LB,7.9,8.0,60.9,60,3.1,1.1,4.8,48.3,8.1,0.655,90,0
2024-08-26,SES0029,P007,RB,7.6,9.5,70.1,55,2.9,2.8,4.6,44.7,6.3,0.717,0,0
2024-08-26,SES0029,P008,RB,10.0,8.6,59.6,54,2.6,1.8,2.2,52.4,7.4,0.632,90,0
2024-08-26,SES0029,P009,CDM,7.6,8.4,74.4,62,4.3,4.0,6.3,48.4,2.5,0.59,60,0
2024-08-26,SES0029,P010,CDM,4.6,6.5,62.6,54,4.7,5.6,5.1,51.5,3.3,0.575,60,0
2024-08-26,SES0029,P011,CM,8.4,5.8,66.6,52,3.1,5.4,4.8,52.4,3.6,0.564,0,0
2024-08-26,SES0029,P012,CM,9.6,7.1,70.3,60,1.5,3.1,4.9,47.0,3.0,0.804,90,0
2024-08-26,SES0029,P013,CM,9.1,8.2,79.2,55,3.1,3.3,5.5,46.7,4.9,0.752,60,1
2024-08-26,SES0029,P014,LW,10.0,4.0,67.4,52,1.7,1.6,6.5,52.1,8.0,0.653,0,0
2024-08-26,SES0029,P015,LW,6.8,8.4,76.5,64,4.7,2.3,3.3,44.9,3.9,0.644,30,0
2024-08-26,SES0029,P016,RW,7.9,5.4,56.8,58,3.3,3.2,5.9,46.3,3.9,0.564,60,0
2024-08-26,SES0029,P017,RW,5.4,8.6,67.5,44,2.1,2.8,6.2,51.9,4.0,0.554,0,0
2024-08-26,SES0029,P018,CAM,7.9,6.2,43.4,63,4.6,1.9,4.6,49.9,5.5,0.643,80,0
2024-08-26,SES0029,P019,CAM,7.7,7.8,66.1,58,3.7,2.4,3.0,45.9,0.6,0.7,0,0
2024-08-26,SES0029,P020,ST,9.0,6.1,66.2,59,2.0,1.0,6.1,51.3,0.0,0.702,0,0
2024-08-26,SES0029,P021,ST,10.0,8.0,81.7,51,1.6,1.0,3.1,52.3,4.6,0.731,0,0
2024-08-26,SES0029,P022,ST,5.9,7.9,57.3,65,7.9,5.7,8.3,46.5,5.1,0.554,80,0
2024-08-28,SES0030,P001,GK,4.2,2.3,46.7,65,9.5,6.9,6.1,55.0,3.2,0.559,90,0
2024-08-28,SES0030,P002,CB,4.9,1.6,60.7,67,8.5,7.4,3.2,46.7,0.0,0.6,90,0
2024-08-28,SES0030,P003,CB,4.7,2.0,57.2,66,8.0,6.9,2.9,47.8,1.7,0.536,45,0
2024-08-28,SES0030,P004,CB,5.0,3.6,54.2,62,9.0,7.6,4.8,41.3,0.0,0.552,75,0
2024-08-28,SES0030,P005,LB,5.0,2.7,35.0,71,9.5,8.5,2.1,51.7,2.8,0.542,75,0
2024-08-28,SES0030,P006,LB,4.5,1.5,35.0,68,8.9,6.9,6.2,50.0,4.9,0.484,90,0
2024-08-28,SES0030,P007,RB,4.5,1.1,41.8,70,9.7,8.1,1.8,41.3,3.4,0.554,75,0
2024-08-28,SES0030,P008,RB,5.0,2.7,61.1,66,8.6,7.3,2.8,45.1,2.3,0.536,75,0
2024-08-28,SES0030,P009,CDM,6.4,1.0,53.5,65,8.6,5.5,5.7,44.8,6.3,0.507,60,0
2024-08-28,SES0030,P010,CDM,3.5,2.8,54.0,68,10.0,7.0,3.3,46.2,3.4,0.583,90,0
2024-08-28,SES0030,P011,CM,5.3,1.0,48.8,71,8.8,5.6,9.8,52.4,5.1,0.56,90,0
2024-08-28,SES0030,P012,CM,4.3,2.5,42.6,70,9.8,6.9,6.1,41.2,1.3,0.583,75,0
2024-08-28,SES0030,P013,CM,4.1,2.4,39.3,66,9.6,8.0,4.2,49.8,2.9,0.573,0,0
2024-08-28,SES0030,P014,LW,4.1,1.0,49.8,66,10.0,8.7,4.4,46.6,6.3,0.519,90,0
2024-08-28,SES0030,P015,LW,3.7,1.0,52.1,71,9.2,7.1,5.0,42.3,8.3,0.53,60,0
2024-08-28,SES0030,P016,RW,3.7,1.3,38.9,66,8.6,5.4,2.7,48.7,4.2,0.566,0,0
2024-08-28,SES0030,P017,RW,3.0,3.2,56.0,63,8.0,5.2,3.5,46.8,3.2,0.572,45,0
2024-08-28,SES0030,P018,CAM,4.9,2.2,45.4,69,9.2,8.6,3.0,50.1,3.2,0.529,0,0
2024-08-28,SES0030,P019,CAM,3.0,2.9,62.9,63,8.7,7.0,6.9,45.6,4.6,0.577,75,0
2024-08-28,SES0030,P020,ST,3.0,1.0,59.5,61,10.0,7.4,4.5,52.3,3.7,0.46,75,0
2024-08-28,SES0030,P021,ST,3.6,1.4,56.0,67,10.0,6.8,2.3,52.8,5.8,0.488,75,0
2024-08-28,SES0030,P022,ST,6.2,1.8,46.5,70,9.5,6.8,7.2,49.7,8.4,0.47,90,0
2024-08-30,SES0031,P001,GK,6.4,1.8,64.1,56,4.5,2.6,1.9,57.7,8.8,0.63,0,0
2024-08-30,SES0031,P002,CB,7.2,2.6,46.3,71,6.9,5.4,5.9,52.3,5.4,0.535,60,0
2024-08-30,SES0031,P003,CB,6.9,3.3,69.3,56,4.3,3.3,4.5,48.6,2.2,0.689,80,0
2024-08-30,SES0031,P004,CB,8.2,4.9,63.8,58,4.2,4.7,7.9,45.2,0.6,0.674,30,0
2024-08-30,SES0031,P005,LB,7.7,2.6,61.7,64,4.8,2.8,4.2,52.5,0.5,0.584,0,0
2024-08-30,SES0031,P006,LB,6.2,3.2,54.9,63,7.4,4.9,4.7,49.7,2.3,0.542,30,0
2024-08-30,SES0031,P007,RB,8.1,5.3,55.7,56,5.1,5.3,5.9,50.2,3.6,0.588,30,0
2024-08-30,SES0031,P008,RB,6.4,4.8,54.9,64,5.0,5.7,5.3,48.4,7.3,0.585,0,0
2024-08-30,SES0031,P009,CDM,5.9,5.0,74.0,61,5.3,4.7,3.4,49.8,1.9,0.673,60,0
2024-08-30,SES0031,P010,CDM,6.4,2.3,65.1,63,6.9,4.5,3.9,42.8,5.7,0.552,30,0
2024-08-30,SES0031,P011,CM,7.8,3.0,45.2,64,7.1,6.7,4.8,57.9,4.2,0.581,60,0
2024-08-30,SES0031,P012,CM,6.2,3.0,47.4,60,4.7,1.6,4.9,54.5,1.6,0.581,0,0
2024-08-30,SES0031,P013,CM,7.1,2.1,55.3,59,5.6,5.1,4.6,51.2,7.0,0.594,0,0
2024-08-30,SES0031,P014,LW,6.0,3.3,46.4,68,7.4,6.5,6.8,48.5,6.4,0.507,0,0
2024-08-30,SES0031,P015,LW,7.2,2.1,56.0,57,6.7,4.8,4.6,45.8,5.8,0.636,0,0
2024-08-30,SES0031,P016,RW,6.1,1.0,60.1,58,6.0,4.8,5.4,47.9,5.3,0.672,30,0
2024-08-30,SES0031,P017,RW,6.8,2.8,70.8,60,4.4,4.8,1.5,50.7,2.2,0.627,80,0
2024-08-30,SES0031,P018,CAM,4.4,1.4,46.6,66,7.2,6.0,2.2,48.8,3.7,0.633,0,0
2024-08-30,SES0031,P019,CAM,6.9,4.1,65.3,59,5.2,3.6,7.6,46.6,3.3,0.687,30,0
2024-08-30,SES0031,P020,ST,5.8,3.1,62.7,59,7.5,6.8,4.7,44.3,7.3,0.495,30,0
2024-08-30,SES0031,P021,ST,5.9,4.4,50.8,61,6.7,4.9,5.2,45.3,5.0,0.64,0,0
2024-08-30,SES0031,P022,ST,7.4,2.8,57.1,67,5.6,6.2,4.5,51.7,0.4,0.587,90,0
2024-09-01,SES0032,P001,GK,5.4,4.1,59.1,68,7.2,6.3,6.3,46.9,6.8,0.687,30,0
2024-09-01,SES0032,P002,CB,6.0,5.1,62.1,57,7.2,3.3,3.6,51.2,3.2,0.593,60,0
2024-09-01,SES0032,P003,CB,9.1,7.2,58.3,59,2.7,1.0,3.0,51.9,7.3,0.723,0,0
2024-09-01,SES0032,P004,CB,8.6,3.4,41.3,57,4.1,4.1,2.8,47.6,3.1,0.611,0,0
2024-09-01,SES0032,P005,LB,9.2,5.0,62.0,64,3.6,2.6,6.4,56.1,2.6,0.592,30,0
2024-09-01,SES0032,P006,LB,8.6,4.7,69.7,64,3.6,1.6,2.2,53.5,3.8,0.672,60,1
2024-09-01,SES0032,P007,RB,7.2,5.5,55.3,66,4.6,1.0,3.4,48.3,1.3,0.653,30,0
2024-09-01,SES0032,P008,RB,6.5,7.5,59.5,49,3.0,4.0,4.2,51.5,2.8,0.678,0,0
2024-09-01,SES0032,P009,CDM,8.1,6.1,51.2,52,3.9,3.9,5.6,49.6,8.6,0.599,0,0
2024-09-01,SES0032,P010,CDM,7.5,6.2,64.4,60,5.3,3.9,6.6,52.6,2.5,0.613,30,0
2024-09-01,SES0032,P011,CM,9.6,8.1,67.3,62,3.1,1.6,6.2,58.2,1.2,0.722,60,0
2024-09-01,SES0032,P012,CM,9.8,6.8,71.6,56,2.5,2.1,2.8,59.2,6.1,0.698,80,0
2024-09-01,SES0032,P013,CM,7.1,7.3,54.4,57,2.9,2.2,3.6,55.7,6.8,0.668,80,0
2024-09-01,SES0032,P014,LW,8.1,5.7,63.0,58,4.0,2.0,5.2,50.7,1.8,0.719,0,0
2024-09-01,SES0032,P015,LW,7.2,6.1,66.1,56,5.0,1.7,4.9,49.1,1.1,0.491,30,0
2024-09-01,SES0032,P016,RW,8.0,5.0,64.4,55,4.8,5.4,2.7,51.1,4.9,0.62,80,0
2024-09-01,SES0032,P017,RW,8.6,6.6,65.8,61,2.1,1.3,4.0,56.7,0.9,0.651,60,0
2024-09-01,SES0032,P018,CAM,8.1,4.1,57.0,52,4.0,3.1,4.2,51.5,9.5,0.604,60,0
2024-09-01,SES0032,P019,CAM,8.1,4.2,68.0,53,2.8,2.9,3.7,50.6,2.8,0.659,90,0
2024-09-01,SES0032,P020,ST,10.0,4.0,97.8,57,1.0,1.1,3.1,51.4,0.0,0.727,0,0
2024-09-01,SES0032,P021,ST,6.7,7.2,59.7,59,5.5,3.2,6.8,52.3,6.1,0.6,30,0
2024-09-01,SES0032,P022,ST,9.0,6.2,59.2,50,1.0,1.7,4.3,53.3,2.8,0.715,60,0
2024-09-03,SES0033,P001,GK,5.7,6.5,63.4,61,5.9,5.7,1.5,50.5,4.0,0.634,0,0
2024-09-03,SES0033,P002,CB,8.6,4.6,63.4,62,3.0,4.1,3.1,53.5,4.3,0.68,0,0
2024-09-03,SES0033,P003,CB,8.3,6.6,73.5,61,3.0,1.0,1.8,48.6,0.9,0.661,0,0
2024-09-03,SES0033,P004,CB,6.2,7.4,69.8,62,5.2,3.3,3.4,53.7,4.6,0.574,0,0
2024-09-03,SES0033,P005,LB,9.8,7.9,66.0,51,1.2,1.1,5.3,54.4,7.8,0.697,0,0
2024-09-03,SES0033,P006,LB,8.3,8.9,50.9,62,5.3,3.3,4.9,58.2,4.8,0.525,0,0
2024-09-03,SES0033,P007,RB,9.3,9.1,47.1,61,4.6,3.6,8.1,47.5,0.0,0.618,0,0
2024-09-03,SES0033,P008,RB,7.9,8.3,63.2,54,4.0,1.6,5.2,53.1,0.0,0.591,80,0
2024-09-03,SES0033,P009,CDM,5.2,6.8,59.9,63,5.5,5.0,6.0,44.5,3.5,0.646,30,0
2024-09-03,SES0033,P010,CDM,5.7,6.2,51.6,66,3.6,3.8,4.2,51.6,2.2,0.653,90,0
2024-09-03,SES0033,P011,CM,7.5,8.7,75.3,57,4.2,1.9,4.3,53.9,5.2,0.684,60,0
2024-09-03,SES0033,P012,CM,7.4,8.4,60.5,63,4.0,2.6,5.4,50.9,4.4,0.582,30,0
2024-09-03,SES0033,P013,CM,9.4,6.3,59.1,64,5.1,3.9,2.9,53.3,0.3,0.634,60,0
2024-09-03,SES0033,P014,LW,7.0,8.2,68.6,62,4.6,3.4,3.0,45.3,8.5,0.685,30,0
2024-09-03,SES0033,P015,LW,8.7,7.8,71.2,59,3.2,1.9,3.7,55.0,1.7,0.703,0,0
2024-09-03,SES0033,P016,RW,8.1,7.9,68.9,60,3.0,4.7,4.3,50.1,6.0,0.661,0,0
2024-09-03,SES0033,P017,RW,6.8,7.6,55.6,57,5.9,7.1,3.9,44.2,1.5,0.558,30,0
2024-09-03,SES0033,P018,CAM,9.5,7.7,67.1,66,4.1,3.4,3.7,50.5,3.9,0.613,80,0
2024-09-03,SES0033,P019,CAM,7.0,4.8,73.0,60,4.8,2.4,5.9,45.4,1.0,0.708,30,0
2024-09-03,SES0033,P020,ST,8.7,6.6,73.0,56,1.9,1.9,6.7,58.9,5.4,0.66,80,0
2024-09-03,SES0033,P021,ST,9.9,8.5,66.4,51,1.6,1.0,5.7,50.6,0.4,0.69,30,0
2024-09-03,SES0033,P022,ST,7.9,7.8,78.5,56,2.5,2.0,6.7,50.5,4.7,0.597,30,0
2024-09-05,SES0034,P001,GK,4.7,5.9,58.1,59,8.0,7.0,7.3,38.7,2.0,0.487,80,0
2024-09-05,SES0034,P002,CB,5.3,4.7,58.8,61,6.2,3.9,5.2,48.7,2.7,0.605,60,0
2024-09-05,SES0034,P003,CB,9.3,5.7,57.9,55,4.6,3.5,4.4,52.4,3.6,0.557,60,0
2024-09-05,SES0034,P004,CB,7.4,8.0,57.5,55,4.1,4.3,4.7,51.2,5.0,0.595,0,0
2024-09-05,SES0034,P005,LB,9.3,5.6,62.1,60,3.4,2.9,5.3,46.3,0.4,0.628,60,0
2024-09-05,SES0034,P006,LB,6.1,5.8,63.9,60,5.4,5.3,4.6,48.7,7.4,0.661,60,0
2024-09-05,SES0034,P007,RB,8.4,6.6,66.2,65,5.3,3.1,2.9,47.9,5.0,0.624,30,0
2024-09-05,SES0034,P008,RB,6.7,9.2,55.6,62,5.7,5.9,4.9,46.0,2.8,0.508,0,0
2024-09-05,SES0034,P009,CDM,6.3,6.4,56.4,61,6.1,5.5,3.0,48.5,0.0,0.56,30,0
2024-09-05,SES0034,P010,CDM,7.7,6.3,67.6,56,3.6,1.6,5.0,43.4,7.3,0.661,0,0
2024-09-05,SES0034,P011,CM,6.8,5.8,56.0,61,5.5,4.6,3.3,53.3,3.9,0.609,60,0
2024-09-05,SES0034,P012,CM,8.3,6.2,63.6,62,5.6,4.1,6.1,53.8,4.8,0.573,60,0
2024-09-05,SES0034,P013,CM,6.6,6.8,62.2,59,3.9,4.0,5.5,48.1,1.8,0.635,90,0
2024-09-05,SES0034,P014,LW,7.6,7.1,54.5,61,5.9,3.7,4.7,41.5,2.8,0.578,80,0
2024-09-05,SES0034,P015,LW,6.5,5.9,57.5,59,3.6,2.7,4.1,51.2,3.2,0.602,0,0
2024-09-05,SES0034,P016,RW,6.3,5.7,82.7,63,6.0,5.1,7.8,45.2,8.4,0.652,0,1
2024-09-05,SES0034,P017,RW,7.2,5.6,48.0,66,6.3,4.4,3.3,50.1,5.3,0.581,80,0
2024-09-05,SES0034,P018,CAM,7.8,5.0,57.0,55,4.6,2.5,6.5,46.1,0.2,0.53,30,0
2024-09-05,SES0034,P019,CAM,7.1,6.9,59.7,64,4.9,4.5,5.3,50.6,7.5,0.653,90,0
2024-09-05,SES0034,P020,ST,6.5,5.2,51.6,60,4.1,2.9,2.4,50.8,4.1,0.684,0,0
2024-09-05,SES0034,P021,ST,9.6,7.2,62.2,59,4.3,2.3,2.0,48.2,5.2,0.576,90,0
2024-09-05,SES0034,P022,ST,5.2,7.6,59.6,62,5.8,5.1,3.6,50.0,2.3,0.564,0,0
2024-09-07,SES0035,P001,GK,4.6,4.3,46.6,54,6.9,6.2,4.9,46.6,7.8,0.595,60,0
2024-09-07,SES0035,P002,CB,7.4,7.2,72.4,59,2.4,1.1,1.3,56.6,3.3,0.681,0,0
2024-09-07,SES0035,P003,CB,6.9,5.3,60.2,60,5.8,4.7,3.8,50.3,5.2,0.641,60,0
2024-09-07,SES0035,P004,CB,7.3,4.9,61.2,62,4.9,4.2,4.7,49.1,6.9,0.578,90,0
2024-09-07,SES0035,P005,LB,10.0,6.4,62.1,59,3.4,3.3,5.6,49.3,1.6,0.618,0,0
2024-09-07,SES0035,P006,LB,6.0,7.0,52.8,60,4.4,4.6,3.4,44.5,2.5,0.681,80,0
2024-09-07,SES0035,P007,RB,5.4,7.3,61.2,57,4.5,5.5,5.3,53.7,4.9,0.66,80,0
2024-09-07,SES0035,P008,RB,7.4,8.8,65.6,65,5.7,5.7,4.5,51.9,0.0,0.631,0,0
2024-09-07,SES0035,P009,CDM,7.5,6.5,62.0,60,4.6,5.3,3.9,60.7,1.2,0.586,80,1
2024-09-07,SES0035,P010,CDM,8.6,7.8,72.1,57,2.6,2.4,5.8,49.3,5.8,0.713,80,0
2024-09-07,SES0035,P011,CM,5.7,7.4,54.2,59,5.9,4.6,3.7,51.8,4.9,0.637,60,0
2024-09-07,SES0035,P012,CM,8.7,6.7,48.5,53,4.4,3.9,6.1,50.2,4.5,0.585,0,0
2024-09-07,SES0035,P013,CM,6.4,5.8,60.4,65,5.0,3.7,5.2,49.5,3.8,0.709,0,0
2024-09-07,SES0035,P014,LW,7.4,7.3,73.6,64,5.5,5.7,4.0,42.9,3.0,0.529,0,0
2024-09-07,SES0035,P015,LW,7.1,6.7,68.3,54,3.7,4.0,4.3,50.4,4.8,0.596,0,0
2024-09-07,SES0035,P016,RW,7.7,6.9,85.4,64,2.8,2.5,6.7,45.6,1.1,0.687,30,0
2024-09-07,SES0035,P017,RW,5.7,5.6,57.8,65,6.1,5.2,5.1,56.6,5.9,0.613,30,0
2024-09-07,SES0035,P018,CAM,6.2,7.1,66.5,66,5.4,5.6,3.9,46.8,4.8,0.633,30,0
2024-09-07,SES0035,P019,CAM,7.6,7.1,71.0,54,4.4,3.2,5.9,52.2,4.4,0.64,60,0
2024-09-07,SES0035,P020,ST,5.2,6.7,62.1,54,5.7,4.0,2.7,49.4,2.9,0.617,60,0
2024-09-07,SES0035,P021,ST,6.5,6.8,59.1,58,5.3,4.4,2.9,46.4,5.2,0.584,30,0
2024-09-07,SES0035,P022,ST,8.4,6.7,66.9,52,5.4,2.1,5.8,52.3,7.8,0.603,90,0
2024-09-09,SES0036,P001,GK,5.3,6.4,66.1,61,5.6,3.4,4.5,50.3,1.9,0.535,80,0
2024-09-09,SES0036,P002,CB,8.3,7.1,55.0,61,5.0,4.8,3.7,50.9,3.1,0.525,30,0
2024-09-09,SES0036,P003,CB,6.3,6.7,42.3,66,6.0,5.4,3.7,39.5,0.0,0.626,0,0
2024-09-09,SES0036,P004,CB,6.6,10.0,60.9,61,6.1,5.0,6.3,50.1,4.1,0.622,90,0
2024-09-09,SES0036,P005,LB,9.3,7.1,49.0,54,2.9,2.1,6.9,45.5,3.3,0.638,60,0
2024-09-09,SES0036,P006,LB,7.5,6.9,59.3,62,4.9,2.7,4.3,41.7,6.8,0.536,80,0
2024-09-09,SES0036,P007,RB,9.2,7.0,68.6,54,1.3,2.8,7.6,54.2,5.6,0.683,60,0
2024-09-09,SES0036,P008,RB,8.2,9.7,50.2,60,6.0,5.1,3.4,47.2,2.8,0.602,90,0
2024-09-09,SES0036,P009,CDM,7.2,5.8,55.1,60,6.4,7.1,3.2,47.1,3.7,0.59,0,0
2024-09-09,SES0036,P010,CDM,7.1,6.8,58.4,60,4.6,4.8,2.7,43.3,7.0,0.667,0,0
2024-09-09,SES0036,P011,CM,7.9,6.5,46.2,61,3.1,4.1,4.1,50.4,0.0,0.642,60,0
2024-09-09,SES0036,P012,CM,6.0,7.0,58.2,61,5.7,4.7,5.1,48.2,6.7,0.563,0,0
2024-09-09,SES0036,P013,CM,9.0,6.3,77.1,61,3.6,2.9,4.4,51.2,4.7,0.649,60,0
2024-09-09,SES0036,P014,LW,7.8,7.9,80.7,57,3.2,1.3,8.2,48.2,4.6,0.628,60,0
2024-09-09,SES0036,P015,LW,6.3,7.7,48.6,66,5.8,5.3,5.1,52.9,3.4,0.618,60,0
2024-09-09,SES0036,P016,RW,6.8,7.2,51.7,62,5.5,4.6,2.8,48.3,8.6,0.585,60,0
2024-09-09,SES0036,P017,RW,6.4,8.8,68.8,55,3.5,2.2,2.8,57.5,4.7,0.658,90,0
2024-09-09,SES0036,P018,CAM,7.7,7.3,59.4,58,4.2,4.7,5.4,50.4,3.9,0.682,0,0
2024-09-09,SES0036,P019,CAM,6.2,6.6,60.4,62,4.8,4.5,7.7,51.8,2.3,0.684,80,0
2024-09-09,SES0036,P020,ST,7.0,8.4,66.8,61,5.5,6.3,4.3,52.5,6.9,0.663,0,0
2024-09-09,SES0036,P021,ST,9.4,8.3,62.6,58,3.5,1.5,4.2,53.2,5.5,0.58,0,0
2024-09-09,SES0036,P022,ST,9.0,7.2,48.2,53,4.7,3.4,2.8,53.0,1.0,0.526,0,0
2024-09-11,SES0037,P001,GK,6.0,3.7,43.9,66,6.2,4.0,4.5,52.0,2.6,0.66,60,0
2024-09-11,SES0037,P002,CB,10.0,6.9,61.4,58,3.5,4.0,6.1,54.2,5.5,0.736,60,0
2024-09-11,SES0037,P003,CB,8.6,6.0,83.2,60,1.4,2.5,6.6,52.7,2.6,0.678,60,0
2024-09-11,SES0037,P004,CB,7.8,8.3,77.7,57,4.0,4.1,3.7,47.0,8.0,0.67,0,0
2024-09-11,SES0037,P005,LB,6.2,5.5,55.1,58,5.8,5.1,3.5,51.8,6.1,0.601,30,0
2024-09-11,SES0037,P006,LB,7.3,6.1,85.6,51,2.7,2.9,5.2,49.8,6.8,0.714,30,0
2024-09-11,SES0037,P007,RB,7.0,7.2,68.6,53,4.3,3.0,5.3,43.1,2.9,0.681,60,0
2024-09-11,SES0037,P008,RB,5.1,4.9,72.0,62,6.6,4.5,2.1,51.8,0.0,0.607,60,0
2024-09-11,SES0037,P009,CDM,9.8,6.6,76.8,53,3.2,3.6,3.6,55.4,5.0,0.623,0,0
2024-09-11,SES0037,P010,CDM,7.4,8.9,55.4,57,3.6,3.2,4.3,53.7,4.3,0.645,90,0
2024-09-11,SES0037,P011,CM,5.8,3.3,53.5,53,3.9,3.1,4.5,47.2,2.6,0.618,30,0
2024-09-11,SES0037,P012,CM,5.8,5.3,53.0,65,4.8,3.3,5.3,51.9,9.4,0.587,0,0
2024-09-11,SES0037,P013,CM,5.6,8.6,55.4,73,5.8,4.5,1.6,43.9,2.8,0.533,90,0
2024-09-11,SES0037,P014,LW,6.1,4.4,72.2,50,4.2,3.3,2.4,49.6,5.4,0.654,0,0
2024-09-11,SES0037,P015,LW,8.4,6.6,66.2,51,1.4,1.6,6.8,49.8,5.7,0.633,80,0
2024-09-11,SES0037,P016,RW,9.2,5.9,76.6,55,2.1,1.5,1.5,50.1,5.4,0.596,60,0
2024-09-11,SES0037,P017,RW,8.7,6.8,57.3,58,3.6,2.3,5.1,49.3,7.0,0.614,30,0
2024-09-11,SES0037,P018,CAM,8.2,6.0,67.8,57,1.1,1.0,4.8,54.1,5.1,0.676,30,0
2024-09-11,SES0037,P019,CAM,9.0,7.8,69.4,56,4.3,3.8,2.8,55.1,4.7,0.614,80,0
2024-09-11,SES0037,P020,ST,7.2,8.7,72.9,67,4.2,4.0,3.2,53.7,0.0,0.667,30,0
2024-09-11,SES0037,P021,ST,6.5,3.8,65.6,62,5.8,6.1,3.2,50.6,5.4,0.644,30,0
2024-09-11,SES0037,P022,ST,8.4,6.3,59.2,54,3.5,4.0,7.1,53.5,2.8,0.688,0,0
2024-09-13,SES0038,P001,GK,5.2,1.0,52.1,72,8.0,5.2,5.7,44.0,4.1,0.507,90,0
2024-09-13,SES0038,P002,CB,6.0,4.9,44.0,66,6.5,4.4,3.9,55.4,9.0,0.647,60,0
2024-09-13,SES0038,P003,CB,3.8,4.3,37.8,72,8.1,6.0,3.9,45.7,3.5,0.502,0,0
2024-09-13,SES0038,P004,CB,5.1,2.9,43.7,67,7.9,6.7,3.3,41.5,6.0,0.619,0,0
2024-09-13,SES0038,P005,LB,6.4,2.7,51.0,65,7.9,7.3,5.3,48.8,0.0,0.483,90,0
2024-09-13,SES0038,P006,LB,6.2,1.0,46.0,65,6.3,6.5,2.2,48.2,1.4,0.612,0,0
2024-09-13,SES0038,P007,RB,6.0,1.4,67.4,64,7.9,5.5,5.9,44.8,4.5,0.609,60,0
2024-09-13,SES0038,P008,RB,4.2,2.1,49.5,67,9.9,7.9,6.7,44.2,4.0,0.644,45,0
2024-09-13,SES0038,P009,CDM,3.0,3.4,62.7,70,10.0,7.6,3.2,43.0,3.5,0.536,90,0
2024-09-13,SES0038,P010,CDM,5.1,1.0,52.9,59,8.8,5.8,6.4,49.2,4.5,0.57,90,0
2024-09-13,SES0038,P011,CM,6.4,1.9,40.3,70,8.0,7.4,2.9,48.9,4.7,0.61,90,0
2024-09-13,SES0038,P012,CM,6.6,4.8,47.0,67,6.7,4.6,4.7,47.0,4.2,0.575,75,0
2024-09-13,SES0038,P013,CM,5.6,1.2,55.8,71,7.9,7.3,4.1,45.6,3.7,0.578,75,0
2024-09-13,SES0038,P014,LW,7.3,2.2,62.6,60,7.1,6.5,6.1,50.2,2.8,0.486,60,0
2024-09-13,SES0038,P015,LW,6.2,4.0,46.8,59,7.5,5.4,4.8,47.6,2.3,0.493,60,0
2024-09-13,SES0038,P016,RW,5.2,3.7,58.7,65,6.9,6.8,6.4,48.9,7.8,0.658,60,0
2024-09-13,SES0038,P017,RW,7.3,2.2,54.6,61,6.4,5.5,6.9,51.3,1.2,0.672,90,0
2024-09-13,SES0038,P018,CAM,4.8,4.2,69.7,68,7.1,5.7,6.9,47.7,6.5,0.584,75,0
2024-09-13,SES0038,P019,CAM,7.2,2.5,55.2,60,8.0,5.6,8.3,43.5,7.1,0.508,45,0
2024-09-13,SES0038,P020,ST,5.4,2.3,62.1,59,8.2,6.7,4.8,51.6,0.4,0.532,75,0
2024-09-13,SES0038,P021,ST,4.9,1.0,52.3,66,7.6,6.0,4.5,53.1,6.3,0.532,60,0
2024-09-13,SES0038,P022,ST,6.5,3.8,56.8,63,5.9,5.5,5.3,48.1,5.1,0.556,90,0
2024-09-15,SES0039,P001,GK,6.2,5.6,49.9,56,6.3,4.8,4.2,52.9,3.0,0.602,80,0
2024-09-15,SES0039,P002,CB,5.6,8.3,48.6,62,6.7,4.8,3.4,45.1,0.4,0.599,30,1
2024-09-15,SES0039,P003,CB,6.2,6.4,50.5,63,8.3,5.9,5.0,48.0,2.4,0.503,30,0
2024-09-15,SES0039,P004,CB,7.3,8.5,60.6,64,6.0,4.9,5.3,46.5,4.5,0.597,0,0
2024-09-15,SES0039,P005,LB,6.3,6.2,56.0,62,4.0,1.0,4.3,53.2,2.6,0.676,0,0
2024-09-15,SES0039,P006,LB,7.3,6.0,52.4,64,7.1,5.3,4.8,50.2,3.6,0.612,0,0
2024-09-15,SES0039,P007,RB,4.7,5.8,65.5,58,5.5,5.7,4.3,47.0,4.7,0.536,60,0
2024-09-15,SES0039,P008,RB,8.0,6.0,43.8,66,5.7,4.3,3.5,57.5,7.2,0.557,80,0
2024-09-15,SES0039,P009,CDM,5.4,5.6,57.0,55,5.7,4.1,5.1,48.7,0.9,0.616,60,1
2024-09-15,SES0039,P010,CDM,5.2,6.8,72.9,66,7.0,4.9,4.7,47.7,2.6,0.508,80,0
2024-09-15,SES0039,P011,CM,6.7,7.0,58.2,61,6.1,5.3,5.6,51.4,0.0,0.675,30,0
2024-09-15,SES0039,P012,CM,6.5,7.7,65.0,67,5.8,4.3,3.6,48.3,1.5,0.665,30,0
2024-09-15,SES0039,P013,CM,7.1,5.3,59.6,62,5.5,3.5,5.8,50.3,5.8,0.654,0,0
2024-09-15,SES0039,P014,LW,6.8,6.4,69.7,63,5.5,5.3,6.0,50.5,4.6,0.767,0,0
2024-09-15,SES0039,P015,LW,6.8,5.0,52.1,68,5.2,4.0,5.7,48.2,1.1,0.611,60,0
2024-09-15,SES0039,P016,RW,5.4,5.7,55.6,62,8.0,6.9,6.8,49.8,6.1,0.596,30,0
2024-09-15,SES0039,P017,RW,6.5,6.8,63.5,63,4.6,3.2,3.9,51.9,3.2,0.654,90,0
2024-09-15,SES0039,P018,CAM,5.7,8.6,71.6,61,4.4,4.0,2.6,54.7,2.6,0.611,0,0
2024-09-15,SES0039,P019,CAM,6.6,5.1,49.9,62,5.8,3.6,6.9,54.6,3.6,0.611,30,0
2024-09-15,SES0039,P020,ST,5.0,7.8,55.5,67,7.2,6.7,3.4,51.5,4.4,0.675,30,0
2024-09-15,SES0039,P021,ST,5.9,7.6,58.9,56,6.2,6.0,3.2,52.5,2.0,0.635,0,0
2024-09-15,SES0039,P022,ST,5.6,7.2,64.7,62,6.4,5.3,3.9,49.6,3.6,0.556,30,0
2024-09-17,SES0040,P001,GK,7.4,6.3,49.4,62,7.1,7.3,7.7,46.9,2.3,0.486,30,0
2024-09-17,SES0040,P002,CB,7.2,8.2,65.1,58,4.9,3.9,6.0,50.9,0.0,0.578,0,0
2024-09-17,SES0040,P003,CB,6.8,6.9,69.7,61,3.3,2.3,2.5,49.8,5.8,0.54,60,0
2024-09-17,SES0040,P004,CB,7.4,3.9,62.5,53,3.8,2.9,5.2,46.9,4.2,0.668,80,0
2024-09-17,SES0040,P005,LB,7.4,5.2,56.9,62,6.4,3.9,5.7,46.7,2.5,0.634,90,0
2024-09-17,SES0040,P006,LB,6.2,4.9,51.8,60,6.1,5.7,3.3,49.7,3.2,0.558,60,0
2024-09-17,SES0040,P007,RB,6.5,4.1,42.5,59,6.0,4.9,1.8,50.1,5.1,0.59,60,0
2024-09-17,SES0040,P008,RB,7.6,5.1,53.5,54,5.3,4.7,3.1,48.7,7.2,0.656,0,0
2024-09-17,SES0040,P009,CDM,8.5,7.3,72.7,55,4.1,2.7,5.7,47.6,3.3,0.584,0,0
2024-09-17,SES0040,P010,CDM,7.2,4.7,50.1,61,5.8,4.8,5.5,53.6,3.4,0.503,0,0
2024-09-17,SES0040,P011,CM,8.8,4.7,66.8,58,4.8,4.6,4.6,46.9,4.4,0.668,30,0
2024-09-17,SES0040,P012,CM,7.2,3.3,65.4,58,3.7,3.5,6.6,47.0,5.0,0.603,0,0
2024-09-17,SES0040,P013,CM,9.9,7.8,63.0,61,4.4,3.5,6.3,55.4,7.2,0.658,30,0
2024-09-17,SES0040,P014,LW,9.6,5.4,64.4,63,2.7,1.5,7.1,52.2,3.9,0.647,60,0
2024-09-17,SES0040,P015,LW,6.2,3.4,68.6,56,4.3,1.3,5.5,52.2,8.1,0.579,60,0
2024-09-17,SES0040,P016,RW,6.8,4.7,53.9,61,6.1,4.6,3.5,46.3,7.3,0.645,30,0
2024-09-17,SES0040,P017,RW,5.8,5.1,50.5,65,6.5,4.7,2.5,49.7,2.8,0.624,30,0
2024-09-17,SES0040,P018,CAM,6.6,5.3,63.1,60,5.2,5.3,4.6,41.2,0.4,0.635,30,0
2024-09-17,SES0040,P019,CAM,4.3,5.4,67.8,63,5.4,5.8,6.0,51.3,0.0,0.676,90,0
2024-09-17,SES0040,P020,ST,7.6,6.8,66.9,64,4.3,4.1,3.7,52.7,6.3,0.59,90,0
2024-09-17,SES0040,P021,ST,6.1,4.3,70.2,55,6.1,6.0,6.1,55.3,3.1,0.579,0,0
2024-09-17,SES0040,P022,ST,6.3,7.7,52.9,58,5.4,4.0,3.4,44.8,2.4,0.551,0,0
2024-09-19,SES0041,P001,GK,5.8,9.1,57.6,66,6.7,7.6,3.2,51.9,4.6,0.578,0,0
2024-09-19,SES0041,P002,CB,6.1,10.0,39.4,68,6.5,3.7,1.8,44.2,3.5,0.59,0,0
2024-09-19,SES0041,P003,CB,6.5,9.8,59.7,54,4.9,3.7,3.8,51.3,0.0,0.621,80,0
2024-09-19,SES0041,P004,CB,8.4,9.4,72.8,58,3.7,4.6,4.4,41.9,4.2,0.656,60,0
2024-09-19,SES0041,P005,LB,7.2,9.7,69.0,60,4.4,4.1,4.0,47.4,0.7,0.624,80,0
2024-09-19,SES0041,P006,LB,6.8,10.0,67.4,60,5.4,2.9,5.4,47.3,3.1,0.627,90,0
2024-09-19,SES0041,P007,RB,6.1,10.0,50.2,60,5.1,6.4,6.1,53.0,3.8,0.565,30,0
2024-09-19,SES0041,P008,RB,8.8,10.0,56.1,59,5.7,3.0,3.3,48.5,1.6,0.548,0,0
2024-09-19,SES0041,P009,CDM,5.2,10.0,48.9,69,8.2,6.2,2.9,52.0,0.0,0.58,30,0
2024-09-19,SES0041,P010,CDM,7.1,9.1,54.0,65,5.7,5.0,4.6,54.5,0.0,0.535,60,0
2024-09-19,SES0041,P011,CM,6.0,10.0,74.7,65,8.1,6.1,3.9,45.3,4.4,0.57,60,0
2024-09-19,SES0041,P012,CM,5.3,9.1,69.3,52,4.8,2.8,4.9,56.7,2.7,0.61,30,0
2024-09-19,SES0041,P013,CM,6.0,10.0,45.2,64,7.6,5.8,5.7,43.7,4.2,0.562,30,0
2024-09-19,SES0041,P014,LW,7.1,10.0,50.7,65,6.1,5.2,2.2,45.8,5.1,0.625,60,0
2024-09-19,SES0041,P015,LW,8.3,8.5,39.5,63,3.9,3.1,3.6,51.3,0.1,0.647,30,0
2024-09-19,SES0041,P016,RW,6.4,8.8,51.3,63,7.2,6.2,8.8,51.2,6.0,0.598,0,0
2024-09-19,SES0041,P017,RW,8.1,9.1,55.9,61,5.4,4.2,4.6,50.0,4.1,0.579,60,0
2024-09-19,SES0041,P018,CAM,6.3,10.0,51.6,58,6.0,4.8,4.9,50.6,2.8,0.591,80,0
2024-09-19,SES0041,P019,CAM,5.2,7.0,56.8,59,7.3,6.3,5.5,52.3,6.3,0.602,0,0
2024-09-19,SES0041,P020,ST,6.1,9.3,52.9,66,6.7,4.8,4.6,47.7,3.2,0.505,0,0
2024-09-19,SES0041,P021,ST,5.1,10.0,51.2,69,7.3,5.5,4.2,47.2,4.2,0.553,0,0
2024-09-19,SES0041,P022,ST,7.5,9.4,49.4,67,6.4,3.4,4.9,51.3,4.7,0.59,0,0
2024-09-21,SES0042,P001,GK,7.6,4.1,64.4,52,5.5,5.7,3.7,52.9,3.7,0.588,80,0
2024-09-21,SES0042,P002,CB,9.2,7.9,56.7,55,2.2,2.0,6.2,55.5,10.3,0.642,60,0
2024-09-21,SES0042,P003,CB,9.1,4.9,68.4,55,1.1,1.0,7.3,56.0,5.0,0.692,60,0
2024-09-21,SES0042,P004,CB,8.5,6.1,60.4,52,1.0,1.0,2.0,51.4,4.4,0.807,30,0
2024-09-21,SES0042,P005,LB,10.0,5.6,61.8,53,1.2,1.0,5.0,54.4,1.1,0.748,30,0
2024-09-21,SES0042,P006,LB,8.1,5.6,68.9,63,2.9,2.2,3.9,47.6,1.7,0.664,60,0
2024-09-21,SES0042,P007,RB,8.0,3.8,60.8,58,4.7,4.0,4.5,52.8,8.7,0.641,0,0
2024-09-21,SES0042,P008,RB,9.4,4.6,52.7,51,1.9,1.5,3.7,49.1,5.6,0.682,30,0
2024-09-21,SES0042,P009,CDM,8.0,3.7,60.0,58,4.8,4.1,3.5,45.2,7.4,0.616,90,0
2024-09-21,SES0042,P010,CDM,8.5,4.5,70.1,58,4.4,2.9,7.8,52.3,5.6,0.741,30,0
2024-09-21,SES0042,P011,CM,9.4,4.5,75.1,51,1.0,1.3,4.9,51.1,3.6,0.644,60,1
2024-09-21,SES0042,P012,CM,8.2,6.1,58.3,59,2.8,3.0,6.4,50.7,3.6,0.598,60,0
2024-09-21,SES0042,P013,CM,8.4,4.0,77.9,55,2.9,1.0,4.4,51.4,6.5,0.679,30,0
2024-09-21,SES0042,P014,LW,6.8,5.5,61.3,53,5.4,5.3,2.0,47.7,6.7,0.609,0,0
2024-09-21,SES0042,P015,LW,7.6,3.8,57.8,58,4.0,2.3,6.8,50.1,1.0,0.614,30,0
2024-09-21,SES0042,P016,RW,8.8,5.3,64.2,57,2.7,2.5,4.7,51.3,4.9,0.657,60,0
2024-09-21,SES0042,P017,RW,7.6,8.2,72.2,54,2.8,1.6,4.0,50.7,1.3,0.689,60,0
2024-09-21,SES0042,P018,CAM,7.6,2.3,58.8,61,3.7,4.3,5.6,50.3,1.4,0.57,0,0
2024-09-21,SES0042,P019,CAM,6.0,6.2,64.8,53,3.6,2.5,6.2,48.6,3.2,0.631,80,0
2024-09-21,SES0042,P020,ST,7.7,3.8,59.0,56,3.2,2.6,4.0,50.8,2.1,0.617,0,0
2024-09-21,SES0042,P021,ST,7.0,4.3,54.6,52,4.0,4.0,3.6,55.4,1.2,0.677,0,0
2024-09-21,SES0042,P022,ST,10.0,6.9,68.1,50,1.0,1.4,4.1,55.9,1.0,0.692,80,0
2024-09-23,SES0043,P001,GK,9.7,9.2,67.3,51,1.3,1.0,2.2,46.3,5.5,0.759,0,0
2024-09-23,SES0043,P002,CB,9.9,5.8,84.6,52,1.1,1.8,7.0,50.2,2.7,0.631,80,0
2024-09-23,SES0043,P003,CB,9.6,6.2,72.9,61,2.3,1.0,5.3,49.8,4.7,0.695,0,0
2024-09-23,SES0043,P004,CB,8.2,9.2,69.1,56,2.9,3.1,6.2,49.1,3.9,0.656,80,0
2024-09-23,SES0043,P005,LB,9.7,7.4,74.7,49,1.0,2.0,5.9,49.5,6.4,0.671,0,0
2024-09-23,SES0043,P006,LB,10.0,7.7,82.7,56,1.0,1.0,4.1,51.2,2.1,0.679,60,0
2024-09-23,SES0043,P007,RB,8.7,9.0,81.2,57,1.7,1.0,6.7,58.5,7.1,0.642,60,0
2024-09-23,SES0043,P008,RB,7.3,6.6,69.4,59,4.0,4.7,2.7,47.4,6.9,0.617,80,0
2024-09-23,SES0043,P009,CDM,9.5,7.2,73.4,58,3.5,1.5,4.2,51.3,5.1,0.66,60,0
2024-09-23,SES0043,P010,CDM,10.0,7.9,75.3,50,1.7,1.0,5.6,49.8,4.4,0.621,30,0
2024-09-23,SES0043,P011,CM,7.2,8.9,74.3,50,1.0,1.0,5.5,50.4,3.4,0.675,60,0
2024-09-23,SES0043,P012,CM,10.0,5.9,66.8,53,1.0,1.0,5.3,53.6,4.8,0.778,80,0
2024-09-23,SES0043,P013,CM,6.6,8.1,65.5,60,2.5,2.3,7.8,65.8,1.0,0.691,80,0
2024-09-23,SES0043,P014,LW,9.6,7.3,69.1,48,1.2,1.0,4.5,52.8,4.2,0.684,80,0
2024-09-23,SES0043,P015,LW,9.3,8.9,62.9,60,2.5,1.0,2.9,53.2,3.5,0.64,60,0
2024-09-23,SES0043,P016,RW,6.7,6.2,75.5,52,2.9,1.5,1.6,49.4,0.8,0.643,30,0
2024-09-23,SES0043,P017,RW,9.1,8.6,87.6,53,1.0,1.0,4.4,54.4,1.6,0.808,60,0
2024-09-23,SES0043,P018,CAM,8.7,9.0,67.1,51,1.2,1.2,4.9,55.9,2.8,0.636,0,0
2024-09-23,SES0043,P019,CAM,7.8,8.8,56.3,58,3.3,1.0,1.1,49.9,5.5,0.653,90,0
2024-09-23,SES0043,P020,ST,5.4,6.3,70.8,53,2.9,1.9,3.4,49.9,4.2,0.563,0,0
2024-09-23,SES0043,P021,ST,9.5,7.3,74.8,61,2.3,2.0,5.2,55.1,4.6,0.652,60,0
2024-09-23,SES0043,P022,ST,8.8,8.4,62.0,56,2.0,1.6,4.4,50.4,6.2,0.638,90,0
2024-09-25,SES0044,P001,GK,7.6,4.3,49.5,60,5.9,4.3,4.6,44.4,3.1,0.518,30,0
2024-09-25,SES0044,P002,CB,5.9,4.3,40.6,62,7.8,6.5,4.8,48.2,0.0,0.632,90,0
2024-09-25,SES0044,P003,CB,6.0,3.5,52.2,59,7.5,6.8,2.2,45.5,4.7,0.499,80,0
2024-09-25,SES0044,P004,CB,4.7,6.1,56.9,58,6.9,7.0,4.9,55.3,4.1,0.563,0,0
2024-09-25,SES0044,P005,LB,6.2,4.8,53.0,68,5.8,4.2,4.4,54.5,5.4,0.67,60,0
2024-09-25,SES0044,P006,LB,7.4,3.8,48.4,63,6.9,5.1,3.4,45.3,2.4,0.557,30,0
2024-09-25,SES0044,P007,RB,5.4,3.4,57.2,60,7.3,6.0,5.2,48.5,4.4,0.586,0,0
2024-09-25,SES0044,P008,RB,6.9,1.6,44.5,66,8.8,7.4,3.3,49.3,0.0,0.557,0,0
2024-09-25,SES0044,P009,CDM,7.0,4.6,65.6,68,5.8,4.4,7.3,51.4,1.9,0.597,60,0
2024-09-25,SES0044,P010,CDM,6.8,3.7,73.7,56,5.0,4.0,6.1,50.9,2.1,0.625,60,0
2024-09-25,SES0044,P011,CM,6.5,3.4,64.3,57,6.1,5.7,5.2,50.4,5.9,0.577,0,0
2024-09-25,SES0044,P012,CM,6.0,3.1,57.8,57,4.8,4.8,1.9,45.8,4.8,0.618,0,0
2024-09-25,SES0044,P013,CM,8.8,2.8,47.3,63,3.0,1.9,4.3,52.2,7.4,0.616,0,0
2024-09-25,SES0044,P014,LW,6.3,6.2,48.3,59,6.4,6.4,4.5,42.4,6.0,0.603,0,0
2024-09-25,SES0044,P015,LW,6.3,4.0,57.0,56,6.1,4.5,3.7,48.9,7.9,0.577,80,0
2024-09-25,SES0044,P016,RW,8.7,3.8,70.9,59,5.1,3.9,3.0,47.7,0.0,0.572,30,0
2024-09-25,SES0044,P017,RW,7.9,3.9,83.0,62,3.7,3.4,5.9,47.8,1.0,0.781,0,0
2024-09-25,SES0044,P018,CAM,6.1,4.5,55.3,68,6.3,5.0,1.9,49.7,8.4,0.549,60,0
2024-09-25,SES0044,P019,CAM,6.0,2.6,61.6,61,5.3,3.0,6.5,47.4,0.0,0.688,60,0
2024-09-25,SES0044,P020,ST,6.9,4.9,55.2,57,5.4,5.0,6.9,45.8,5.5,0.579,30,0
2024-09-25,SES0044,P021,ST,7.1,4.1,64.4,60,7.2,4.2,5.5,51.5,3.2,0.651,0,0
2024-09-25,SES0044,P022,ST,5.3,5.1,59.9,59,5.8,3.7,5.2,48.0,5.4,0.529,80,0
2024-09-27,SES0045,P001,GK,8.2,5.9,68.7,56,2.4,2.5,3.8,50.8,4.2,0.653,60,0
2024-09-27,SES0045,P002,CB,10.0,7.4,85.2,49,1.0,1.0,5.7,55.8,3.7,0.757,30,0
2024-09-27,SES0045,P003,CB,9.4,7.6,76.2,52,1.9,1.7,4.4,53.5,3.5,0.627,60,0
2024-09-27,SES0045,P004,CB,9.3,7.6,74.8,57,1.0,1.3,3.5,50.4,6.3,0.669,60,0
2024-09-27,SES0045,P005,LB,9.7,10.0,74.5,49,2.0,2.0,5.3,54.5,4.8,0.667,80,0
2024-09-27,SES0045,P006,LB,7.6,5.6,74.1,53,1.0,1.0,5.2,50.0,2.6,0.705,30,0
2024-09-27,SES0045,P007,RB,9.1,5.6,67.3,51,1.0,1.0,4.6,57.3,3.2,0.643,30,0
2024-09-27,SES0045,P008,RB,7.9,8.4,81.6,44,1.0,1.8,6.6,55.3,5.8,0.784,60,0
2024-09-27,SES0045,P009,CDM,8.3,8.1,70.9,55,2.3,1.5,5.7,55.3,6.1,0.704,80,0
2024-09-27,SES0045,P010,CDM,10.0,6.1,69.1,52,1.0,1.0,5.4,55.3,4.2,0.719,80,1
2024-09-27,SES0045,P011,CM,9.7,8.7,70.3,57,1.0,1.8,2.5,54.6,4.6,0.752,0,0
2024-09-27,SES0045,P012,CM,8.6,6.9,56.4,60,2.2,1.0,6.2,50.4,1.4,0.709,90,0
2024-09-27,SES0045,P013,CM,10.0,9.5,64.2,56,1.0,1.0,2.7,51.0,6.8,0.676,60,0
2024-09-27,SES0045,P014,LW,9.2,6.5,69.9,58,2.2,3.1,4.0,56.5,3.9,0.582,60,0
2024-09-27,SES0045,P015,LW,10.0,6.9,73.9,58,1.0,2.1,3.5,49.5,3.2,0.72,80,0
2024-09-27,SES0045,P016,RW,9.1,9.5,77.5,54,1.0,1.0,5.7,51.1,3.6,0.67,80,0
2024-09-27,SES0045,P017,RW,10.0,6.8,73.7,60,1.0,1.0,4.5,48.5,4.3,0.709,30,0
2024-09-27,SES0045,P018,CAM,8.3,7.0,57.4,70,3.1,4.2,5.5,46.5,0.0,0.554,90,0
2024-09-27,SES0045,P019,CAM,10.0,5.4,76.5,58,1.0,1.7,3.7,59.5,1.9,0.607,80,0
2024-09-27,SES0045,P020,ST,8.6,7.0,67.0,55,2.3,1.1,4.3,54.5,3.3,0.645,30,0
2024-09-27,SES0045,P021,ST,10.0,7.8,68.7,51,1.0,1.0,3.9,54.2,1.8,0.714,0,0
2024-09-27,SES0045,P022,ST,8.5,8.3,70.6,54,1.0,2.8,1.5,49.8,4.1,0.718,0,0
2024-09-29,SES0046,P001,GK,10.0,9.9,69.2,53,1.0,1.0,3.6,51.6,10.2,0.713,30,0
2024-09-29,SES0046,P002,CB,8.6,9.4,82.0,50,1.0,1.5,5.3,51.0,2.8,0.605,0,0
2024-09-29,SES0046,P003,CB,8.3,8.9,67.0,51,1.8,1.0,5.0,54.1,7.0,0.751,80,0
2024-09-29,SES0046,P004,CB,10.0,9.0,67.6,57,1.0,2.0,2.0,58.1,3.4,0.77,80,0
2024-09-29,SES0046,P005,LB,10.0,7.9,65.9,54,1.8,1.4,5.5,52.6,0.0,0.671,90,0
2024-09-29,SES0046,P006,LB,9.5,8.2,61.2,54,1.1,1.0,4.6,51.0,4.1,0.647,60,0
2024-09-29,SES0046,P007,RB,9.5,6.9,66.3,58,1.5,1.0,3.1,58.3,4.8,0.695,0,0
2024-09-29,SES0046,P008,RB,8.5,8.8,77.1,53,1.0,1.0,5.5,54.0,0.8,0.654,60,0
2024-09-29,SES0046,P009,CDM,7.7,8.8,70.0,55,1.8,1.0,7.8,52.0,3.3,0.77,80,0
2024-09-29,SES0046,P010,CDM,8.1,10.0,62.0,48,2.1,2.7,3.3,45.3,2.5,0.741,0,0
2024-09-29,SES0046,P011,CM,8.7,7.8,85.3,57,1.0,2.5,4.8,54.6,5.9,0.701,90,0
2024-09-29,SES0046,P012,CM,6.4,7.2,75.7,60,3.1,1.2,1.0,50.6,4.7,0.711,0,0
2024-09-29,SES0046,P013,CM,7.5,7.2,75.2,48,1.0,1.0,3.8,57.2,2.4,0.695,30,0
2024-09-29,SES0046,P014,LW,10.0,9.4,79.1,56,1.3,1.2,3.1,49.8,5.0,0.768,90,0
2024-09-29,SES0046,P015,LW,10.0,8.5,79.9,49,1.0,1.7,8.4,50.5,9.7,0.689,30,0
2024-09-29,SES0046,P016,RW,9.3,7.1,54.9,54,2.1,2.5,4.3,51.8,4.3,0.676,90,0
2024-09-29,SES0046,P017,RW,8.8,7.0,64.4,53,1.3,1.7,3.1,53.8,4.2,0.715,90,0
2024-09-29,SES0046,P018,CAM,10.0,6.9,53.9,51,1.8,1.7,4.9,53.1,3.0,0.695,80,0
2024-09-29,SES0046,P019,CAM,8.1,6.2,72.2,54,1.7,1.3,5.0,59.5,6.3,0.7,0,0
2024-09-29,SES0046,P020,ST,7.4,6.9,75.0,66,1.3,1.0,3.4,53.6,4.8,0.616,80,0
2024-09-29,SES0046,P021,ST,10.0,9.0,75.1,55,1.0,1.0,4.4,53.3,5.0,0.694,80,0
2024-09-29,SES0046,P022,ST,9.5,9.9,74.6,52,1.0,1.0,6.9,54.1,2.1,0.807,0,0
2024-10-01,SES0047,P001,GK,5.8,4.8,54.0,59,4.5,2.8,5.9,47.9,0.0,0.684,30,0
2024-10-01,SES0047,P002,CB,8.3,3.7,70.2,62,3.7,3.0,4.3,49.9,4.2,0.687,0,0
2024-10-01,SES0047,P003,CB,7.6,6.6,61.7,61,4.8,4.0,3.4,50.5,2.4,0.624,60,0
2024-10-01,SES0047,P004,CB,8.7,8.7,65.3,62,3.8,3.2,3.5,51.2,5.5,0.589,60,0
2024-10-01,SES0047,P005,LB,7.8,7.2,61.0,64,3.2,2.4,2.3,52.7,5.4,0.664,0,0
2024-10-01,SES0047,P006,LB,7.3,8.4,77.6,54,5.5,3.9,1.8,46.0,5.4,0.719,60,0
2024-10-01,SES0047,P007,RB,6.1,6.0,60.6,59,4.9,4.3,3.4,47.5,1.8,0.668,60,0
2024-10-01,SES0047,P008,RB,8.5,4.3,60.4,51,3.4,2.8,6.0,46.8,4.9,0.658,60,0
2024-10-01,SES0047,P009,CDM,6.2,8.1,65.6,64,6.2,5.3,4.2,56.9,6.4,0.604,30,0
2024-10-01,SES0047,P010,CDM,8.1,6.2,70.9,56,3.5,1.3,5.2,52.0,4.5,0.692,0,0
2024-10-01,SES0047,P011,CM,6.3,6.4,76.9,65,5.4,3.6,4.6,44.5,0.0,0.616,0,0
2024-10-01,SES0047,P012,CM,6.1,4.3,48.0,62,6.5,4.5,5.4,51.0,2.1,0.606,0,0
2024-10-01,SES0047,P013,CM,7.2,7.2,52.4,64,5.1,3.8,4.6,50.9,9.0,0.738,0,0
2024-10-01,SES0047,P014,LW,6.7,6.4,55.8,57,6.0,5.1,5.7,55.4,1.7,0.683,60,0
2024-10-01,SES0047,P015,LW,5.3,5.1,50.6,60,5.9,5.5,4.3,47.3,6.2,0.616,30,0
2024-10-01,SES0047,P016,RW,7.3,7.1,52.9,53,6.9,6.0,5.9,47.2,9.0,0.597,30,0
2024-10-01,SES0047,P017,RW,7.4,5.4,80.2,56,2.9,1.7,8.3,51.6,5.4,0.69,0,0
2024-10-01,SES0047,P018,CAM,7.5,6.4,60.1,63,4.2,1.9,5.6,46.5,0.7,0.712,30,1
2024-10-01,SES0047,P019,CAM,7.7,7.7,48.0,61,3.6,3.6,5.6,49.0,4.9,0.651,0,0
2024-10-01,SES0047,P020,ST,5.8,7.9,53.8,64,6.1,4.9,4.1,48.7,9.7,0.599,80,0
2024-10-01,SES0047,P021,ST,7.4,5.8,60.3,61,4.0,2.0,4.4,43.1,2.2,0.604,60,0
2024-10-01,SES0047,P022,ST,7.0,4.9,63.0,63,5.4,5.2,2.6,58.2,1.4,0.567,30,0
2024-10-03,SES0048,P001,GK,5.3,4.9,39.6,68,6.9,4.5,3.2,43.9,5.4,0.58,0,0
2024-10-03,SES0048,P002,CB,5.4,8.5,37.4,65,7.1,6.2,5.3,44.9,2.1,0.625,0,0
2024-10-03,SES0048,P003,CB,4.9,4.2,56.5,68,7.7,5.4,5.6,43.5,0.3,0.683,80,0
2024-10-03,SES0048,P004,CB,6.8,5.4,68.3,63,5.1,3.0,2.6,51.9,5.0,0.581,0,0
2024-10-03,SES0048,P005,LB,6.1,4.6,47.8,57,6.5,4.6,3.7,39.6,8.4,0.618,30,0
2024-10-03,SES0048,P006,LB,6.4,4.0,62.7,67,6.0,5.5,6.5,48.2,5.9,0.677,0,0
2024-10-03,SES0048,P007,RB,5.7,6.3,49.9,56,5.7,4.2,5.0,51.7,2.1,0.554,30,0
2024-10-03,SES0048,P008,RB,3.9,5.2,58.9,62,7.0,6.9,5.8,43.1,1.3,0.658,80,0
2024-10-03,SES0048,P009,CDM,7.1,6.1,56.4,70,7.2,6.1,4.1,42.6,4.9,0.59,80,0
2024-10-03,SES0048,P010,CDM,7.5,5.5,45.4,71,7.3,4.2,5.3,47.6,3.1,0.594,60,0
2024-10-03,SES0048,P011,CM,5.4,3.4,71.6,70,6.0,3.3,2.7,49.9,4.4,0.583,60,0
2024-10-03,SES0048,P012,CM,6.5,4.8,59.5,65,5.4,5.1,5.6,48.5,7.7,0.532,0,0
2024-10-03,SES0048,P013,CM,7.7,6.1,45.1,59,5.9,4.9,3.1,49.0,0.0,0.548,60,0
2024-10-03,SES0048,P014,LW,6.2,4.0,78.7,55,5.2,3.1,5.4,44.6,4.7,0.612,60,0
2024-10-03,SES0048,P015,LW,6.9,5.9,36.4,65,7.2,6.9,6.7,46.4,2.1,0.604,0,0
2024-10-03,SES0048,P016,RW,6.2,6.8,61.3,65,5.6,4.8,4.1,49.8,2.2,0.519,30,0
2024-10-03,SES0048,P017,RW,3.6,5.3,66.8,68,5.9,4.1,3.4,47.1,1.3,0.595,0,0
2024-10-03,SES0048,P018,CAM,7.3,7.6,52.2,66,5.9,5.1,1.9,53.9,5.3,0.598,60,0
2024-10-03,SES0048,P019,CAM,7.4,2.7,60.7,60,7.0,4.8,4.7,46.6,4.3,0.606,90,0
2024-10-03,SES0048,P020,ST,6.4,4.1,49.2,59,7.8,5.6,7.1,49.7,0.0,0.636,60,0
2024-10-03,SES0048,P021,ST,9.4,6.3,54.3,68,7.0,7.0,3.5,51.9,6.5,0.669,30,0
2024-10-03,SES0048,P022,ST,5.3,5.1,62.4,59,5.1,4.3,2.8,54.8,6.9,0.575,0,0
2024-10-05,SES0049,P001,GK,7.4,4.6,50.3,63,3.6,1.0,4.0,48.4,8.1,0.704,90,0
2024-10-05,SES0049,P002,CB,7.6,5.3,63.9,62,3.9,2.5,4.6,55.7,2.5,0.629,0,0
2024-10-05,SES0049,P003,CB,7.1,5.4,69.2,60,4.6,5.4,6.8,49.5,3.7,0.625,0,0
2024-10-05,SES0049,P004,CB,7.6,6.2,59.2,58,6.4,4.2,4.1,51.9,3.4,0.495,60,1
2024-10-05,SES0049,P005,LB,8.9,7.2,78.4,46,2.2,1.5,6.7,50.4,3.0,0.659,30,0
2024-10-05,SES0049,P006,LB,4.5,4.0,66.4,64,4.3,4.1,5.9,42.5,3.0,0.552,30,0
2024-10-05,SES0049,P007,RB,8.8,5.0,59.6,62,4.5,4.8,3.8,51.7,4.0,0.64,80,0
2024-10-05,SES0049,P008,RB,5.4,4.1,50.0,70,3.4,3.3,2.0,49.0,7.7,0.649,0,0
2024-10-05,SES0049,P009,CDM,6.7,4.5,48.2,53,4.1,2.5,5.3,53.8,3.6,0.613,60,0
2024-10-05,SES0049,P010,CDM,7.9,3.0,53.9,68,4.5,3.6,4.7,53.2,6.1,0.676,0,0
2024-10-05,SES0049,P011,CM,5.2,6.1,59.1,54,6.2,2.7,3.9,45.9,2.3,0.583,60,0
2024-10-05,SES0049,P012,CM,6.4,4.9,59.3,54,3.2,2.8,3.3,49.3,4.0,0.662,60,0
2024-10-05,SES0049,P013,CM,10.0,5.4,62.7,60,3.9,2.8,5.0,44.1,1.8,0.588,0,0
2024-10-05,SES0049,P014,LW,7.2,6.5,66.5,60,3.2,1.0,5.0,51.8,5.2,0.629,90,0
2024-10-05,SES0049,P015,LW,7.2,3.7,68.5,57,5.4,3.8,4.2,42.6,2.8,0.663,0,0
2024-10-05,SES0049,P016,RW,6.6,3.7,60.9,64,5.4,3.7,2.9,50.8,8.4,0.562,80,0
2024-10-05,SES0049,P017,RW,6.2,4.7,62.9,60,5.5,3.3,6.4,53.5,7.6,0.551,80,0
2024-10-05,SES0049,P018,CAM,8.4,3.9,68.8,71,3.5,2.2,5.9,50.1,4.2,0.747,0,0
2024-10-05,SES0049,P019,CAM,5.9,6.0,53.5,58,4.8,4.2,2.0,53.9,2.1,0.647,60,0
2024-10-05,SES0049,P020,ST,5.6,7.4,62.1,56,4.9,3.9,3.5,53.8,3.4,0.533,0,0
2024-10-05,SES0049,P021,ST,6.4,4.7,71.5,59,4.3,5.0,2.9,54.8,8.0,0.638,30,0
2024-10-05,SES0049,P022,ST,7.3,8.6,75.6,63,3.5,1.8,3.6,42.7,5.9,0.64,60,0
2024-10-07,SES0050,P001,GK,8.0,4.9,63.2,58,4.2,2.8,5.1,45.1,2.0,0.666,80,0
2024-10-07,SES0050,P002,CB,9.9,6.6,79.9,54,1.7,2.9,4.2,50.0,0.9,0.736,80,0
2024-10-07,SES0050,P003,CB,9.2,6.8,63.6,52,3.0,2.6,4.5,47.0,1.7,0.677,0,0
2024-10-07,SES0050,P004,CB,6.0,5.5,53.7,62,6.0,3.6,5.8,52.4,4.1,0.6,30,0
2024-10-07,SES0050,P005,LB,6.8,4.4,65.0,53,4.0,3.0,3.1,44.2,4.5,0.641,0,0
2024-10-07,SES0050,P006,LB,6.1,6.6,62.7,61,3.8,3.7,5.3,58.8,3.2,0.585,60,0
2024-10-07,SES0050,P007,RB,7.2,5.3,55.9,61,4.6,3.9,3.3,55.7,2.7,0.577,0,0
2024-10-07,SES0050,P008,RB,9.1,6.2,71.0,55,2.7,2.2,4.6,55.2,2.8,0.658,80,0
2024-10-07,SES0050,P009,CDM,8.9,5.4,60.4,54,4.0,3.1,4.1,47.1,5.8,0.641,0,0
2024-10-07,SES0050,P010,CDM,5.6,3.3,65.5,57,5.9,4.3,5.7,42.9,5.1,0.595,30,0
2024-10-07,SES0050,P011,CM,8.3,2.0,55.9,64,5.2,4.0,4.6,48.8,4.4,0.559,0,0
2024-10-07,SES0050,P012,CM,9.0,4.8,59.7,54,2.3,2.7,5.8,52.4,3.0,0.643,30,0
2024-10-07,SES0050,P013,CM,6.8,5.9,63.8,63,3.9,3.4,3.9,50.4,1.4,0.563,80,0
2024-10-07,SES0050,P014,LW,8.5,3.6,82.0,51,3.5,4.4,2.6,52.3,2.9,0.651,30,0
2024-10-07,SES0050,P015,LW,7.1,3.8,56.9,67,4.5,2.9,5.4,48.5,5.1,0.637,30,0
2024-10-07,SES0050,P016,RW,8.8,5.1,66.8,62,2.6,2.9,3.7,49.4,3.6,0.699,0,1
2024-10-07,SES0050,P017,RW,8.2,4.5,55.5,61,4.6,3.9,4.3,50.4,9.1,0.617,30,0
2024-10-07,SES0050,P018,CAM,7.1,3.9,69.7,62,4.9,2.8,6.8,42.8,5.8,0.545,90,0
2024-10-07,SES0050,P019,CAM,7.2,4.6,57.1,52,3.5,1.8,4.7,56.0,0.0,0.719,0,0
2024-10-07,SES0050,P020,ST,9.1,4.1,61.1,56,3.5,3.9,4.2,50.2,9.5,0.651,60,0
2024-10-07,SES0050,P021,ST,7.9,3.0,64.9,56,4.3,3.0,5.2,49.6,2.9,0.62,0,0
2024-10-07,SES0050,P022,ST,7.1,3.2,59.4,61,4.2,2.9,4.1,48.2,10.8,0.705,0,0
2024-10-09,SES0051,P001,GK,6.3,5.5,60.9,53,5.8,3.8,5.6,46.5,5.5,0.557,90,0
2024-10-09,SES0051,P002,CB,8.3,7.7,73.5,64,4.1,1.9,2.2,52.9,4.0,0.638,90,0
2024-10-09,SES0051,P003,CB,9.1,7.3,69.1,58,3.5,4.0,5.6,53.0,4.2,0.647,30,0
2024-10-09,SES0051,P004,CB,9.7,6.4,66.1,65,3.2,1.8,5.3,48.6,9.5,0.609,0,0
2024-10-09,SES0051,P005,LB,8.2,7.1,77.8,49,1.9,3.0,6.9,48.3,8.8,0.681,60,0
2024-10-09,SES0051,P006,LB,10.0,6.2,80.7,59,1.7,2.4,4.2,53.4,2.8,0.723,60,0
2024-10-09,SES0051,P007,RB,9.0,8.1,67.2,55,1.9,2.4,5.0,53.2,2.4,0.621,30,0
2024-10-09,SES0051,P008,RB,8.9,9.1,78.3,56,1.2,1.0,5.0,60.0,1.6,0.649,30,0
2024-10-09,SES0051,P009,CDM,6.1,6.4,62.8,53,2.5,1.7,2.0,53.9,3.6,0.702,60,0
2024-10-09,SES0051,P010,CDM,7.1,7.0,71.7,58,2.3,2.6,7.6,54.5,6.6,0.616,30,0
2024-10-09,SES0051,P011,CM,6.9,6.4,77.7,63,4.5,3.7,4.8,49.7,6.2,0.568,0,0
2024-10-09,SES0051,P012,CM,9.3,8.3,56.4,55,3.0,1.9,4.1,52.7,0.0,0.635,0,0
2024-10-09,SES0051,P013,CM,6.7,8.7,56.3,48,4.3,1.8,5.0,52.5,3.4,0.628,0,0
2024-10-09,SES0051,P014,LW,7.7,8.0,73.4,54,3.4,1.3,6.6,48.4,2.8,0.626,90,0
2024-10-09,SES0051,P015,LW,5.3,9.3,49.3,61,5.4,3.0,5.0,39.8,2.5,0.682,90,0
2024-10-09,SES0051,P016,RW,7.4,6.5,49.7,55,3.3,1.6,5.5,49.7,7.8,0.631,0,0
2024-10-09,SES0051,P017,RW,8.1,5.0,61.6,50,2.1,2.1,3.5,51.4,7.9,0.653,0,0
2024-10-09,SES0051,P018,CAM,7.4,10.0,90.7,54,1.6,1.5,6.6,42.4,7.6,0.572,60,0
2024-10-09,SES0051,P019,CAM,7.2,9.4,63.5,55,4.0,4.4,3.5,50.0,4.2,0.636,60,0
2024-10-09,SES0051,P020,ST,8.8,6.4,66.5,49,4.0,2.4,4.9,47.8,0.0,0.621,60,0
2024-10-09,SES0051,P021,ST,9.1,7.5,69.1,63,4.1,4.6,4.4,47.3,1.1,0.664,60,0
2024-10-09,SES0051,P022,ST,7.0,7.8,65.4,54,3.8,2.5,4.5,49.5,2.7,0.765,0,1
2024-10-11,SES0052,P001,GK,4.8,1.0,39.5,65,7.5,5.3,5.5,51.1,6.0,0.557,60,0
2024-10-11,SES0052,P002,CB,6.1,2.4,61.3,62,5.4,5.1,1.0,44.6,1.4,0.498,90,0
2024-10-11,SES0052,P003,CB,5.9,2.6,58.8,59,7.5,5.3,6.4,46.9,7.7,0.534,45,0
2024-10-11,SES0052,P004,CB,5.2,2.5,45.2,62,6.9,4.7,5.1,48.7,0.0,0.616,45,0
2024-10-11,SES0052,P005,LB,6.1,2.7,60.5,61,6.1,4.9,5.7,48.7,3.1,0.602,90,0
2024-10-11,SES0052,P006,LB,7.4,1.8,52.1,63,7.1,5.6,3.4,53.5,3.4,0.538,45,0
2024-10-11,SES0052,P007,RB,6.4,3.4,64.3,49,5.6,5.4,3.9,54.2,3.6,0.615,75,0
2024-10-11,SES0052,P008,RB,6.9,2.6,52.0,58,6.8,5.0,6.5,50.6,8.7,0.526,0,0
2024-10-11,SES0052,P009,CDM,7.9,1.9,55.0,59,6.7,6.7,7.0,51.5,3.4,0.616,75,0
2024-10-11,SES0052,P010,CDM,7.1,1.8,46.7,64,6.5,4.5,4.2,46.0,3.9,0.514,75,0
2024-10-11,SES0052,P011,CM,4.3,2.3,54.0,67,7.7,6.9,7.3,42.7,10.3,0.626,45,0
2024-10-11,SES0052,P012,CM,6.4,3.8,50.5,62,6.9,5.8,3.4,45.6,4.8,0.57,0,0
2024-10-11,SES0052,P013,CM,6.4,4.2,37.9,72,6.4,6.3,3.7,48.8,3.2,0.566,45,0
2024-10-11,SES0052,P014,LW,3.8,3.5,50.3,65,7.9,7.5,4.1,50.2,5.3,0.519,0,0
2024-10-11,SES0052,P015,LW,4.8,4.4,35.0,64,7.3,6.9,4.6,51.0,1.3,0.574,60,1
2024-10-11,SES0052,P016,RW,4.2,1.4,58.8,67,6.8,5.2,3.8,53.0,2.2,0.469,60,0
2024-10-11,SES0052,P017,RW,5.2,2.3,51.1,58,7.0,4.9,3.6,50.8,3.9,0.565,75,0
2024-10-11,SES0052,P018,CAM,7.3,3.7,67.0,53,4.6,5.2,7.2,49.8,2.6,0.649,90,0
2024-10-11,SES0052,P019,CAM,6.6,1.8,68.6,68,5.8,3.9,8.0,48.0,4.9,0.608,45,0
2024-10-11,SES0052,P020,ST,7.4,2.9,61.4,53,4.7,5.0,7.0,55.4,6.7,0.69,60,1
2024-10-11,SES0052,P021,ST,6.4,4.2,54.9,60,6.6,5.3,5.7,47.8,7.4,0.472,90,0
2024-10-11,SES0052,P022,ST,7.4,4.2,64.6,65,5.5,3.0,3.5,42.7,6.7,0.603,90,0
2024-10-13,SES0053,P001,GK,10.0,4.5,74.4,60,2.3,1.0,6.3,47.9,4.5,0.7,60,0
2024-10-13,SES0053,P002,CB,8.9,5.1,48.7,67,4.9,4.8,6.2,50.8,4.2,0.595,0,0
2024-10-13,SES0053,P003,CB,10.0,4.9,82.6,54,1.0,1.0,5.2,50.3,2.9,0.668,90,0
2024-10-13,SES0053,P004,CB,8.4,6.7,70.5,59,1.4,1.0,3.6,59.3,5.5,0.663,30,0
2024-10-13,SES0053,P005,LB,8.7,6.5,53.3,62,2.4,1.0,6.7,47.3,2.7,0.739,30,0
2024-10-13,SES0053,P006,LB,8.7,4.7,74.4,54,1.7,2.1,3.6,49.9,2.3,0.602,30,0
2024-10-13,SES0053,P007,RB,10.0,6.2,62.0,55,1.0,2.0,4.7,58.2,5.3,0.724,0,0
2024-10-13,SES0053,P008,RB,9.7,5.0,60.9,61,1.2,2.1,4.0,57.1,8.2,0.753,90,0
2024-10-13,SES0053,P009,CDM,10.0,5.3,79.8,56,1.5,1.2,4.3,47.8,0.0,0.702,60,0
2024-10-13,SES0053,P010,CDM,7.5,5.1,75.2,60,3.1,2.6,5.8,48.6,2.7,0.624,30,0
2024-10-13,SES0053,P011,CM,9.6,4.2,73.5,61,1.0,1.0,4.6,56.4,7.6,0.714,30,0
2024-10-13,SES0053,P012,CM,8.2,6.3,62.4,55,2.0,2.2,5.9,45.8,3.2,0.631,0,0
2024-10-13,SES0053,P013,CM,9.6,4.9,68.0,57,1.0,1.0,3.6,55.3,6.8,0.696,80,0
2024-10-13,SES0053,P014,LW,9.4,4.7,61.8,57,1.6,2.0,7.4,59.0,2.3,0.652,0,0
2024-10-13,SES0053,P015,LW,8.8,3.6,72.3,54,2.1,1.4,4.2,48.8,1.3,0.645,0,0
2024-10-13,SES0053,P016,RW,9.0,7.0,57.1,60,2.4,1.2,5.7,56.7,6.6,0.724,60,0
2024-10-13,SES0053,P017,RW,8.8,5.7,70.4,57,1.7,1.0,3.4,54.1,3.6,0.689,90,0
2024-10-13,SES0053,P018,CAM,7.3,5.2,68.2,58,3.8,1.0,3.6,44.2,4.5,0.65,60,0
2024-10-13,SES0053,P019,CAM,9.2,8.4,77.4,60,1.0,1.0,6.1,51.3,1.5,0.638,0,1
2024-10-13,SES0053,P020,ST,7.8,5.3,70.0,44,2.5,1.4,3.1,50.1,2.3,0.621,60,0
2024-10-13,SES0053,P021,ST,10.0,7.9,77.7,54,1.3,1.5,4.3,51.4,4.6,0.702,0,0
2024-10-13,SES0053,P022,ST,8.1,5.6,51.8,50,1.4,1.0,3.0,44.6,1.8,0.763,80,0
2024-10-15,SES0054,P001,GK,8.8,5.0,80.5,55,2.7,4.6,6.8,56.6,9.2,0.661,0,0
2024-10-15,SES0054,P002,CB,9.2,5.6,69.4,54,2.1,1.2,3.9,54.6,2.3,0.679,0,0
2024-10-15,SES0054,P003,CB,7.9,6.3,67.0,58,4.2,3.9,3.4,47.0,0.0,0.609,30,0
2024-10-15,SES0054,P004,CB,8.1,4.6,70.4,59,3.7,2.2,4.3,61.1,7.1,0.683,90,0
2024-10-15,SES0054,P005,LB,8.4,4.3,55.5,58,4.6,3.4,6.2,44.8,9.0,0.691,0,0
2024-10-15,SES0054,P006,LB,6.4,7.1,55.8,60,4.6,4.0,3.0,52.0,3.0,0.729,90,0
2024-10-15,SES0054,P007,RB,9.8,3.3,67.9,58,4.0,1.2,1.7,52.1,4.4,0.69,0,0
2024-10-15,SES0054,P008,RB,6.4,5.9,50.0,55,5.5,5.8,4.7,53.3,6.0,0.58,80,0
2024-10-15,SES0054,P009,CDM,6.9,7.6,35.0,64,5.6,2.2,3.5,53.4,3.9,0.612,60,0
2024-10-15,SES0054,P010,CDM,7.6,3.6,70.0,57,3.9,3.4,1.7,53.0,5.4,0.635,60,0
2024-10-15,SES0054,P011,CM,8.5,5.2,54.3,58,5.4,4.7,5.6,49.2,4.1,0.706,0,1
2024-10-15,SES0054,P012,CM,7.3,6.0,64.3,58,4.0,2.3,2.6,49.3,2.7,0.662,0,0
2024-10-15,SES0054,P013,CM,6.9,6.3,47.4,56,5.2,4.2,3.9,51.0,2.7,0.605,90,0
2024-10-15,SES0054,P014,LW,8.4,5.2,62.7,57,3.7,2.1,4.3,42.3,3.4,0.592,0,0
2024-10-15,SES0054,P015,LW,6.9,3.6,62.3,60,3.6,3.9,3.4,56.2,1.3,0.626,80,0
2024-10-15,SES0054,P016,RW,7.7,5.5,58.4,65,5.1,3.7,4.8,48.5,2.6,0.619,60,0
2024-10-15,SES0054,P017,RW,9.2,7.2,57.8,61,2.9,2.5,5.3,55.4,4.7,0.622,0,0
2024-10-15,SES0054,P018,CAM,6.5,6.4,72.7,57,3.7,3.9,6.5,56.1,7.2,0.594,60,0
2024-10-15,SES0054,P019,CAM,7.2,5.8,60.3,63,3.8,2.3,4.8,50.7,0.7,0.657,0,0
2024-10-15,SES0054,P020,ST,6.6,4.6,55.1,52,4.6,4.9,5.3,51.3,8.5,0.646,0,0
2024-10-15,SES0054,P021,ST,7.2,5.9,63.3,59,3.0,1.9,2.9,51.8,7.6,0.698,30,0
2024-10-15,SES0054,P022,ST,8.6,5.2,59.9,63,4.1,3.2,6.0,49.3,4.3,0.745,0,0
2024-10-17,SES0055,P001,GK,7.7,4.0,57.0,57,5.5,4.0,8.4,44.2,1.6,0.526,30,0
2024-10-17,SES0055,P002,CB,7.5,6.4,68.3,62,4.4,2.2,4.7,44.0,4.3,0.608,80,0
2024-10-17,SES0055,P003,CB,7.1,6.8,50.2,61,5.0,3.9,6.4,43.0,1.8,0.625,80,0
2024-10-17,SES0055,P004,CB,6.7,6.1,66.0,56,4.0,2.7,5.8,51.4,6.3,0.618,60,0
2024-10-17,SES0055,P005,LB,6.3,6.6,77.8,56,3.6,4.7,3.0,53.1,3.2,0.613,0,0
2024-10-17,SES0055,P006,LB,5.5,6.4,65.3,56,3.8,4.5,2.9,53.8,3.3,0.615,0,0
2024-10-17,SES0055,P007,RB,6.6,6.8,75.1,59,3.8,2.3,4.3,46.2,0.8,0.626,30,0
2024-10-17,SES0055,P008,RB,9.3,6.3,69.3,66,3.3,2.3,6.1,55.9,4.3,0.725,30,0
2024-10-17,SES0055,P009,CDM,8.2,5.5,63.4,50,3.3,1.8,4.8,47.8,3.2,0.69,0,1
2024-10-17,SES0055,P010,CDM,9.0,6.5,81.2,48,1.0,1.0,4.2,48.9,0.0,0.681,80,0
2024-10-17,SES0055,P011,CM,9.3,7.5,58.9,62,2.2,1.5,5.3,56.7,0.0,0.636,60,0
2024-10-17,SES0055,P012,CM,6.8,7.4,52.9,64,3.3,2.3,5.6,50.3,3.6,0.744,0,0
2024-10-17,SES0055,P013,CM,8.4,8.5,78.2,51,1.0,1.3,5.3,54.3,4.5,0.787,30,0
2024-10-17,SES0055,P014,LW,9.2,6.0,56.6,50,1.6,2.3,4.1,59.2,4.2,0.741,90,0
2024-10-17,SES0055,P015,LW,8.8,5.2,71.0,55,1.4,1.8,5.0,54.0,6.9,0.637,90,0
2024-10-17,SES0055,P016,RW,9.3,5.7,71.1,54,3.4,1.8,5.7,51.5,0.5,0.628,60,1
2024-10-17,SES0055,P017,RW,9.3,8.6,55.7,58,2.0,2.1,3.6,54.2,8.1,0.664,60,0
2024-10-17,SES0055,P018,CAM,9.4,6.0,57.1,53,2.5,1.9,7.0,52.7,5.4,0.585,30,0
2024-10-17,SES0055,P019,CAM,10.0,6.3,69.4,56,2.4,2.4,3.5,52.7,0.4,0.6,80,0
2024-10-17,SES0055,P020,ST,8.3,5.6,61.3,57,2.8,1.0,2.7,57.7,3.7,0.626,0,0
2024-10-17,SES0055,P021,ST,9.4,6.6,58.8,52,2.6,2.8,3.2,50.8,5.7,0.605,90,0
2024-10-17,SES0055,P022,ST,9.1,7.1,74.4,58,2.4,1.0,3.8,52.9,0.0,0.611,0,0
2024-10-19,SES0056,P001,GK,6.7,4.7,60.3,55,4.6,3.7,5.0,53.9,2.0,0.571,30,0
2024-10-19,SES0056,P002,CB,6.1,2.9,57.2,59,6.1,3.8,5.4,56.0,5.3,0.558,60,0
2024-10-19,SES0056,P003,CB,9.2,3.7,75.8,56,3.5,2.8,4.6,47.9,1.3,0.663,60,0
2024-10-19,SES0056,P004,CB,8.8,2.7,60.0,56,3.4,4.4,3.9,50.2,1.2,0.625,0,0
2024-10-19,SES0056,P005,LB,7.5,5.1,44.4,55,5.0,5.1,3.8,49.4,4.4,0.663,30,0
2024-10-19,SES0056,P006,LB,6.5,4.5,62.9,59,4.2,3.5,2.7,49.6,9.6,0.629,60,0
2024-10-19,SES0056,P007,RB,6.3,5.2,54.9,59,3.8,4.1,2.9,59.2,7.1,0.632,30,0
2024-10-19,SES0056,P008,RB,7.7,4.7,56.7,63,4.2,4.6,4.6,49.5,4.5,0.674,60,0
2024-10-19,SES0056,P009,CDM,8.6,4.3,65.2,61,3.8,4.7,3.7,52.9,5.0,0.693,0,0
2024-10-19,SES0056,P010,CDM,6.5,3.5,49.1,55,4.9,4.5,6.8,46.0,2.7,0.58,0,1
2024-10-19,SES0056,P011,CM,8.9,4.6,57.2,58,4.4,3.8,2.9,50.1,6.8,0.699,90,0
2024-10-19,SES0056,P012,CM,7.6,4.7,65.3,58,5.0,5.0,5.1,49.3,3.4,0.54,30,0
2024-10-19,SES0056,P013,CM,8.1,3.4,51.1,62,5.4,4.7,7.5,46.8,6.6,0.663,90,0
2024-10-19,SES0056,P014,LW,8.1,4.5,76.1,60,4.3,3.7,3.3,52.4,1.3,0.736,90,1
2024-10-19,SES0056,P015,LW,8.5,5.2,59.6,55,2.5,2.0,2.3,55.8,4.0,0.671,0,0
2024-10-19,SES0056,P016,RW,6.3,5.0,67.0,58,5.0,4.2,6.0,49.3,2.7,0.607,0,0
2024-10-19,SES0056,P017,RW,6.1,4.1,55.7,55,5.6,4.0,3.6,46.2,6.2,0.623,0,0
2024-10-19,SES0056,P018,CAM,7.5,4.3,44.8,64,5.1,4.0,7.3,43.3,6.8,0.64,0,0
2024-10-19,SES0056,P019,CAM,7.3,3.6,50.5,59,5.5,4.8,4.1,53.5,0.0,0.547,80,0
2024-10-19,SES0056,P020,ST,8.1,4.4,74.1,56,2.4,1.0,3.3,51.7,2.2,0.645,30,0
2024-10-19,SES0056,P021,ST,5.6,3.2,55.5,63,6.5,6.1,5.5,41.4,0.3,0.594,90,0
2024-10-19,SES0056,P022,ST,9.0,3.7,57.5,55,2.6,1.0,1.9,51.8,3.9,0.644,30,0
2024-10-21,SES0057,P001,GK,6.7,3.2,52.5,65,7.9,6.5,2.1,48.1,5.4,0.537,90,0
2024-10-21,SES0057,P002,CB,8.6,3.4,57.7,55,4.4,4.0,6.5,48.6,9.6,0.707,75,0
2024-10-21,SES0057,P003,CB,6.3,4.0,48.9,58,5.3,2.5,5.0,51.4,2.5,0.657,75,0
2024-10-21,SES0057,P004,CB,6.0,4.2,70.7,50,4.9,2.7,6.7,47.8,3.6,0.64,75,0
2024-10-21,SES0057,P005,LB,7.2,3.8,67.9,65,4.1,3.5,4.1,49.7,3.4,0.669,60,0
2024-10-21,SES0057,P006,LB,5.5,4.3,61.7,57,6.4,5.1,3.2,44.1,3.8,0.669,75,1
2024-10-21,SES0057,P007,RB,6.2,4.8,52.6,70,7.4,7.5,3.1,45.7,1.8,0.542,0,0
2024-10-21,SES0057,P008,RB,7.7,1.2,60.3,66,6.5,5.0,2.2,43.0,1.5,0.649,75,0
2024-10-21,SES0057,P009,CDM,8.1,3.3,62.5,63,5.8,3.7,3.3,47.7,4.0,0.635,45,0
2024-10-21,SES0057,P010,CDM,5.3,2.5,65.2,56,5.6,4.2,5.2,51.6,3.2,0.619,45,0
2024-10-21,SES0057,P011,CM,5.1,3.4,49.4,54,6.6,4.1,3.8,52.7,4.3,0.531,90,0
2024-10-21,SES0057,P012,CM,5.1,1.9,53.6,65,5.8,6.7,4.8,45.3,4.2,0.635,90,0
2024-10-21,SES0057,P013,CM,7.9,4.6,56.8,56,5.4,5.6,4.1,53.1,0.6,0.709,60,1
2024-10-21,SES0057,P014,LW,6.3,1.0,41.0,62,5.7,4.7,4.4,45.3,3.0,0.593,90,0
2024-10-21,SES0057,P015,LW,6.6,1.7,62.5,60,5.0,3.7,4.3,52.8,2.8,0.527,60,0
2024-10-21,SES0057,P016,RW,5.4,2.1,43.1,61,7.6,6.9,5.2,51.0,5.9,0.542,60,0
2024-10-21,SES0057,P017,RW,7.4,2.2,49.0,59,5.6,4.1,4.1,51.6,6.2,0.598,45,0
2024-10-21,SES0057,P018,CAM,7.2,4.9,79.1,56,5.1,3.6,1.7,50.6,4.6,0.617,90,0
2024-10-21,SES0057,P019,CAM,7.7,6.0,59.9,62,5.7,5.8,4.4,41.0,5.9,0.577,45,0
2024-10-21,SES0057,P020,ST,5.6,1.4,59.0,68,5.5,4.5,5.4,44.7,3.6,0.578,90,0
2024-10-21,SES0057,P021,ST,7.2,5.3,57.3,59,3.8,4.2,4.9,45.9,0.0,0.621,45,0
2024-10-21,SES0057,P022,ST,6.8,4.3,54.7,62,5.0,3.7,2.9,57.7,3.3,0.605,45,0
2024-10-23,SES0058,P001,GK,5.3,5.0,62.9,54,4.4,2.7,5.4,49.9,2.7,0.622,30,0
2024-10-23,SES0058,P002,CB,9.1,5.9,56.7,55,3.2,1.0,3.4,54.2,6.0,0.6,0,0
2024-10-23,SES0058,P003,CB,7.7,6.6,55.3,53,4.4,5.9,4.7,49.5,3.7,0.521,0,0
2024-10-23,SES0058,P004,CB,8.3,7.4,54.2,60,4.5,1.9,3.9,56.4,2.0,0.588,30,0
2024-10-23,SES0058,P005,LB,7.0,7.4,60.2,55,3.0,2.9,6.9,51.3,6.5,0.695,60,1
2024-10-23,SES0058,P006,LB,8.2,8.0,50.8,55,6.1,4.2,3.6,49.5,7.7,0.631,30,0
2024-10-23,SES0058,P007,RB,6.3,5.3,63.3,59,3.9,2.7,4.1,47.4,8.9,0.645,30,0
2024-10-23,SES0058,P008,RB,7.8,4.7,68.3,52,4.0,5.1,2.4,48.6,5.0,0.632,80,0
2024-10-23,SES0058,P009,CDM,6.7,5.8,57.3,65,4.3,3.9,1.8,54.9,0.0,0.692,0,0
2024-10-23,SES0058,P010,CDM,6.7,5.2,53.4,58,3.6,2.2,2.5,53.6,2.1,0.547,80,0
2024-10-23,SES0058,P011,CM,6.0,5.1,55.4,58,4.7,4.4,4.3,52.6,4.4,0.627,0,0
2024-10-23,SES0058,P012,CM,7.5,4.2,52.1,59,3.0,2.9,4.0,50.7,5.1,0.681,60,0
2024-10-23,SES0058,P013,CM,9.4,5.3,55.6,53,2.0,1.1,3.3,56.2,2.9,0.574,60,0
2024-10-23,SES0058,P014,LW,5.9,4.2,62.6,58,5.5,5.8,4.4,44.1,4.4,0.657,0,0
2024-10-23,SES0058,P015,LW,8.6,8.5,69.0,61,3.0,1.0,4.5,56.5,3.7,0.687,80,0
2024-10-23,SES0058,P016,RW,7.2,5.4,50.5,59,5.1,5.5,1.8,45.1,4.2,0.599,0,0
2024-10-23,SES0058,P017,RW,9.1,6.1,67.9,62,2.2,2.0,4.3,52.5,6.6,0.715,60,0
2024-10-23,SES0058,P018,CAM,9.5,7.7,61.4,51,2.5,3.6,4.2,50.8,10.2,0.611,90,0
2024-10-23,SES0058,P019,CAM,8.7,5.4,56.0,61,4.6,4.0,4.5,45.4,9.1,0.641,30,0
2024-10-23,SES0058,P020,ST,7.5,6.0,74.2,60,4.1,3.0,4.5,50.3,1.3,0.617,0,0
2024-10-23,SES0058,P021,ST,9.8,6.5,73.9,52,2.2,1.0,4.6,54.6,4.3,0.626,0,0
2024-10-23,SES0058,P022,ST,10.0,7.7,68.9,57,3.1,1.7,4.3,58.3,0.0,0.644,80,0
2024-10-25,SES0059,P001,GK,7.7,6.8,64.9,60,4.9,5.0,5.8,54.6,3.2,0.607,0,0
2024-10-25,SES0059,P002,CB,8.2,10.0,75.1,57,1.6,1.2,6.7,59.9,8.5,0.622,90,0
2024-10-25,SES0059,P003,CB,8.6,6.6,61.4,60,3.2,4.9,5.1,49.5,0.1,0.725,80,0
2024-10-25,SES0059,P004,CB,9.9,7.4,60.0,66,3.7,4.2,6.0,49.3,6.2,0.621,60,0
2024-10-25,SES0059,P005,LB,8.2,5.4,61.0,58,3.4,2.7,5.9,52.4,1.7,0.672,30,0
2024-10-25,SES0059,P006,LB,7.9,7.5,60.5,55,3.5,4.3,4.9,54.2,3.4,0.668,0,0
2024-10-25,SES0059,P007,RB,6.1,8.6,86.1,56,3.6,2.5,5.3,55.7,7.5,0.695,0,0
2024-10-25,SES0059,P008,RB,9.1,4.6,73.2,60,2.4,1.0,3.9,50.7,4.5,0.637,80,0
2024-10-25,SES0059,P009,CDM,6.9,6.4,68.9,59,5.3,5.8,5.3,50.0,7.1,0.724,0,0
2024-10-25,SES0059,P010,CDM,7.4,6.2,62.6,62,4.3,4.1,5.1,51.6,4.0,0.706,0,0
2024-10-25,SES0059,P011,CM,6.9,7.4,71.6,58,3.9,1.8,4.7,52.1,2.6,0.643,80,0
2024-10-25,SES0059,P012,CM,9.9,5.3,77.2,56,2.5,1.0,3.0,47.7,3.3,0.741,0,0
2024-10-25,SES0059,P013,CM,7.3,6.6,66.0,58,3.2,1.6,5.6,46.5,5.0,0.637,0,0
2024-10-25,SES0059,P014,LW,8.5,7.9,51.4,61,4.7,2.9,1.9,47.9,0.0,0.597,30,0
2024-10-25,SES0059,P015,LW,10.0,5.9,66.3,52,1.0,2.2,3.8,51.6,0.7,0.653,60,0
2024-10-25,SES0059,P016,RW,9.6,4.6,62.1,59,4.6,4.6,1.8,50.5,4.6,0.592,90,0
2024-10-25,SES0059,P017,RW,7.2,7.7,48.1,48,4.6,2.4,3.6,46.6,2.5,0.66,0,0
2024-10-25,SES0059,P018,CAM,7.5,6.3,43.7,59,5.3,3.4,2.5,47.9,3.2,0.59,60,0
2024-10-25,SES0059,P019,CAM,7.8,7.3,64.6,59,4.7,4.1,4.8,58.6,0.8,0.597,90,0
2024-10-25,SES0059,P020,ST,8.0,6.7,70.4,64,5.1,4.7,4.4,54.7,2.8,0.598,0,0
2024-10-25,SES0059,P021,ST,8.7,4.7,71.6,56,3.3,1.6,5.0,54.2,6.4,0.662,90,0
2024-10-25,SES0059,P022,ST,6.0,6.0,70.3,50,4.4,4.5,6.6,47.3,3.7,0.643,0,0
2024-10-27,SES0060,P001,GK,9.2,8.2,69.8,51,1.0,1.0,4.6,57.7,4.0,0.637,60,0
2024-10-27,SES0060,P002,CB,8.9,6.4,74.6,59,2.7,2.7,1.7,51.6,0.5,0.638,80,0
2024-10-27,SES0060,P003,CB,9.8,6.5,60.8,52,2.0,1.0,4.2,59.3,0.0,0.617,0,0
2024-10-27,SES0060,P004,CB,8.9,8.4,82.9,59,1.0,1.0,7.4,59.0,5.0,0.667,80,0
2024-10-27,SES0060,P005,LB,10.0,9.2,65.9,53,1.1,1.0,5.6,54.7,3.6,0.708,80,0
2024-10-27,SES0060,P006,LB,6.7,9.9,70.2,51,2.6,1.3,7.8,53.9,0.0,0.722,0,0
2024-10-27,SES0060,P007,RB,8.8,7.6,70.4,58,1.3,2.9,4.2,51.6,2.1,0.581,90,0
2024-10-27,SES0060,P008,RB,10.0,6.6,89.7,56,1.0,2.9,4.1,55.9,4.0,0.778,0,0
2024-10-27,SES0060,P009,CDM,6.7,8.4,67.7,49,1.0,2.5,3.6,53.5,3.2,0.67,90,0
2024-10-27,SES0060,P010,CDM,6.9,9.8,60.4,59,4.1,5.3,3.6,53.8,3.1,0.732,30,0
2024-10-27,SES0060,P011,CM,10.0,7.4,80.1,56,1.1,1.5,5.5,54.0,6.0,0.6,60,0
2024-10-27,SES0060,P012,CM,8.4,9.8,74.4,55,2.6,3.6,6.0,51.7,5.2,0.596,30,0
2024-10-27,SES0060,P013,CM,7.4,8.7,63.1,64,2.5,1.4,7.6,53.0,9.3,0.664,30,0
2024-10-27,SES0060,P014,LW,8.0,8.2,73.3,55,1.0,1.0,3.1,51.2,1.2,0.661,30,0
2024-10-27,SES0060,P015,LW,7.9,8.3,53.7,52,2.1,2.4,5.9,54.7,9.3,0.657,30,0
2024-10-27,SES0060,P016,RW,9.3,7.3,65.3,54,3.7,1.7,3.9,57.6,2.5,0.59,90,0
2024-10-27,SES0060,P017,RW,10.0,7.1,74.7,51,1.1,1.0,4.2,54.9,2.9,0.701,0,0
2024-10-27,SES0060,P018,CAM,8.0,7.6,57.1,47,2.6,1.0,5.6,51.3,4.3,0.703,30,0
2024-10-27,SES0060,P019,CAM,7.0,7.6,77.7,55,2.4,1.9,3.2,48.6,5.8,0.563,0,0
2024-10-27,SES0060,P020,ST,8.9,8.4,64.5,58,1.0,1.0,4.1,52.8,3.7,0.734,60,0
2024-10-27,SES0060,P021,ST,9.3,7.8,61.1,56,1.0,1.5,8.2,54.9,4.5,0.754,60,0
2024-10-27,SES0060,P022,ST,9.0,7.3,66.3,49,1.3,2.6,3.2,54.6,2.9,0.655,60,0
2024-10-29,SES0061,P001,GK,5.1,3.5,46.4,62,9.1,6.6,3.8,44.2,5.1,0.585,60,0
2024-10-29,SES0061,P002,CB,7.3,4.6,60.4,68,6.1,5.2,4.1,48.4,4.1,0.638,90,0
2024-10-29,SES0061,P003,CB,4.7,4.5,45.4,67,8.8,4.5,4.9,46.3,3.8,0.501,60,0
2024-10-29,SES0061,P004,CB,4.3,1.6,48.2,62,8.3,7.3,6.6,51.1,1.1,0.623,0,0
2024-10-29,SES0061,P005,LB,4.0,2.9,54.6,59,7.9,5.0,5.1,48.0,9.1,0.545,60,0
2024-10-29,SES0061,P006,LB,5.6,2.4,64.3,59,6.4,2.8,3.7,45.5,6.6,0.65,60,0
2024-10-29,SES0061,P007,RB,7.2,3.6,47.1,64,6.3,4.0,3.3,48.7,2.6,0.589,75,0
2024-10-29,SES0061,P008,RB,3.7,3.1,49.7,63,8.1,6.3,4.8,44.6,5.3,0.453,90,0
2024-10-29,SES0061,P009,CDM,6.1,3.4,53.9,58,7.3,5.4,4.5,49.0,0.0,0.595,45,0
2024-10-29,SES0061,P010,CDM,5.7,4.0,58.6,62,5.9,4.1,5.6,52.3,3.3,0.597,90,0
2024-10-29,SES0061,P011,CM,5.0,4.4,60.6,69,7.3,4.8,3.0,48.0,0.0,0.564,75,1
2024-10-29,SES0061,P012,CM,6.5,2.6,62.5,58,7.8,7.1,5.1,50.3,5.6,0.543,0,1
2024-10-29,SES0061,P013,CM,7.0,2.9,72.2,62,6.2,6.1,4.1,46.9,4.1,0.588,60,0
2024-10-29,SES0061,P014,LW,3.9,2.6,54.6,56,6.5,3.9,7.8,49.9,6.5,0.609,90,0
2024-10-29,SES0061,P015,LW,5.1,1.1,52.5,66,7.7,7.1,3.8,40.1,4.0,0.546,60,0
2024-10-29,SES0061,P016,RW,6.2,1.9,52.5,72,8.0,5.7,3.1,48.5,0.9,0.481,90,0
2024-10-29,SES0061,P017,RW,4.9,2.9,52.4,69,9.3,6.3,6.5,45.6,4.6,0.501,60,0
2024-10-29,SES0061,P018,CAM,5.9,2.6,63.1,66,8.9,7.8,4.4,45.2,1.8,0.591,75,0
2024-10-29,SES0061,P019,CAM,5.6,3.8,58.0,61,6.9,5.1,3.2,48.9,0.2,0.54,60,0
2024-10-29,SES0061,P020,ST,5.5,4.0,52.3,64,8.0,7.3,5.6,50.0,0.0,0.557,45,0
2024-10-29,SES0061,P021,ST,6.4,2.6,47.1,63,7.7,5.1,3.4,44.6,2.1,0.56,0,0
2024-10-29,SES0061,P022,ST,5.5,4.2,55.4,56,7.6,6.1,4.7,48.4,3.8,0.568,75,0
2024-10-31,SES0062,P001,GK,5.0,5.9,41.2,69,9.7,9.4,2.6,47.2,4.6,0.448,0,0
2024-10-31,SES0062,P002,CB,4.8,4.2,40.4,62,9.0,7.8,3.4,41.4,0.0,0.462,90,0
2024-10-31,SES0062,P003,CB,3.0,6.2,37.9,71,10.0,6.5,4.4,51.7,1.3,0.591,45,0
2024-10-31,SES0062,P004,CB,6.5,2.9,59.2,64,8.2,6.1,5.7,39.9,5.0,0.574,90,0
2024-10-31,SES0062,P005,LB,6.9,3.1,54.2,66,8.3,5.9,5.3,48.6,0.7,0.651,60,0
2024-10-31,SES0062,P006,LB,3.0,2.8,39.9,68,10.0,7.4,7.0,38.6,5.1,0.496,60,0
2024-10-31,SES0062,P007,RB,5.7,1.3,46.7,72,9.2,7.1,6.7,48.2,0.0,0.541,75,0
2024-10-31,SES0062,P008,RB,3.1,5.1,50.5,69,10.0,8.4,2.7,45.9,5.7,0.524,45,0
2024-10-31,SES0062,P009,CDM,5.4,5.2,42.5,64,10.0,6.6,5.8,49.8,3.9,0.615,45,0
2024-10-31,SES0062,P010,CDM,3.3,2.4,42.5,61,9.2,6.5,6.4,47.2,2.6,0.568,45,0
2024-10-31,SES0062,P011,CM,3.3,4.9,54.5,60,9.2,8.3,5.0,41.8,8.9,0.592,45,0
2024-10-31,SES0062,P012,CM,4.5,3.2,46.5,72,9.5,7.7,5.1,40.4,3.0,0.566,75,0
2024-10-31,SES0062,P013,CM,3.8,5.1,50.5,63,9.3,7.0,4.1,44.3,2.5,0.524,90,0
2024-10-31,SES0062,P014,LW,4.1,5.9,58.3,75,10.0,9.2,5.0,46.6,1.5,0.586,90,0
2024-10-31,SES0062,P015,LW,6.7,4.7,50.2,64,7.4,3.8,3.5,45.5,0.0,0.634,90,0
2024-10-31,SES0062,P016,RW,4.5,5.4,63.9,65,10.0,8.7,6.2,43.3,1.0,0.542,90,0
2024-10-31,SES0062,P017,RW,5.2,3.0,47.6,72,9.1,6.2,3.5,42.3,2.6,0.533,75,0
2024-10-31,SES0062,P018,CAM,4.9,3.0,49.4,65,10.0,8.3,4.2,48.9,4.4,0.434,90,0
2024-10-31,SES0062,P019,CAM,3.1,4.9,35.0,67,10.0,7.5,5.1,41.0,4.2,0.581,60,0
2024-10-31,SES0062,P020,ST,5.6,6.0,50.9,63,7.5,7.8,6.3,51.1,5.1,0.582,90,0
2024-10-31,SES0062,P021,ST,3.5,4.6,51.6,68,10.0,6.4,4.4,48.9,8.7,0.461,90,0
2024-10-31,SES0062,P022,ST,4.4,4.0,39.6,68,10.0,8.9,5.2,45.5,5.6,0.527,45,0
2024-11-02,SES0063,P001,GK,3.9,6.7,48.1,67,9.2,7.3,2.6,47.6,4.2,0.506,0,0
2024-11-02,SES0063,P002,CB,6.7,7.8,64.6,66,4.2,2.5,5.9,49.2,9.1,0.632,0,0
2024-11-02,SES0063,P003,CB,5.0,5.9,57.2,64,7.5,5.6,3.4,50.6,2.7,0.639,60,0
2024-11-02,SES0063,P004,CB,7.9,9.7,63.9,62,4.7,3.3,4.4,56.9,6.5,0.668,30,0
2024-11-02,SES0063,P005,LB,9.4,7.9,60.3,50,2.9,2.4,3.5,52.3,5.0,0.667,60,0
2024-11-02,SES0063,P006,LB,7.1,8.5,63.8,64,5.7,3.0,4.6,49.2,6.6,0.565,60,0
2024-11-02,SES0063,P007,RB,7.7,7.1,64.4,61,5.8,4.8,4.0,55.3,6.2,0.582,30,0
2024-11-02,SES0063,P008,RB,6.7,7.8,72.6,54,4.2,3.0,5.0,52.6,0.3,0.564,60,0
2024-11-02,SES0063,P009,CDM,4.3,6.2,56.9,59,6.6,4.5,2.0,54.5,5.0,0.579,0,0
2024-11-02,SES0063,P010,CDM,8.4,6.4,59.7,61,4.0,2.5,4.2,54.6,5.4,0.486,90,0
2024-11-02,SES0063,P011,CM,6.8,6.5,56.9,54,5.0,4.0,4.2,44.3,3.3,0.6,80,0
2024-11-02,SES0063,P012,CM,5.4,7.5,51.5,58,5.1,3.7,3.4,48.4,0.5,0.652,80,0
2024-11-02,SES0063,P013,CM,6.7,9.8,56.8,64,6.2,4.1,3.2,51.5,4.5,0.594,90,0
2024-11-02,SES0063,P014,LW,7.6,9.0,57.5,52,5.1,4.0,3.3,58.1,3.5,0.626,30,0
2024-11-02,SES0063,P015,LW,9.1,8.3,69.0,56,4.6,3.9,2.6,53.3,3.2,0.689,0,0
2024-11-02,SES0063,P016,RW,7.7,6.4,52.5,67,4.8,2.9,2.0,53.6,7.0,0.59,0,0
2024-11-02,SES0063,P017,RW,6.5,4.9,57.6,59,6.3,5.4,4.3,50.9,5.0,0.584,0,0
2024-11-02,SES0063,P018,CAM,6.0,8.3,56.9,66,6.4,4.9,4.4,47.7,6.8,0.605,60,0
2024-11-02,SES0063,P019,CAM,7.1,7.1,51.0,65,6.6,4.8,7.5,52.6,5.4,0.526,0,0
2024-11-02,SES0063,P020,ST,5.5,7.2,43.0,60,6.9,5.4,5.5,50.8,1.7,0.568,30,0
2024-11-02,SES0063,P021,ST,8.0,6.7,67.9,60,4.1,1.9,4.2,46.9,2.1,0.65,0,0
2024-11-02,SES0063,P022,ST,7.4,6.6,59.1,57,3.7,3.4,7.0,50.1,5.9,0.58,60,0
2024-11-04,SES0064,P001,GK,6.4,4.8,71.3,62,4.1,4.5,4.9,50.2,6.8,0.616,80,1
2024-11-04,SES0064,P002,CB,7.0,5.9,55.8,59,1.8,1.4,3.1,55.1,0.3,0.678,30,0
2024-11-04,SES0064,P003,CB,8.8,4.8,70.9,52,2.1,1.9,2.9,52.1,0.0,0.685,0,0
2024-11-04,SES0064,P004,CB,7.9,6.2,71.0,57,3.2,4.0,6.5,52.5,6.0,0.685,80,0
2024-11-04,SES0064,P005,LB,7.8,4.9,67.0,55,3.1,2.6,4.0,49.2,4.5,0.661,80,0
2024-11-04,SES0064,P006,LB,9.7,5.6,55.6,52,1.5,2.4,4.0,47.6,6.6,0.661,0,0
2024-11-04,SES0064,P007,RB,7.8,4.4,73.1,62,4.6,3.7,4.8,54.1,6.2,0.568,0,0
2024-11-04,SES0064,P008,RB,7.9,4.1,64.4,55,3.2,3.6,2.8,42.8,5.4,0.606,60,0
2024-11-04,SES0064,P009,CDM,6.9,5.2,56.9,56,2.9,1.1,5.9,52.1,4.7,0.677,0,0
2024-11-04,SES0064,P010,CDM,9.3,5.5,67.1,57,2.0,1.4,3.3,51.5,6.8,0.679,0,0
2024-11-04,SES0064,P011,CM,9.2,4.5,72.7,49,1.0,1.9,5.3,53.4,1.4,0.656,30,0
2024-11-04,SES0064,P012,CM,8.0,5.7,62.9,54,2.1,3.1,5.3,52.3,5.6,0.68,30,0
2024-11-04,SES0064,P013,CM,6.1,5.0,66.1,49,2.8,3.2,3.1,48.6,5.3,0.6,0,0
2024-11-04,SES0064,P014,LW,8.7,5.1,60.2,53,2.6,2.6,2.8,51.4,7.1,0.635,60,0
2024-11-04,SES0064,P015,LW,9.8,6.7,72.8,62,2.1,2.0,5.8,52.9,4.6,0.694,60,0
2024-11-04,SES0064,P016,RW,8.6,6.8,65.0,55,2.5,2.3,6.6,53.1,6.5,0.695,60,0
2024-11-04,SES0064,P017,RW,8.5,5.0,65.4,55,1.0,1.0,5.6,58.7,0.0,0.691,30,0
2024-11-04,SES0064,P018,CAM,10.0,7.2,69.8,57,3.2,2.7,4.0,50.1,6.2,0.638,0,0
2024-11-04,SES0064,P019,CAM,7.0,6.2,64.6,60,3.4,1.7,2.3,57.8,4.8,0.702,90,0
2024-11-04,SES0064,P020,ST,7.7,8.1,67.8,50,1.0,1.0,3.6,50.5,6.1,0.682,60,0
2024-11-04,SES0064,P021,ST,10.0,6.1,68.1,53,1.1,1.0,6.4,52.6,4.2,0.678,30,0
2024-11-04,SES0064,P022,ST,8.5,4.7,77.5,54,2.4,1.0,6.3,56.0,1.1,0.654,60,0
2024-11-06,SES0065,P001,GK,5.8,2.4,59.3,59,6.3,2.8,5.5,45.3,2.6,0.656,60,0
2024-11-06,SES0065,P002,CB,5.6,3.9,62.7,58,4.6,3.8,5.2,43.6,4.5,0.648,60,0
2024-11-06,SES0065,P003,CB,5.0,3.8,48.3,59,5.9,3.9,4.0,43.7,0.5,0.654,90,0
2024-11-06,SES0065,P004,CB,5.1,2.3,57.5,65,8.4,8.9,7.4,50.1,1.6,0.484,75,0
2024-11-06,SES0065,P005,LB,6.7,5.2,63.9,63,6.6,4.1,5.5,48.7,1.8,0.577,90,0
2024-11-06,SES0065,P006,LB,6.8,3.9,58.6,63,5.1,3.0,4.6,52.5,5.0,0.636,75,0
2024-11-06,SES0065,P007,RB,6.1,6.6,47.4,59,7.5,5.8,3.8,47.3,0.6,0.523,60,0
2024-11-06,SES0065,P008,RB,6.0,4.7,61.8,66,6.9,6.1,5.5,53.8,4.9,0.599,75,0
2024-11-06,SES0065,P009,CDM,5.4,4.6,49.8,67,6.5,5.7,5.0,55.3,1.7,0.557,90,0
2024-11-06,SES0065,P010,CDM,7.5,5.1,62.4,58,5.1,4.7,4.0,49.2,6.9,0.639,60,0
2024-11-06,SES0065,P011,CM,6.8,4.6,50.4,67,6.4,4.8,7.0,51.1,1.7,0.677,90,0
2024-11-06,SES0065,P012,CM,5.4,3.7,54.9,59,7.6,6.9,2.7,43.3,5.8,0.57,45,0
2024-11-06,SES0065,P013,CM,7.0,4.4,62.2,61,6.5,4.0,2.8,48.1,5.8,0.58,45,0
2024-11-06,SES0065,P014,LW,5.8,4.3,60.6,64,4.8,2.7,6.0,52.9,3.7,0.688,0,0
2024-11-06,SES0065,P015,LW,7.1,5.0,35.0,61,7.6,5.4,4.8,52.0,3.1,0.648,90,0
2024-11-06,SES0065,P016,RW,4.9,5.6,62.8,55,6.1,3.4,5.5,48.2,4.1,0.565,75,0
2024-11-06,SES0065,P017,RW,6.9,4.3,69.5,53,6.3,4.2,5.2,48.7,1.6,0.519,90,0
2024-11-06,SES0065,P018,CAM,7.3,2.5,58.5,69,5.5,4.9,3.9,46.9,6.2,0.626,90,0
2024-11-06,SES0065,P019,CAM,5.7,4.8,52.4,70,7.5,5.8,3.7,48.9,4.0,0.558,75,0
2024-11-06,SES0065,P020,ST,5.8,2.3,47.4,60,6.7,3.6,6.8,51.9,5.3,0.582,45,0
2024-11-06,SES0065,P021,ST,5.7,5.4,55.0,68,6.9,6.5,7.0,49.1,5.5,0.626,60,0
2024-11-06,SES0065,P022,ST,5.8,5.6,60.0,58,6.1,5.4,6.3,46.0,5.2,0.622,90,0
2024-11-08,SES0066,P001,GK,6.5,4.4,53.1,61,7.2,5.6,3.2,52.5,4.5,0.547,75,0
2024-11-08,SES0066,P002,CB,6.1,4.2,61.5,66,8.5,6.1,2.0,42.7,4.2,0.482,75,0
2024-11-08,SES0066,P003,CB,6.5,5.1,63.8,64,7.5,7.0,6.9,44.9,6.3,0.576,45,0
2024-11-08,SES0066,P004,CB,4.5,4.5,50.7,56,7.7,5.5,2.5,52.6,1.4,0.509,60,0
2024-11-08,SES0066,P005,LB,7.1,4.4,59.7,60,5.8,5.0,3.9,48.4,1.9,0.563,60,0
2024-11-08,SES0066,P006,LB,6.3,3.6,56.1,51,6.4,4.5,4.4,51.1,7.1,0.563,0,0
2024-11-08,SES0066,P007,RB,4.8,5.5,41.6,63,6.9,6.1,6.0,44.2,1.8,0.629,60,0
2024-11-08,SES0066,P008,RB,6.2,7.5,54.3,63,6.8,7.4,3.6,46.6,4.3,0.512,60,0
2024-11-08,SES0066,P009,CDM,8.7,3.6,58.0,57,4.6,4.1,2.2,52.8,2.3,0.642,75,1
2024-11-08,SES0066,P010,CDM,7.5,5.5,55.1,67,6.6,4.9,5.3,51.8,1.3,0.544,90,0
2024-11-08,SES0066,P011,CM,7.1,3.4,59.1,60,5.7,4.7,4.7,48.3,10.2,0.547,90,0
2024-11-08,SES0066,P012,CM,5.9,5.3,60.4,59,6.5,5.6,2.3,46.2,0.8,0.588,75,0
2024-11-08,SES0066,P013,CM,7.4,7.9,54.0,58,5.0,2.0,4.7,52.1,5.4,0.586,90,0
2024-11-08,SES0066,P014,LW,6.5,4.5,68.3,61,5.8,4.1,4.3,48.2,3.0,0.689,60,0
2024-11-08,SES0066,P015,LW,7.9,5.1,73.4,61,4.7,4.3,5.2,51.2,2.9,0.593,0,0
2024-11-08,SES0066,P016,RW,6.1,6.4,53.4,56,5.4,5.5,4.9,51.6,3.8,0.718,45,0
2024-11-08,SES0066,P017,RW,6.4,8.7,59.8,60,6.2,5.3,6.9,52.3,4.9,0.612,75,0
2024-11-08,SES0066,P018,CAM,7.3,5.6,45.4,59,5.5,4.0,4.3,47.6,3.1,0.483,60,1
2024-11-08,SES0066,P019,CAM,5.9,3.5,69.1,62,8.1,6.6,4.8,45.3,1.1,0.615,90,0
2024-11-08,SES0066,P020,ST,7.5,6.8,72.4,60,5.0,2.8,5.3,43.7,5.0,0.608,90,0
2024-11-08,SES0066,P021,ST,6.3,2.9,48.9,55,6.3,5.6,7.5,54.4,7.1,0.629,0,0
2024-11-08,SES0066,P022,ST,6.6,5.6,59.0,66,6.0,5.2,5.1,42.9,2.4,0.632,60,0
2024-11-10,SES0067,P001,GK,7.0,7.0,64.2,54,3.8,3.6,5.6,56.2,8.1,0.679,30,0
2024-11-10,SES0067,P002,CB,6.3,8.1,68.6,62,5.4,4.0,3.0,49.5,3.8,0.603,0,0
2024-11-10,SES0067,P003,CB,9.0,5.2,68.9,60,3.4,3.5,4.3,53.6,0.0,0.653,30,0
2024-11-10,SES0067,P004,CB,10.0,4.6,77.9,55,2.1,1.1,4.5,52.5,6.6,0.735,80,0
2024-11-10,SES0067,P005,LB,7.0,5.1,58.7,56,4.4,2.3,3.3,53.5,1.1,0.623,30,0
2024-11-10,SES0067,P006,LB,7.5,5.1,64.3,60,6.0,5.6,4.8,47.7,1.7,0.512,30,0
2024-11-10,SES0067,P007,RB,6.9,6.0,72.5,62,4.6,3.8,6.4,50.4,2.9,0.622,80,0
2024-11-10,SES0067,P008,RB,7.5,6.1,58.7,56,4.8,3.2,5.1,46.1,1.6,0.64,80,0
2024-11-10,SES0067,P009,CDM,8.3,5.7,64.8,59,4.0,2.8,2.9,51.4,5.4,0.627,60,0
2024-11-10,SES0067,P010,CDM,7.2,7.6,50.3,68,6.7,3.1,8.4,52.2,1.3,0.615,60,0
2024-11-10,SES0067,P011,CM,6.3,5.3,58.5,65,6.0,3.7,4.4,45.1,4.7,0.524,0,0
2024-11-10,SES0067,P012,CM,6.6,6.6,68.8,53,5.0,4.1,2.5,54.6,1.2,0.604,30,0
2024-11-10,SES0067,P013,CM,7.1,6.4,75.8,59,4.6,3.7,3.1,53.1,4.4,0.573,80,0
2024-11-10,SES0067,P014,LW,9.3,3.9,79.0,61,2.0,1.0,5.9,47.1,3.4,0.649,0,0
2024-11-10,SES0067,P015,LW,7.4,6.8,64.9,63,4.3,3.6,3.9,51.4,5.2,0.616,0,0
2024-11-10,SES0067,P016,RW,7.3,5.0,72.4,65,4.6,4.7,5.3,45.8,7.9,0.675,0,0
2024-11-10,SES0067,P017,RW,8.6,6.5,68.5,61,4.1,3.2,5.8,50.0,8.8,0.662,0,0
2024-11-10,SES0067,P018,CAM,7.4,6.6,54.6,59,4.8,3.1,6.1,48.4,3.5,0.536,30,1
2024-11-10,SES0067,P019,CAM,5.5,6.7,59.1,64,6.9,4.3,3.1,51.9,3.8,0.564,80,0
2024-11-10,SES0067,P020,ST,6.6,5.0,47.5,67,5.6,4.2,4.4,49.4,1.9,0.64,0,0
2024-11-10,SES0067,P021,ST,6.5,5.3,65.2,63,4.1,4.7,3.8,52.1,7.1,0.666,0,0
2024-11-10,SES0067,P022,ST,7.0,6.3,64.2,58,5.2,5.0,2.3,52.3,0.9,0.599,90,0
2024-11-12,SES0068,P001,GK,6.5,2.0,53.3,54,5.6,4.8,5.8,46.5,2.0,0.547,90,0
2024-11-12,SES0068,P002,CB,6.7,4.3,52.8,61,4.9,2.9,3.9,49.4,8.4,0.588,60,0
2024-11-12,SES0068,P003,CB,7.3,2.2,54.1,64,4.9,2.7,3.8,45.0,5.2,0.572,90,0
2024-11-12,SES0068,P004,CB,8.6,4.0,43.1,57,4.3,2.5,5.4,46.8,7.1,0.688,90,0
2024-11-12,SES0068,P005,LB,6.5,1.0,57.4,52,5.2,4.6,3.3,51.6,0.4,0.622,90,0
2024-11-12,SES0068,P006,LB,5.6,5.2,62.3,60,6.0,5.7,2.2,53.2,4.6,0.526,60,0
2024-11-12,SES0068,P007,RB,6.5,4.9,49.5,55,3.8,3.5,4.4,44.5,3.6,0.767,75,0
2024-11-12,SES0068,P008,RB,6.0,4.4,57.5,60,6.2,6.3,3.6,45.1,4.4,0.588,75,0
2024-11-12,SES0068,P009,CDM,7.8,2.3,65.3,55,4.9,4.1,5.7,50.6,2.3,0.673,60,0
2024-11-12,SES0068,P010,CDM,6.1,4.1,64.8,56,5.0,3.7,4.7,48.6,0.9,0.573,0,0
2024-11-12,SES0068,P011,CM,7.6,4.5,62.2,56,5.2,5.2,1.7,46.1,1.9,0.654,60,0
2024-11-12,SES0068,P012,CM,5.9,2.5,61.1,61,5.5,5.5,4.5,43.6,3.2,0.628,90,0
2024-11-12,SES0068,P013,CM,8.0,4.2,66.6,56,4.1,2.3,6.9,51.8,4.5,0.636,60,0
2024-11-12,SES0068,P014,LW,6.8,3.3,50.2,60,6.0,5.4,4.5,53.8,4.0,0.619,75,1
2024-11-12,SES0068,P015,LW,6.8,3.6,51.0,59,5.8,5.9,1.0,51.5,0.0,0.537,90,0
2024-11-12,SES0068,P016,RW,6.8,3.7,67.3,63,5.4,6.3,4.5,47.6,4.9,0.604,75,0
2024-11-12,SES0068,P017,RW,5.4,1.6,60.1,58,3.6,2.9,4.5,47.4,6.5,0.708,75,0
2024-11-12,SES0068,P018,CAM,6.6,3.3,55.6,65,3.7,3.9,4.6,52.1,2.8,0.641,45,0
2024-11-12,SES0068,P019,CAM,4.3,3.7,54.9,68,6.2,6.3,6.4,52.4,7.3,0.596,0,0
2024-11-12,SES0068,P020,ST,7.8,3.0,66.7,60,3.8,1.5,5.4,56.5,4.2,0.586,60,0
2024-11-12,SES0068,P021,ST,8.1,2.9,62.3,53,3.5,2.8,4.3,51.0,0.0,0.638,75,0
2024-11-12,SES0068,P022,ST,7.7,2.6,56.1,64,5.6,5.3,3.9,42.7,0.0,0.65,60,0
2024-11-14,SES0069,P001,GK,9.1,4.9,49.8,57,5.5,4.5,1.9,55.4,2.5,0.63,0,0
2024-11-14,SES0069,P002,CB,5.1,5.0,58.8,61,5.9,3.7,2.6,47.6,2.3,0.64,0,0
2024-11-14,SES0069,P003,CB,8.1,6.5,58.6,58,4.5,1.5,7.7,51.3,4.7,0.594,0,0
2024-11-14,SES0069,P004,CB,5.0,5.4,56.2,58,5.5,4.2,4.5,47.4,5.0,0.617,80,0
2024-11-14,SES0069,P005,LB,6.1,5.4,60.7,67,6.4,5.5,4.5,49.4,6.0,0.665,60,0
2024-11-14,SES0069,P006,LB,7.2,5.9,61.1,63,4.9,4.8,3.6,53.5,4.8,0.545,30,0
2024-11-14,SES0069,P007,RB,5.7,6.8,49.6,52,4.7,3.0,2.3,45.7,1.0,0.695,0,1
2024-11-14,SES0069,P008,RB,7.0,5.5,49.8,62,4.6,3.2,4.2,45.0,4.1,0.64,0,0
2024-11-14,SES0069,P009,CDM,8.2,4.9,48.5,59,5.8,3.8,2.8,50.4,1.7,0.637,60,0
2024-11-14,SES0069,P010,CDM,8.8,5.1,75.0,61,3.6,1.6,3.3,52.3,4.2,0.596,90,0
2024-11-14,SES0069,P011,CM,5.3,5.1,44.6,65,7.5,5.2,4.6,45.9,3.3,0.618,30,0
2024-11-14,SES0069,P012,CM,6.5,5.5,61.1,57,5.7,5.7,5.6,51.5,6.0,0.57,0,0
2024-11-14,SES0069,P013,CM,7.1,6.0,52.0,61,3.7,2.6,4.0,46.3,3.9,0.599,80,0
2024-11-14,SES0069,P014,LW,4.5,5.6,52.6,55,5.4,3.4,1.9,45.5,2.2,0.653,30,0
2024-11-14,SES0069,P015,LW,7.9,6.6,57.6,61,4.2,2.8,4.9,49.4,0.9,0.623,90,0
2024-11-14,SES0069,P016,RW,7.0,3.2,63.7,55,3.5,3.9,5.0,55.9,3.8,0.581,0,0
2024-11-14,SES0069,P017,RW,6.2,4.2,52.2,64,4.7,3.5,4.8,48.8,2.1,0.707,60,0
2024-11-14,SES0069,P018,CAM,7.5,5.9,64.0,62,5.5,3.3,4.1,45.7,2.4,0.624,30,0
2024-11-14,SES0069,P019,CAM,4.5,4.4,56.5,66,7.5,7.0,5.2,48.2,2.8,0.577,30,0
2024-11-14,SES0069,P020,ST,7.1,3.3,59.3,54,4.1,3.6,1.9,50.4,3.9,0.689,30,0
2024-11-14,SES0069,P021,ST,8.8,8.4,63.6,60,3.6,3.5,5.3,44.9,6.6,0.607,0,0
2024-11-14,SES0069,P022,ST,7.4,6.0,66.0,56,4.3,2.3,4.5,47.1,2.8,0.687,0,0
2024-11-16,SES0070,P001,GK,8.4,7.3,58.4,59,6.0,5.9,4.4,46.5,7.3,0.664,30,0
2024-11-16,SES0070,P002,CB,5.9,9.0,45.9,63,5.4,4.9,5.9,50.8,4.2,0.546,0,0
2024-11-16,SES0070,P003,CB,9.3,8.9,61.7,59,2.3,1.2,2.7,51.6,1.7,0.677,80,0
2024-11-16,SES0070,P004,CB,7.6,7.2,66.9,56,2.6,5.0,3.9,56.9,5.1,0.689,60,0
2024-11-16,SES0070,P005,LB,7.9,8.6,69.2,57,4.0,2.7,2.1,49.2,3.1,0.525,0,0
2024-11-16,SES0070,P006,LB,6.0,10.0,53.1,62,6.0,5.7,2.9,51.3,4.7,0.534,60,0
2024-11-16,SES0070,P007,RB,6.6,8.5,61.2,55,3.1,3.2,3.2,51.2,0.7,0.647,0,0
2024-11-16,SES0070,P008,RB,7.4,7.2,66.7,63,3.4,2.4,4.9,52.2,4.3,0.664,60,0
2024-11-16,SES0070,P009,CDM,9.5,8.3,70.9,59,3.2,1.1,6.0,45.9,2.5,0.639,80,0
2024-11-16,SES0070,P010,CDM,8.9,10.0,62.3,52,1.5,3.5,3.4,56.2,3.2,0.543,30,0
2024-11-16,SES0070,P011,CM,7.4,8.8,76.0,57,4.0,3.4,6.2,56.5,5.4,0.658,60,0
2024-11-16,SES0070,P012,CM,7.8,10.0,54.9,58,3.5,3.4,5.3,48.3,5.1,0.683,0,0
2024-11-16,SES0070,P013,CM,7.9,5.9,73.9,53,4.9,4.3,3.8,54.3,8.1,0.521,0,0
2024-11-16,SES0070,P014,LW,7.7,10.0,63.2,64,4.1,1.2,4.0,53.6,6.0,0.616,30,0
2024-11-16,SES0070,P015,LW,7.1,9.1,80.8,54,2.9,2.2,5.5,54.9,6.1,0.599,30,0
2024-11-16,SES0070,P016,RW,8.6,9.7,54.5,68,5.0,3.8,2.4,50.4,8.5,0.568,90,0
2024-11-16,SES0070,P017,RW,7.8,8.7,54.0,53,3.3,2.2,4.4,53.1,4.1,0.619,60,0
2024-11-16,SES0070,P018,CAM,8.2,7.6,52.2,47,3.4,3.1,3.1,50.2,6.9,0.663,90,0
2024-11-16,SES0070,P019,CAM,8.2,6.5,63.6,59,5.5,3.3,5.9,54.0,5.1,0.622,60,0
2024-11-16,SES0070,P020,ST,6.7,7.0,50.3,61,5.4,4.5,2.6,45.6,5.0,0.721,0,0
2024-11-16,SES0070,P021,ST,7.5,8.8,71.4,55,2.5,1.5,4.2,46.5,0.0,0.641,0,0
2024-11-16,SES0070,P022,ST,8.1,7.3,70.9,57,2.6,1.0,3.9,49.0,0.4,0.649,30,0
2024-11-18,SES0071,P001,GK,7.4,6.1,64.2,62,4.2,3.4,3.5,52.7,6.4,0.594,80,0
2024-11-18,SES0071,P002,CB,7.1,8.1,65.5,59,4.7,4.2,8.0,51.7,4.2,0.55,0,0
2024-11-18,SES0071,P003,CB,8.6,8.0,73.1,59,2.3,1.0,3.5,49.4,6.6,0.647,60,0
2024-11-18,SES0071,P004,CB,8.7,7.4,61.5,50,3.7,2.3,2.9,51.6,6.0,0.718,30,0
2024-11-18,SES0071,P005,LB,8.1,5.9,60.9,64,4.5,5.2,2.1,44.9,2.1,0.617,60,0
2024-11-18,SES0071,P006,LB,7.3,8.5,55.3,59,6.0,4.4,1.0,46.9,3.4,0.58,90,0
2024-11-18,SES0071,P007,RB,7.4,8.2,56.1,61,4.8,4.0,5.6,53.1,4.1,0.749,0,0
2024-11-18,SES0071,P008,RB,9.8,6.3,58.0,55,2.7,1.0,4.0,51.3,5.2,0.601,90,0
2024-11-18,SES0071,P009,CDM,6.4,7.7,59.8,59,6.5,4.2,5.4,45.1,4.2,0.572,30,0
2024-11-18,SES0071,P010,CDM,7.0,6.6,78.4,57,4.9,3.0,3.8,51.6,4.9,0.603,90,0
2024-11-18,SES0071,P011,CM,6.5,9.5,70.4,61,6.9,6.8,4.1,45.6,2.7,0.532,0,0
2024-11-18,SES0071,P012,CM,5.3,8.8,62.9,71,6.2,5.0,4.9,53.8,0.7,0.586,0,0
2024-11-18,SES0071,P013,CM,8.7,7.9,54.4,63,4.7,5.5,5.8,48.9,3.7,0.571,0,0
2024-11-18,SES0071,P014,LW,7.8,7.9,57.4,62,2.9,1.9,5.8,57.3,6.5,0.675,0,0
2024-11-18,SES0071,P015,LW,6.1,7.5,61.4,59,4.1,3.6,3.2,52.3,1.7,0.575,0,0
2024-11-18,SES0071,P016,RW,7.8,7.6,46.8,61,3.9,2.5,5.9,53.7,7.8,0.671,60,0
2024-11-18,SES0071,P017,RW,7.7,7.0,61.8,54,3.6,3.5,4.9,48.4,10.7,0.638,0,0
2024-11-18,SES0071,P018,CAM,7.6,7.3,61.5,56,5.0,4.0,3.9,47.2,8.2,0.781,80,0
2024-11-18,SES0071,P019,CAM,5.7,6.8,71.4,63,6.3,7.0,4.3,50.9,2.7,0.623,0,1
2024-11-18,SES0071,P020,ST,9.0,6.1,61.9,55,2.2,2.5,4.6,53.0,5.5,0.767,60,0
2024-11-18,SES0071,P021,ST,8.7,8.4,64.4,49,4.5,3.4,4.8,53.5,0.8,0.673,0,0
2024-11-18,SES0071,P022,ST,8.3,8.3,51.0,65,4.3,3.9,5.0,55.1,2.7,0.595,60,0
2024-11-20,SES0072,P001,GK,6.4,5.2,59.3,57,5.8,4.3,5.1,46.8,6.8,0.577,80,0
2024-11-20,SES0072,P002,CB,6.3,3.3,58.9,62,6.9,4.8,3.2,48.4,1.3,0.449,0,0
2024-11-20,SES0072,P003,CB,6.2,3.4,52.6,57,5.7,3.6,7.0,52.3,3.7,0.669,60,0
2024-11-20,SES0072,P004,CB,7.6,4.0,74.1,55,4.4,3.5,1.3,50.5,5.9,0.596,30,0
2024-11-20,SES0072,P005,LB,6.4,4.5,57.4,60,5.7,4.2,3.6,56.8,3.1,0.614,80,0
2024-11-20,SES0072,P006,LB,6.3,4.5,47.1,65,4.9,5.5,2.8,47.0,7.7,0.684,30,0
2024-11-20,SES0072,P007,RB,6.3,3.2,58.9,65,7.4,5.7,6.8,46.7,2.5,0.699,90,1
2024-11-20,SES0072,P008,RB,9.5,4.2,83.1,58,3.7,2.1,2.3,52.8,3.7,0.639,0,0
2024-11-20,SES0072,P009,CDM,7.3,4.8,55.5,55,5.3,6.1,2.9,45.5,0.8,0.708,60,0
2024-11-20,SES0072,P010,CDM,6.0,3.9,54.9,63,6.4,4.6,4.5,50.8,3.6,0.59,60,1
2024-11-20,SES0072,P011,CM,7.3,7.1,75.0,59,3.5,1.7,4.5,49.6,0.9,0.602,80,0
2024-11-20,SES0072,P012,CM,7.0,3.5,66.5,63,3.8,2.5,4.6,50.7,1.4,0.654,0,0
2024-11-20,SES0072,P013,CM,6.5,3.2,55.7,67,6.5,6.7,3.8,44.7,5.3,0.612,0,0
2024-11-20,SES0072,P014,LW,6.7,4.0,68.3,57,4.5,4.1,2.7,48.4,9.9,0.568,60,0
2024-11-20,SES0072,P015,LW,8.7,4.4,59.9,63,5.5,4.0,4.9,50.6,3.4,0.609,60,0
2024-11-20,SES0072,P016,RW,5.9,3.0,44.9,62,7.6,7.3,3.6,42.3,0.0,0.508,90,0
2024-11-20,SES0072,P017,RW,5.1,2.9,42.8,70,7.2,6.9,3.3,51.5,6.3,0.594,0,0
2024-11-20,SES0072,P018,CAM,6.2,7.0,47.9,59,5.5,5.7,5.7,50.6,5.8,0.605,0,0
2024-11-20,SES0072,P019,CAM,7.3,3.6,63.8,60,5.9,4.1,5.5,47.8,6.9,0.584,80,0
2024-11-20,SES0072,P020,ST,4.2,3.5,63.6,67,6.5,5.0,4.3,45.1,8.1,0.578,80,0
2024-11-20,SES0072,P021,ST,6.9,3.7,56.5,50,3.8,1.8,4.7,56.3,4.5,0.61,80,0
2024-11-20,SES0072,P022,ST,4.1,3.4,65.9,71,8.2,6.5,5.6,42.0,3.6,0.558,80,0
2024-11-22,SES0073,P001,GK,8.6,8.8,68.1,51,3.5,3.2,2.5,47.0,2.7,0.682,80,0
2024-11-22,SES0073,P002,CB,7.6,6.2,67.9,53,3.8,3.8,4.8,55.5,5.2,0.664,0,0
2024-11-22,SES0073,P003,CB,7.4,8.0,49.6,61,5.1,4.9,5.5,47.9,1.2,0.604,60,0
2024-11-22,SES0073,P004,CB,6.9,6.6,59.4,53,5.5,4.7,6.7,56.5,3.9,0.635,60,0
2024-11-22,SES0073,P005,LB,6.5,8.5,68.0,59,2.7,3.6,6.7,52.7,4.9,0.673,30,0
2024-11-22,SES0073,P006,LB,5.7,7.0,60.2,55,4.1,2.2,3.7,50.0,2.5,0.584,0,0
2024-11-22,SES0073,P007,RB,9.2,7.6,68.4,54,3.0,1.7,4.4,54.6,4.0,0.661,30,0
2024-11-22,SES0073,P008,RB,10.0,8.2,76.3,50,2.9,1.7,6.4,50.8,8.0,0.695,60,0
2024-11-22,SES0073,P009,CDM,8.7,7.7,54.2,62,4.3,2.3,3.0,55.3,4.1,0.682,60,0
2024-11-22,SES0073,P010,CDM,5.1,6.6,55.0,65,5.7,3.4,1.7,50.0,5.3,0.445,30,0
2024-11-22,SES0073,P011,CM,10.0,8.5,70.4,58,2.7,1.9,5.0,48.1,3.0,0.629,30,0
2024-11-22,SES0073,P012,CM,8.3,8.3,72.1,58,3.4,1.6,4.7,47.8,0.0,0.597,80,0
2024-11-22,SES0073,P013,CM,8.4,7.4,48.0,53,4.5,2.5,6.8,50.0,0.8,0.691,60,0
2024-11-22,SES0073,P014,LW,7.7,7.6,80.1,57,3.2,4.6,5.3,51.1,1.8,0.727,0,0
2024-11-22,SES0073,P015,LW,6.6,5.6,49.3,60,5.4,4.0,7.1,50.2,5.3,0.616,30,0
2024-11-22,SES0073,P016,RW,7.8,7.9,72.6,68,3.7,4.2,5.5,51.1,7.3,0.672,0,0
2024-11-22,SES0073,P017,RW,8.0,9.1,61.2,63,5.5,4.2,4.7,54.4,5.9,0.656,30,0
2024-11-22,SES0073,P018,CAM,7.7,8.0,72.5,50,4.3,4.9,4.8,51.7,4.2,0.551,30,0
2024-11-22,SES0073,P019,CAM,6.8,9.0,61.6,57,4.2,6.0,2.5,53.2,7.1,0.717,80,0
2024-11-22,SES0073,P020,ST,7.0,7.7,73.0,55,4.4,1.7,1.6,56.9,4.9,0.592,0,0
2024-11-22,SES0073,P021,ST,8.5,8.1,50.8,56,4.4,3.4,6.6,49.3,5.8,0.643,80,0
2024-11-22,SES0073,P022,ST,5.6,9.7,45.2,66,6.2,3.6,5.6,48.4,7.2,0.525,80,0
2024-11-24,SES0074,P001,GK,8.7,5.5,63.3,58,3.2,4.1,3.1,49.0,6.8,0.712,60,0
2024-11-24,SES0074,P002,CB,6.9,4.9,55.0,63,5.5,2.8,3.3,51.3,8.3,0.63,90,0
2024-11-24,SES0074,P003,CB,7.3,6.3,64.4,59,5.7,2.6,7.3,48.1,3.6,0.51,0,0
2024-11-24,SES0074,P004,CB,8.8,7.1,54.3,51,3.2,2.5,1.0,54.1,0.0,0.598,0,0
2024-11-24,SES0074,P005,LB,6.8,6.1,62.4,59,3.6,1.6,7.9,48.0,4.7,0.655,60,0
2024-11-24,SES0074,P006,LB,6.9,7.9,63.6,52,4.9,3.5,5.0,52.0,2.4,0.599,60,0
2024-11-24,SES0074,P007,RB,6.2,8.0,63.3,59,4.3,5.9,3.3,50.5,1.3,0.588,0,0
2024-11-24,SES0074,P008,RB,6.5,6.5,62.8,64,4.4,3.6,5.7,51.5,6.7,0.637,60,0
2024-11-24,SES0074,P009,CDM,9.4,8.4,73.5,52,2.5,1.0,4.2,55.5,5.2,0.764,60,0
2024-11-24,SES0074,P010,CDM,6.9,4.7,57.8,62,4.6,3.4,5.6,50.7,1.0,0.569,0,0
2024-11-24,SES0074,P011,CM,9.2,6.1,64.7,52,3.9,1.0,5.5,52.2,4.9,0.703,30,0
2024-11-24,SES0074,P012,CM,6.3,5.4,64.1,57,3.2,2.1,5.0,51.6,0.4,0.673,90,0
2024-11-24,SES0074,P013,CM,8.4,7.7,65.1,55,3.6,2.1,5.1,52.0,6.2,0.652,30,1
2024-11-24,SES0074,P014,LW,9.7,6.7,67.7,61,3.7,3.6,6.6,53.4,3.4,0.68,30,0
2024-11-24,SES0074,P015,LW,10.0,7.0,67.1,61,2.8,1.7,3.3,49.1,0.9,0.652,30,0
2024-11-24,SES0074,P016,RW,5.1,6.4,46.6,62,6.0,5.7,3.7,45.7,7.3,0.618,30,0
2024-11-24,SES0074,P017,RW,7.8,5.6,65.6,55,3.9,1.4,1.8,54.7,2.9,0.61,0,0
2024-11-24,SES0074,P018,CAM,5.7,7.9,63.6,57,5.3,3.3,3.6,54.2,2.2,0.507,80,0
2024-11-24,SES0074,P019,CAM,8.0,7.6,68.1,59,4.0,4.0,5.1,51.9,4.6,0.64,0,0
2024-11-24,SES0074,P020,ST,7.5,6.7,61.6,62,5.1,3.9,5.4,49.6,0.4,0.609,60,0
2024-11-24,SES0074,P021,ST,7.7,8.9,70.2,56,3.8,3.6,2.1,54.2,6.2,0.707,30,0
2024-11-24,SES0074,P022,ST,8.2,6.5,66.9,54,3.1,1.6,4.0,51.7,4.1,0.601,80,0
2024-11-26,SES0075,P001,GK,7.6,8.4,66.3,64,5.9,6.5,3.3,49.1,2.2,0.601,30,0
2024-11-26,SES0075,P002,CB,6.4,4.1,74.6,54,4.6,2.9,4.9,51.7,8.0,0.678,60,0
2024-11-26,SES0075,P003,CB,7.0,6.5,61.2,60,4.7,3.1,5.1,50.0,5.8,0.631,0,0
2024-11-26,SES0075,P004,CB,6.7,6.7,61.3,58,6.5,4.2,3.7,45.8,6.4,0.563,80,0
2024-11-26,SES0075,P005,LB,8.1,4.4,67.0,59,3.8,3.6,3.7,48.3,6.4,0.694,0,0
2024-11-26,SES0075,P006,LB,6.8,5.9,54.6,50,3.3,3.6,5.0,47.0,2.0,0.66,0,0
2024-11-26,SES0075,P007,RB,7.0,5.9,58.8,64,5.4,3.7,1.8,40.5,1.7,0.64,0,0
2024-11-26,SES0075,P008,RB,9.8,6.5,56.6,56,4.7,4.4,3.4,51.9,8.6,0.66,0,0
2024-11-26,SES0075,P009,CDM,6.3,6.6,53.5,67,6.5,7.2,3.9,49.9,4.3,0.53,30,0
2024-11-26,SES0075,P010,CDM,6.8,5.9,58.5,58,5.1,4.4,2.6,47.9,6.5,0.627,0,0
2024-11-26,SES0075,P011,CM,8.9,5.5,48.0,62,4.6,3.3,4.9,48.6,2.7,0.572,30,0
2024-11-26,SES0075,P012,CM,8.1,5.6,58.9,56,5.2,3.1,3.9,44.6,2.3,0.596,30,0
2024-11-26,SES0075,P013,CM,7.2,7.1,77.2,58,4.3,4.7,3.6,53.5,8.8,0.641,30,0
2024-11-26,SES0075,P014,LW,7.2,6.1,67.5,60,3.2,1.7,3.5,52.4,1.1,0.623,90,0
2024-11-26,SES0075,P015,LW,9.0,8.3,70.2,65,4.8,2.9,6.4,51.2,6.9,0.574,60,0
2024-11-26,SES0075,P016,RW,7.6,5.3,51.6,64,3.8,2.1,6.1,46.5,5.1,0.531,0,0
2024-11-26,SES0075,P017,RW,4.9,7.3,61.7,54,7.0,4.8,6.5,48.1,0.0,0.585,30,0
2024-11-26,SES0075,P018,CAM,10.0,6.7,81.4,61,2.6,2.9,3.6,51.9,6.8,0.682,30,1
2024-11-26,SES0075,P019,CAM,6.3,7.6,46.1,63,6.3,6.5,2.2,43.0,3.2,0.604,90,0
2024-11-26,SES0075,P020,ST,4.6,6.3,64.7,68,5.4,4.9,3.7,54.4,4.7,0.56,30,0
2024-11-26,SES0075,P021,ST,8.0,6.1,62.5,59,5.1,2.9,8.3,44.4,2.1,0.719,30,0
2024-11-26,SES0075,P022,ST,8.0,6.4,63.5,47,2.1,1.0,6.4,56.6,5.1,0.657,30,0
2024-11-28,SES0076,P001,GK,8.1,5.3,58.3,58,2.5,2.0,6.4,48.8,5.3,0.766,80,0
2024-11-28,SES0076,P002,CB,7.3,4.2,53.5,62,4.1,1.8,5.3,54.6,1.5,0.694,0,0
2024-11-28,SES0076,P003,CB,8.4,6.0,67.2,49,3.2,1.0,5.9,48.3,0.0,0.62,80,0
2024-11-28,SES0076,P004,CB,7.4,4.7,64.3,58,3.6,1.9,4.3,48.0,5.9,0.688,0,0
2024-11-28,SES0076,P005,LB,8.1,5.3,74.4,59,3.2,3.3,4.7,45.2,0.5,0.715,0,0
2024-11-28,SES0076,P006,LB,6.8,4.7,65.9,54,3.2,2.0,3.5,53.5,3.9,0.56,0,0
2024-11-28,SES0076,P007,RB,8.0,4.6,55.6,65,4.2,2.3,4.7,52.4,3.3,0.641,80,0
2024-11-28,SES0076,P008,RB,6.8,4.9,76.4,57,2.5,2.9,3.0,52.5,7.4,0.63,80,0
2024-11-28,SES0076,P009,CDM,7.6,4.0,52.8,60,2.6,2.8,4.4,50.4,1.3,0.63,0,0
2024-11-28,SES0076,P010,CDM,8.7,2.9,55.0,60,3.4,1.5,6.8,45.9,0.2,0.653,0,0
2024-11-28,SES0076,P011,CM,8.9,5.2,60.3,57,4.7,2.6,3.9,54.2,3.9,0.568,0,0
2024-11-28,SES0076,P012,CM,6.6,4.6,63.3,53,3.4,4.5,5.9,49.6,2.0,0.684,0,0
2024-11-28,SES0076,P013,CM,8.0,1.9,83.4,57,1.9,2.8,3.4,55.2,6.6,0.688,60,0
2024-11-28,SES0076,P014,LW,10.0,2.4,69.1,63,3.5,3.7,2.7,55.2,2.2,0.666,30,0
2024-11-28,SES0076,P015,LW,7.0,4.1,47.8,53,5.5,4.7,4.7,49.6,2.9,0.606,80,0
2024-11-28,SES0076,P016,RW,7.5,4.2,64.9,57,2.4,2.5,4.1,49.4,3.9,0.687,90,0
2024-11-28,SES0076,P017,RW,9.3,3.6,56.0,60,3.1,3.9,3.9,45.1,6.5,0.623,60,0
2024-11-28,SES0076,P018,CAM,7.4,5.3,59.9,59,3.4,4.0,7.1,45.7,0.0,0.67,30,0
2024-11-28,SES0076,P019,CAM,10.0,4.3,77.8,52,1.5,1.3,6.7,49.5,6.5,0.663,0,0
2024-11-28,SES0076,P020,ST,8.7,5.3,59.5,61,3.7,3.9,4.8,54.7,4.8,0.653,0,0
2024-11-28,SES0076,P021,ST,8.0,6.0,69.8,59,4.9,2.7,5.9,51.9,5.2,0.58,80,0
2024-11-28,SES0076,P022,ST,8.5,6.0,62.1,56,2.8,1.6,4.4,58.9,5.3,0.675,0,0
2024-11-30,SES0077,P001,GK,5.3,3.2,50.8,63,5.5,4.6,4.6,48.9,5.7,0.599,60,0
2024-11-30,SES0077,P002,CB,5.0,5.2,53.9,57,5.7,2.7,3.5,47.4,6.8,0.531,90,0
2024-11-30,SES0077,P003,CB,8.2,5.4,75.9,53,1.6,1.0,4.3,48.7,5.1,0.745,60,0
2024-11-30,SES0077,P004,CB,6.9,8.2,55.3,58,3.7,5.8,4.6,43.1,4.1,0.746,60,0
2024-11-30,SES0077,P005,LB,7.9,4.5,63.9,62,4.2,1.8,4.8,53.2,2.0,0.693,0,0
2024-11-30,SES0077,P006,LB,5.8,7.7,65.0,63,6.1,5.1,4.7,50.9,5.9,0.55,90,0
2024-11-30,SES0077,P007,RB,8.1,5.8,65.8,58,3.3,3.9,5.7,53.0,3.2,0.672,80,0
2024-11-30,SES0077,P008,RB,8.4,5.4,70.5,51,3.3,2.3,3.8,48.8,2.1,0.643,30,0
2024-11-30,SES0077,P009,CDM,7.5,7.1,72.8,50,4.1,4.2,4.3,57.3,5.7,0.643,0,0
2024-11-30,SES0077,P010,CDM,6.5,6.3,66.0,61,4.7,3.3,6.7,55.4,4.0,0.576,0,0
2024-11-30,SES0077,P011,CM,8.6,5.8,51.3,54,4.3,4.1,6.7,49.5,11.9,0.621,30,0
2024-11-30,SES0077,P012,CM,9.9,5.4,75.2,51,2.0,2.3,4.5,50.7,0.0,0.682,60,0
2024-11-30,SES0077,P013,CM,6.6,5.4,70.1,70,4.9,4.3,2.6,48.7,5.2,0.642,60,0
2024-11-30,SES0077,P014,LW,7.7,6.0,64.7,60,4.7,5.1,4.8,47.5,5.7,0.625,0,0
2024-11-30,SES0077,P015,LW,8.1,6.3,48.6,53,4.1,2.4,3.2,57.1,0.9,0.54,90,0
2024-11-30,SES0077,P016,RW,6.9,5.7,46.8,57,4.1,3.9,7.3,50.1,3.4,0.625,90,0
2024-11-30,SES0077,P017,RW,7.3,5.7,70.2,55,2.9,2.7,3.1,53.0,3.7,0.559,80,0
2024-11-30,SES0077,P018,CAM,7.5,6.7,69.5,55,4.5,3.5,4.1,51.0,2.4,0.591,60,0
2024-11-30,SES0077,P019,CAM,6.7,5.6,50.5,61,6.4,4.1,3.5,44.4,1.4,0.629,60,0
2024-11-30,SES0077,P020,ST,7.2,7.6,45.3,58,4.4,4.0,4.1,53.2,6.4,0.698,0,0
2024-11-30,SES0077,P021,ST,7.1,6.8,60.8,61,3.7,2.8,5.7,45.4,3.1,0.7,60,0
2024-11-30,SES0077,P022,ST,8.1,4.7,64.0,53,3.0,3.3,2.9,54.4,8.7,0.69,30,0
2024-12-02,SES0078,P001,GK,7.2,5.8,72.1,56,4.3,4.9,9.0,48.8,5.2,0.712,30,0
2024-12-02,SES0078,P002,CB,7.1,5.8,52.3,52,3.5,1.5,2.9,51.2,0.1,0.577,0,0
2024-12-02,SES0078,P003,CB,6.6,8.0,57.6,55,4.7,3.4,3.0,45.7,0.0,0.56,0,0
2024-12-02,SES0078,P004,CB,6.2,6.6,59.0,60,5.1,3.7,4.4,46.0,5.2,0.602,0,0
2024-12-02,SES0078,P005,LB,8.8,4.9,78.4,57,3.7,2.9,5.7,50.6,5.3,0.721,60,0
2024-12-02,SES0078,P006,LB,9.5,6.2,71.2,60,2.6,1.4,7.8,49.8,1.2,0.734,90,0
2024-12-02,SES0078,P007,RB,7.0,2.9,68.5,57,4.3,3.2,3.3,54.4,5.4,0.584,60,0
2024-12-02,SES0078,P008,RB,9.1,6.2,72.1,53,3.9,3.2,6.0,50.7,3.2,0.61,0,0
2024-12-02,SES0078,P009,CDM,7.3,4.2,63.3,60,5.3,3.5,2.8,49.8,1.7,0.494,30,0
2024-12-02,SES0078,P010,CDM,6.0,6.8,75.5,66,4.6,4.8,2.1,50.4,2.3,0.596,0,0
2024-12-02,SES0078,P011,CM,9.2,3.1,73.7,60,4.3,2.3,3.7,51.6,0.0,0.597,0,0
2024-12-02,SES0078,P012,CM,6.1,7.3,59.0,56,3.9,3.7,4.6,52.9,0.5,0.677,80,0
2024-12-02,SES0078,P013,CM,6.7,6.2,68.8,56,3.7,2.3,4.2,53.2,1.2,0.613,80,0
2024-12-02,SES0078,P014,LW,6.3,7.1,62.2,54,3.6,3.7,4.3,47.3,0.1,0.566,30,0
2024-12-02,SES0078,P015,LW,7.8,7.9,62.0,53,3.9,5.1,2.3,45.8,0.0,0.602,0,0
2024-12-02,SES0078,P016,RW,7.0,6.3,75.6,51,3.3,3.2,4.5,50.1,6.1,0.698,0,1
2024-12-02,SES0078,P017,RW,7.2,8.2,51.9,67,5.3,4.2,5.2,49.2,4.2,0.594,0,0
2024-12-02,SES0078,P018,CAM,7.8,5.3,61.9,60,5.2,3.9,1.8,47.1,6.9,0.674,30,0
2024-12-02,SES0078,P019,CAM,8.5,7.2,67.9,54,4.1,3.6,7.4,47.2,4.8,0.688,0,0
2024-12-02,SES0078,P020,ST,7.3,7.4,60.9,55,4.4,2.4,2.3,52.0,5.0,0.617,90,0
2024-12-02,SES0078,P021,ST,7.5,7.6,53.0,56,4.1,1.4,4.0,42.0,7.5,0.62,30,0
2024-12-02,SES0078,P022,ST,8.8,7.6,66.2,59,3.3,1.0,5.0,52.6,4.3,0.663,60,0
2024-12-04,SES0079,P001,GK,6.1,5.4,80.9,56,4.1,4.8,2.8,56.3,3.2,0.678,60,0
2024-12-04,SES0079,P002,CB,6.0,7.5,53.9,57,5.9,4.5,1.9,49.1,0.1,0.659,90,0
2024-12-04,SES0079,P003,CB,6.9,7.2,61.0,59,7.0,5.6,5.1,46.8,1.2,0.507,80,0
2024-12-04,SES0079,P004,CB,6.2,8.5,70.6,56,6.0,5.5,5.2,45.9,4.5,0.604,30,0
2024-12-04,SES0079,P005,LB,5.1,7.7,62.0,62,5.7,4.7,4.0,44.4,7.4,0.633,60,0
2024-12-04,SES0079,P006,LB,7.1,6.0,59.9,65,4.3,2.8,5.9,53.8,4.7,0.727,60,0
2024-12-04,SES0079,P007,RB,7.3,6.1,54.5,58,5.0,5.2,7.1,47.4,9.1,0.62,60,0
2024-12-04,SES0079,P008,RB,7.3,8.3,54.2,59,6.4,4.0,4.1,40.7,7.3,0.578,30,0
2024-12-04,SES0079,P009,CDM,7.3,7.7,66.2,60,2.9,2.6,4.9,44.3,0.8,0.645,90,0
2024-12-04,SES0079,P010,CDM,5.8,6.4,58.3,61,6.0,5.5,5.3,53.2,5.6,0.569,30,0
2024-12-04,SES0079,P011,CM,8.6,6.6,63.7,61,4.3,3.1,4.3,48.8,4.8,0.699,0,0
2024-12-04,SES0079,P012,CM,5.5,6.2,50.9,62,4.8,3.4,4.5,55.5,4.1,0.589,0,1
2024-12-04,SES0079,P013,CM,4.7,4.3,38.0,58,7.1,5.5,3.5,48.4,2.2,0.623,60,0
2024-12-04,SES0079,P014,LW,8.2,5.6,66.8,57,3.8,1.9,5.6,50.2,6.9,0.67,60,0
2024-12-04,SES0079,P015,LW,6.1,7.2,55.7,56,5.9,4.3,4.2,49.1,6.2,0.646,0,0
2024-12-04,SES0079,P016,RW,9.8,5.9,85.8,59,3.3,4.2,4.5,47.5,7.3,0.641,30,0
2024-12-04,SES0079,P017,RW,6.9,6.4,68.1,61,4.1,3.5,4.8,50.7,0.0,0.724,60,1
2024-12-04,SES0079,P018,CAM,7.4,4.3,67.6,68,4.0,3.1,4.3,55.3,0.0,0.766,60,0
2024-12-04,SES0079,P019,CAM,8.3,9.5,57.2,63,6.4,5.5,3.4,50.0,7.1,0.571,60,0
2024-12-04,SES0079,P020,ST,6.1,5.3,46.9,57,5.7,5.6,5.7,48.4,1.7,0.642,90,0
2024-12-04,SES0079,P021,ST,6.7,10.0,56.4,72,5.0,5.9,5.8,46.2,3.9,0.621,90,0
2024-12-04,SES0079,P022,ST,5.7,6.9,71.1,64,5.3,4.2,3.5,49.8,3.7,0.57,90,0
2024-12-06,SES0080,P001,GK,5.8,5.9,60.6,59,6.4,6.4,5.7,46.1,0.0,0.609,60,0
2024-12-06,SES0080,P002,CB,8.4,6.6,62.2,54,4.4,4.0,5.7,51.1,1.9,0.529,0,0
2024-12-06,SES0080,P003,CB,6.4,5.4,66.5,64,4.5,4.7,3.3,49.1,6.9,0.65,0,0
2024-12-06,SES0080,P004,CB,6.0,3.7,61.7,65,4.9,5.4,2.4,46.0,8.4,0.727,80,0
2024-12-06,SES0080,P005,LB,7.5,5.3,61.5,58,2.5,2.1,3.6,47.7,1.2,0.65,30,0
2024-12-06,SES0080,P006,LB,8.1,6.0,60.8,60,3.9,2.6,1.8,56.4,1.2,0.658,80,0
2024-12-06,SES0080,P007,RB,4.1,6.7,59.0,56,5.2,4.9,5.3,55.1,5.5,0.628,30,0
2024-12-06,SES0080,P008,RB,8.1,6.2,58.0,66,3.5,1.6,4.8,49.3,6.6,0.726,60,0
2024-12-06,SES0080,P009,CDM,6.9,6.8,43.8,57,5.6,4.5,8.0,50.8,6.8,0.58,30,0
2024-12-06,SES0080,P010,CDM,7.3,7.8,71.0,62,4.0,4.1,3.7,54.0,3.0,0.676,0,0
2024-12-06,SES0080,P011,CM,5.2,6.9,62.0,55,6.1,5.7,4.1,42.2,5.8,0.67,0,0
2024-12-06,SES0080,P012,CM,7.9,7.5,69.4,51,1.8,2.3,4.8,49.6,2.5,0.71,60,0
2024-12-06,SES0080,P013,CM,8.0,7.6,65.6,58,4.2,4.2,5.2,52.8,1.2,0.519,60,0
2024-12-06,SES0080,P014,LW,8.0,3.8,54.0,57,4.5,2.9,3.5,46.2,1.9,0.604,60,0
2024-12-06,SES0080,P015,LW,8.1,7.1,60.4,52,1.4,1.0,4.8,47.3,8.9,0.573,30,0
2024-12-06,SES0080,P016,RW,7.2,6.5,55.6,64,5.1,3.6,2.6,48.7,3.7,0.65,0,0
2024-12-06,SES0080,P017,RW,7.7,6.3,56.1,57,4.6,4.4,3.3,49.0,8.7,0.663,0,0
2024-12-06,SES0080,P018,CAM,7.6,3.8,60.4,59,4.5,3.2,4.4,47.7,7.2,0.609,60,0
2024-12-06,SES0080,P019,CAM,9.1,7.0,74.9,60,2.4,1.1,5.4,51.5,3.0,0.641,30,0
2024-12-06,SES0080,P020,ST,7.4,6.3,61.0,53,3.9,4.0,5.9,49.0,4.6,0.613,30,0
2024-12-06,SES0080,P021,ST,6.9,6.3,71.7,51,3.2,4.1,5.5,57.3,2.9,0.767,80,0
2024-12-06,SES0080,P022,ST,7.4,5.6,47.2,63,5.8,2.9,4.8,46.1,2.9,0.62,0,0
2024-12-08,SES0081,P001,GK,7.0,7.3,74.2,62,4.7,3.9,4.5,52.4,0.0,0.635,90,0
2024-12-08,SES0081,P002,CB,8.9,8.2,62.3,57,3.2,1.6,3.6,51.4,5.7,0.679,30,0
2024-12-08,SES0081,P003,CB,8.3,10.0,66.0,51,2.7,1.9,7.6,53.8,2.4,0.664,90,0
2024-12-08,SES0081,P004,CB,8.3,7.4,70.3,65,3.9,2.2,5.3,54.9,5.2,0.713,90,0
2024-12-08,SES0081,P005,LB,7.5,8.7,64.6,56,2.1,1.2,5.3,53.8,0.8,0.631,90,0
2024-12-08,SES0081,P006,LB,7.9,7.0,67.4,66,4.2,4.0,4.5,61.0,7.1,0.649,0,0
2024-12-08,SES0081,P007,RB,6.9,9.7,49.0,62,4.6,4.0,5.9,51.1,2.2,0.572,80,0
2024-12-08,SES0081,P008,RB,8.2,6.9,72.1,55,3.5,3.5,5.0,46.9,5.7,0.691,0,0
2024-12-08,SES0081,P009,CDM,7.1,9.7,73.4,54,2.7,1.4,6.8,50.7,2.4,0.642,0,0
2024-12-08,SES0081,P010,CDM,6.7,9.8,60.6,57,5.3,4.7,3.8,50.3,4.8,0.573,0,0
2024-12-08,SES0081,P011,CM,7.6,8.6,70.1,59,5.0,1.3,6.0,54.3,0.0,0.551,90,0
2024-12-08,SES0081,P012,CM,6.5,8.9,52.8,58,5.0,5.6,2.8,50.1,7.9,0.601,0,0
2024-12-08,SES0081,P013,CM,6.7,9.2,51.9,59,3.7,4.0,6.3,50.0,11.3,0.669,0,0
2024-12-08,SES0081,P014,LW,7.8,7.9,73.9,57,4.9,3.5,1.9,43.6,5.6,0.69,30,0
2024-12-08,SES0081,P015,LW,8.9,8.8,66.3,58,3.2,1.1,3.9,48.2,5.0,0.698,0,0
2024-12-08,SES0081,P016,RW,8.9,9.6,65.5,53,3.3,3.6,5.5,50.2,4.1,0.731,60,0
2024-12-08,SES0081,P017,RW,7.6,8.7,62.1,53,2.0,1.0,5.0,56.8,2.6,0.616,60,0
2024-12-08,SES0081,P018,CAM,7.3,8.1,66.9,59,3.9,3.4,5.9,58.6,0.6,0.652,0,0
2024-12-08,SES0081,P019,CAM,7.2,8.3,70.7,60,2.6,1.0,4.5,54.3,5.6,0.665,80,0
2024-12-08,SES0081,P020,ST,8.8,8.4,79.0,56,2.0,2.4,1.0,55.1,5.8,0.75,80,0
2024-12-08,SES0081,P021,ST,6.5,8.2,60.7,61,5.8,4.5,3.5,48.9,7.3,0.632,0,0
2024-12-08,SES0081,P022,ST,8.1,8.1,69.9,55,2.5,3.3,2.6,47.4,3.2,0.546,30,0
2024-12-10,SES0082,P001,GK,8.8,3.7,49.5,64,5.7,3.3,5.3,46.7,4.3,0.561,30,0
2024-12-10,SES0082,P002,CB,8.9,6.5,64.8,53,3.4,4.0,5.3,56.6,6.2,0.642,30,0
2024-12-10,SES0082,P003,CB,7.8,4.8,64.2,53,3.9,2.3,3.0,53.1,0.0,0.651,30,0
2024-12-10,SES0082,P004,CB,5.6,5.4,67.8,61,4.8,5.4,4.3,46.5,0.0,0.671,0,0
2024-12-10,SES0082,P005,LB,7.7,4.6,71.8,52,1.4,2.3,5.2,58.6,2.6,0.768,30,0
2024-12-10,SES0082,P006,LB,8.2,3.5,69.3,60,3.4,1.8,4.2,45.8,1.9,0.699,60,0
2024-12-10,SES0082,P007,RB,7.7,5.0,57.6,61,3.7,3.6,2.7,51.2,0.4,0.539,90,0
2024-12-10,SES0082,P008,RB,8.1,3.8,65.3,63,4.7,3.3,5.7,56.4,4.2,0.732,90,0
2024-12-10,SES0082,P009,CDM,6.1,6.4,46.7,65,4.1,3.2,5.1,52.4,5.4,0.712,60,0
2024-12-10,SES0082,P010,CDM,9.1,6.0,54.5,57,3.7,2.4,5.5,50.7,2.6,0.609,30,0
2024-12-10,SES0082,P011,CM,8.0,2.6,69.4,56,3.2,1.0,2.2,52.9,0.0,0.579,0,0
2024-12-10,SES0082,P012,CM,6.6,4.6,67.4,58,4.6,5.1,4.6,52.2,4.4,0.653,0,0
2024-12-10,SES0082,P013,CM,8.1,4.5,66.4,47,3.1,1.4,4.9,50.7,1.1,0.683,60,0
2024-12-10,SES0082,P014,LW,9.1,5.4,59.4,55,4.4,4.2,5.7,49.7,1.2,0.615,0,0
2024-12-10,SES0082,P015,LW,9.6,6.3,68.9,56,2.1,1.0,3.2,50.3,4.9,0.685,80,0
2024-12-10,SES0082,P016,RW,7.5,4.6,71.1,55,3.4,1.0,5.6,48.7,3.0,0.689,0,0
2024-12-10,SES0082,P017,RW,7.4,4.4,60.7,60,4.2,3.4,3.2,52.2,0.1,0.629,0,0
2024-12-10,SES0082,P018,CAM,10.0,4.1,65.3,59,3.0,2.8,6.7,55.6,7.7,0.717,30,0
2024-12-10,SES0082,P019,CAM,9.5,4.4,49.2,63,2.2,1.4,4.3,51.8,6.3,0.673,0,0
2024-12-10,SES0082,P020,ST,6.4,5.5,56.6,55,4.0,2.8,5.4,51.1,0.0,0.655,0,0
2024-12-10,SES0082,P021,ST,7.6,7.1,65.8,58,5.3,2.8,5.2,46.5,1.3,0.588,0,1
2024-12-10,SES0082,P022,ST,9.4,2.2,70.1,55,3.4,3.3,1.6,43.8,4.4,0.619,90,0
2024-12-12,SES0083,P001,GK,8.6,8.0,68.9,58,1.9,3.4,2.1,53.5,3.1,0.658,30,0
2024-12-12,SES0083,P002,CB,8.7,6.6,65.3,53,2.5,1.6,4.5,53.4,5.8,0.63,30,0
2024-12-12,SES0083,P003,CB,6.6,7.6,55.6,62,3.8,2.7,3.8,48.4,3.0,0.587,30,0
2024-12-12,SES0083,P004,CB,8.1,7.8,65.9,63,4.6,2.2,7.8,48.5,1.7,0.624,30,0
2024-12-12,SES0083,P005,LB,7.3,7.3,46.5,56,4.6,4.4,3.7,47.0,2.3,0.718,60,0
2024-12-12,SES0083,P006,LB,7.6,8.9,75.5,53,4.6,4.0,3.4,44.3,0.0,0.585,0,0
2024-12-12,SES0083,P007,RB,7.0,6.8,64.0,58,4.6,3.5,5.4,50.7,2.7,0.646,90,0
2024-12-12,SES0083,P008,RB,7.9,8.3,55.7,51,3.5,5.2,3.2,48.1,6.7,0.674,30,0
2024-12-12,SES0083,P009,CDM,7.5,5.9,54.4,60,4.6,4.0,4.7,47.0,5.3,0.562,60,0
2024-12-12,SES0083,P010,CDM,8.1,7.7,74.7,54,2.2,2.6,5.2,55.3,3.8,0.735,0,0
2024-12-12,SES0083,P011,CM,9.9,6.1,83.9,53,1.5,1.0,4.8,54.7,5.3,0.768,90,0
2024-12-12,SES0083,P012,CM,10.0,7.2,72.9,51,2.5,1.5,5.5,47.5,4.6,0.677,80,0
2024-12-12,SES0083,P013,CM,7.8,5.7,70.6,58,2.6,2.7,7.9,53.8,3.3,0.702,0,0
2024-12-12,SES0083,P014,LW,8.5,7.0,46.7,55,2.7,2.4,7.8,58.0,3.5,0.748,0,1
2024-12-12,SES0083,P015,LW,7.8,6.1,53.6,61,4.3,3.5,5.0,47.7,0.2,0.638,90,0
2024-12-12,SES0083,P016,RW,8.4,6.7,54.9,55,3.5,3.4,3.1,55.0,1.6,0.641,0,0
2024-12-12,SES0083,P017,RW,7.3,6.4,63.6,61,3.6,2.2,3.3,51.1,4.2,0.637,0,0
2024-12-12,SES0083,P018,CAM,6.7,7.4,68.6,58,2.9,1.9,3.4,54.3,6.3,0.621,30,0
2024-12-12,SES0083,P019,CAM,6.5,5.9,65.8,57,3.8,3.8,5.2,51.3,3.0,0.623,0,0
2024-12-12,SES0083,P020,ST,6.6,7.7,75.5,57,3.8,3.1,5.9,50.5,7.5,0.6,60,0
2024-12-12,SES0083,P021,ST,10.0,6.9,85.4,53,3.0,1.1,4.5,55.9,3.8,0.74,80,0
2024-12-12,SES0083,P022,ST,5.6,8.2,68.2,54,4.0,3.0,4.7,53.5,5.9,0.65,30,0
2024-12-14,SES0084,P001,GK,5.2,3.5,54.6,67,4.6,4.0,5.9,48.2,7.2,0.597,60,0
2024-12-14,SES0084,P002,CB,7.0,3.2,57.5,57,3.0,2.0,4.7,51.1,5.2,0.656,60,0
2024-12-14,SES0084,P003,CB,10.0,3.5,62.6,46,1.3,1.2,1.9,53.6,4.9,0.685,60,0
2024-12-14,SES0084,P004,CB,8.3,1.2,62.3,58,2.7,2.4,7.1,52.9,8.0,0.697,60,0
2024-12-14,SES0084,P005,LB,9.2,2.9,67.9,62,2.6,3.7,4.3,56.5,3.2,0.68,0,0
2024-12-14,SES0084,P006,LB,8.4,4.4,53.9,58,3.1,1.0,3.3,47.5,0.4,0.749,0,0
2024-12-14,SES0084,P007,RB,10.0,1.5,79.0,52,1.2,1.0,4.4,52.1,4.9,0.691,80,0
2024-12-14,SES0084,P008,RB,7.4,1.0,75.5,57,2.8,1.4,3.6,51.8,8.6,0.563,0,0
2024-12-14,SES0084,P009,CDM,8.6,4.1,62.9,61,3.6,2.2,2.5,58.0,4.4,0.634,0,0
2024-12-14,SES0084,P010,CDM,7.3,3.3,76.4,58,3.6,3.2,4.6,49.1,2.8,0.691,30,0
2024-12-14,SES0084,P011,CM,8.9,2.2,57.5,53,1.9,1.0,5.7,52.8,7.0,0.666,0,0
2024-12-14,SES0084,P012,CM,9.2,3.1,37.9,49,1.8,1.0,5.0,52.9,0.0,0.798,0,0
2024-12-14,SES0084,P013,CM,5.5,3.8,64.0,55,3.4,1.5,5.8,46.9,6.1,0.573,60,0
2024-12-14,SES0084,P014,LW,9.6,5.5,45.0,60,2.9,2.7,3.7,53.7,5.3,0.693,0,0
2024-12-14,SES0084,P015,LW,9.7,1.8,70.0,59,1.0,3.2,3.9,50.6,5.5,0.704,60,0
2024-12-14,SES0084,P016,RW,7.8,3.5,59.5,53,3.4,1.1,8.3,49.8,3.2,0.702,0,0
2024-12-14,SES0084,P017,RW,9.3,3.0,66.2,59,2.8,2.3,4.7,53.1,3.3,0.67,30,0
2024-12-14,SES0084,P018,CAM,9.2,2.7,61.8,49,1.4,2.5,6.1,48.2,6.1,0.707,0,0
2024-12-14,SES0084,P019,CAM,6.0,1.3,54.7,61,4.1,3.8,3.1,51.3,5.8,0.592,30,0
2024-12-14,SES0084,P020,ST,8.2,2.6,68.0,55,3.7,4.6,5.4,49.2,5.0,0.733,60,0
2024-12-14,SES0084,P021,ST,8.3,3.9,66.5,54,3.1,1.0,4.7,50.4,0.0,0.603,60,1
2024-12-14,SES0084,P022,ST,8.4,5.4,62.3,53,2.1,3.5,6.3,53.9,3.8,0.614,30,0
2024-12-16,SES0085,P001,GK,8.9,4.2,68.5,57,2.0,1.9,5.0,49.1,0.6,0.655,90,0
2024-12-16,SES0085,P002,CB,7.7,7.0,58.6,53,2.0,2.7,4.8,51.0,7.2,0.677,30,0
2024-12-16,SES0085,P003,CB,5.9,5.5,63.5,47,2.8,3.4,4.0,52.6,5.9,0.596,60,0
2024-12-16,SES0085,P004,CB,9.0,4.8,59.0,53,2.9,2.6,6.6,49.9,0.5,0.681,0,0
2024-12-16,SES0085,P005,LB,9.1,5.8,61.5,56,3.9,4.8,3.2,49.6,1.6,0.729,80,0
2024-12-16,SES0085,P006,LB,8.1,5.8,71.9,55,1.6,2.2,1.9,52.6,4.8,0.733,30,0
2024-12-16,SES0085,P007,RB,7.0,6.6,51.1,58,4.5,2.6,4.5,50.9,3.2,0.607,60,0
2024-12-16,SES0085,P008,RB,10.0,6.1,71.6,53,1.0,1.0,3.3,59.9,4.2,0.62,80,0
2024-12-16,SES0085,P009,CDM,9.1,5.5,71.0,51,2.9,1.1,3.2,51.4,2.6,0.582,80,0
2024-12-16,SES0085,P010,CDM,7.2,6.4,78.1,51,2.6,2.0,3.8,58.2,4.4,0.72,90,0
2024-12-16,SES0085,P011,CM,8.6,4.5,70.6,55,3.1,2.2,6.0,61.1,3.6,0.574,30,0
2024-12-16,SES0085,P012,CM,7.8,4.3,88.5,47,4.0,3.5,3.4,45.1,3.4,0.622,30,0
2024-12-16,SES0085,P013,CM,7.5,6.9,59.8,57,2.2,2.3,5.1,55.9,6.6,0.626,0,0
2024-12-16,SES0085,P014,LW,9.8,6.5,64.9,57,2.8,1.0,5.7,49.7,3.6,0.744,30,0
2024-12-16,SES0085,P015,LW,7.5,5.8,72.6,48,1.7,2.3,3.8,49.3,2.7,0.712,90,0
2024-12-16,SES0085,P016,RW,7.5,6.0,60.5,57,1.8,3.5,4.4,52.0,0.8,0.66,60,0
2024-12-16,SES0085,P017,RW,7.6,6.8,74.0,52,3.6,1.5,4.5,51.4,3.6,0.62,30,0
2024-12-16,SES0085,P018,CAM,7.8,5.6,66.5,63,4.9,4.2,3.3,51.6,2.1,0.654,0,0
2024-12-16,SES0085,P019,CAM,7.5,3.6,69.8,60,4.0,3.5,3.1,48.5,2.2,0.614,0,0
2024-12-16,SES0085,P020,ST,7.9,5.7,79.4,60,3.1,2.5,5.3,48.5,0.0,0.64,0,0
2024-12-16,SES0085,P021,ST,8.2,5.9,71.4,49,2.9,1.0,6.1,49.8,0.1,0.641,0,0
2024-12-16,SES0085,P022,ST,9.5,6.3,71.1,49,1.4,1.0,5.6,51.7,7.2,0.651,60,0
2024-12-18,SES0086,P001,GK,6.8,3.3,72.3,57,6.3,6.2,4.1,52.0,5.4,0.577,30,0
2024-12-18,SES0086,P002,CB,6.1,4.6,48.7,61,7.3,5.1,1.5,49.1,6.3,0.589,90,0
2024-12-18,SES0086,P003,CB,7.0,4.8,61.8,59,5.7,5.5,1.5,49.4,6.4,0.603,80,0
2024-12-18,SES0086,P004,CB,7.4,8.5,62.9,54,6.0,4.5,4.9,50.9,1.9,0.59,0,0
2024-12-18,SES0086,P005,LB,9.4,4.0,54.4,55,4.2,4.3,4.9,49.1,2.6,0.733,60,0
2024-12-18,SES0086,P006,LB,6.6,3.9,66.7,63,4.3,4.4,4.0,47.7,0.9,0.678,90,0
2024-12-18,SES0086,P007,RB,6.9,4.2,64.6,52,3.7,3.7,3.7,50.5,2.6,0.585,60,0
2024-12-18,SES0086,P008,RB,6.7,4.6,52.9,63,7.4,5.3,2.5,49.1,7.3,0.52,30,0
2024-12-18,SES0086,P009,CDM,8.0,4.6,45.8,64,6.4,4.9,4.1,50.8,12.4,0.538,90,0
2024-12-18,SES0086,P010,CDM,7.9,4.7,51.4,57,5.4,5.2,4.0,47.6,4.8,0.662,0,0
2024-12-18,SES0086,P011,CM,6.5,5.9,51.2,60,4.5,3.2,4.1,48.6,0.0,0.57,0,0
2024-12-18,SES0086,P012,CM,7.0,6.2,60.9,60,6.6,4.1,2.8,51.4,2.0,0.608,80,0
2024-12-18,SES0086,P013,CM,8.0,6.1,58.7,58,6.0,4.6,4.2,45.4,6.5,0.606,80,0
2024-12-18,SES0086,P014,LW,7.0,4.8,48.0,57,5.6,6.4,3.0,49.8,7.1,0.641,80,0
2024-12-18,SES0086,P015,LW,4.7,5.4,53.2,56,6.3,5.2,5.3,46.9,6.3,0.656,30,0
2024-12-18,SES0086,P016,RW,7.4,4.8,67.3,58,5.8,3.9,3.7,47.7,5.7,0.612,60,0
2024-12-18,SES0086,P017,RW,6.0,5.0,55.6,56,6.2,4.5,1.0,46.8,4.2,0.528,30,0
2024-12-18,SES0086,P018,CAM,6.9,4.7,56.4,60,4.9,2.7,5.8,49.1,2.2,0.605,0,0
2024-12-18,SES0086,P019,CAM,9.2,3.1,46.9,53,4.5,3.6,4.5,53.0,2.4,0.661,80,0
2024-12-18,SES0086,P020,ST,8.1,4.8,66.6,62,5.5,3.6,5.0,54.3,5.2,0.595,90,0
2024-12-18,SES0086,P021,ST,7.6,5.1,47.2,65,5.2,4.4,5.5,45.8,5.9,0.62,0,0
2024-12-18,SES0086,P022,ST,7.3,3.7,61.4,59,4.5,2.7,1.7,52.1,2.1,0.672,0,0
2024-12-20,SES0087,P001,GK,7.3,6.8,55.5,61,5.6,5.0,6.7,55.1,3.9,0.655,60,0
2024-12-20,SES0087,P002,CB,8.3,6.1,58.0,54,1.3,1.0,3.2,49.8,7.8,0.719,0,0
2024-12-20,SES0087,P003,CB,7.0,7.4,68.4,60,3.4,2.6,6.4,48.4,8.9,0.728,90,0
2024-12-20,SES0087,P004,CB,9.5,7.7,70.0,51,3.8,3.6,3.8,50.7,4.2,0.695,90,0
2024-12-20,SES0087,P005,LB,8.2,8.1,58.9,50,3.2,2.4,6.7,51.8,4.4,0.682,0,0
2024-12-20,SES0087,P006,LB,8.2,8.1,62.5,55,2.2,1.4,6.4,51.8,5.9,0.604,60,0
2024-12-20,SES0087,P007,RB,6.5,4.5,69.5,56,4.8,4.2,4.8,46.5,0.4,0.609,30,0
2024-12-20,SES0087,P008,RB,6.8,9.0,73.1,64,4.2,3.1,4.4,53.0,2.3,0.57,30,0
2024-12-20,SES0087,P009,CDM,9.8,6.9,79.1,58,1.6,2.2,2.8,54.1,4.8,0.701,0,0
2024-12-20,SES0087,P010,CDM,9.2,7.7,71.2,57,1.7,1.0,5.3,54.5,6.3,0.697,30,0
2024-12-20,SES0087,P011,CM,7.4,9.2,62.3,57,4.5,4.2,4.4,48.6,6.3,0.582,30,0
2024-12-20,SES0087,P012,CM,7.7,6.1,66.2,55,5.0,4.1,2.4,45.7,5.5,0.592,80,0
2024-12-20,SES0087,P013,CM,6.9,7.5,47.3,65,3.8,2.1,4.1,54.5,0.8,0.684,60,0
2024-12-20,SES0087,P014,LW,8.2,7.9,60.7,57,3.8,2.8,4.7,50.3,6.7,0.573,30,0
2024-12-20,SES0087,P015,LW,7.9,5.3,68.0,60,4.3,2.2,4.7,44.0,1.3,0.655,30,0
2024-12-20,SES0087,P016,RW,6.8,9.2,65.2,56,4.4,5.6,4.9,58.6,4.1,0.68,80,0
2024-12-20,SES0087,P017,RW,6.9,7.6,54.1,58,3.0,3.4,4.2,56.6,8.2,0.599,0,0
2024-12-20,SES0087,P018,CAM,8.5,8.9,66.6,58,2.8,1.9,3.9,51.4,4.0,0.754,0,0
2024-12-20,SES0087,P019,CAM,7.5,8.4,72.3,58,3.8,4.6,2.8,48.8,2.1,0.589,60,0
2024-12-20,SES0087,P020,ST,8.3,6.8,58.9,50,2.2,1.9,7.0,47.8,3.3,0.635,90,0
2024-12-20,SES0087,P021,ST,10.0,6.9,69.0,58,1.1,1.7,4.2,56.0,2.3,0.714,80,0
2024-12-20,SES0087,P022,ST,7.0,6.8,68.8,53,3.4,4.0,5.7,51.7,0.0,0.663,0,0
2024-12-22,SES0088,P001,GK,8.0,5.7,59.7,60,5.2,3.8,5.1,57.2,2.8,0.677,90,0
2024-12-22,SES0088,P002,CB,8.6,4.0,52.0,61,4.0,4.5,6.1,51.4,4.6,0.718,30,0
2024-12-22,SES0088,P003,CB,6.3,5.1,35.9,64,4.6,3.0,5.7,49.8,3.0,0.53,60,0
2024-12-22,SES0088,P004,CB,7.7,4.7,66.9,54,2.8,2.1,7.2,55.1,5.3,0.655,30,1
2024-12-22,SES0088,P005,LB,6.5,3.9,57.1,62,6.1,2.9,6.7,51.7,5.1,0.542,60,0
2024-12-22,SES0088,P006,LB,8.6,5.3,52.9,64,5.7,3.8,2.1,43.2,7.9,0.504,80,0
2024-12-22,SES0088,P007,RB,8.6,6.0,72.8,60,2.7,3.2,4.2,49.4,0.5,0.665,60,0
2024-12-22,SES0088,P008,RB,6.9,5.8,70.6,60,4.0,3.9,5.0,53.1,5.3,0.681,80,0
2024-12-22,SES0088,P009,CDM,8.2,3.6,77.6,49,3.6,4.0,5.4,54.3,3.3,0.63,80,0
2024-12-22,SES0088,P010,CDM,5.2,6.4,68.1,64,4.6,4.1,1.6,50.1,4.4,0.636,60,0
2024-12-22,SES0088,P011,CM,7.5,3.8,68.6,59,4.0,2.0,3.7,48.4,3.6,0.686,90,0
2024-12-22,SES0088,P012,CM,6.6,2.9,58.7,58,5.4,3.8,4.8,43.3,7.5,0.68,30,0
2024-12-22,SES0088,P013,CM,9.1,3.3,65.2,58,4.2,2.9,2.2,55.2,5.7,0.629,30,0
2024-12-22,SES0088,P014,LW,7.1,4.6,58.7,58,5.7,4.6,2.9,53.4,3.7,0.55,80,0
2024-12-22,SES0088,P015,LW,8.5,2.2,62.1,60,4.0,3.4,2.2,49.0,0.1,0.64,30,1
2024-12-22,SES0088,P016,RW,7.2,3.2,53.9,53,4.7,4.6,4.1,57.9,9.8,0.572,0,0
2024-12-22,SES0088,P017,RW,5.1,5.4,71.6,55,3.9,2.3,5.9,54.6,2.1,0.648,60,0
2024-12-22,SES0088,P018,CAM,6.6,5.3,67.7,61,5.0,4.5,3.9,49.4,4.2,0.662,0,0
2024-12-22,SES0088,P019,CAM,6.7,5.4,55.5,58,5.3,3.2,1.0,53.0,10.3,0.67,80,0
2024-12-22,SES0088,P020,ST,8.3,6.8,72.1,61,4.1,4.4,5.3,54.8,1.2,0.635,30,0
2024-12-22,SES0088,P021,ST,6.8,5.0,53.2,57,5.5,4.8,1.6,44.7,7.8,0.599,60,0
2024-12-22,SES0088,P022,ST,8.5,3.0,56.5,56,4.0,3.5,1.9,50.3,7.1,0.57,60,0
2024-12-24,SES0089,P001,GK,10.0,8.9,70.8,52,1.7,1.0,3.7,48.7,6.3,0.654,0,0
2024-12-24,SES0089,P002,CB,7.4,8.1,58.5,53,2.1,1.8,5.7,54.5,4.5,0.639,90,0
2024-12-24,SES0089,P003,CB,8.2,8.2,72.7,49,1.0,2.0,2.0,49.8,8.2,0.736,80,0
2024-12-24,SES0089,P004,CB,8.2,8.8,75.1,58,1.1,1.0,4.6,48.2,6.6,0.709,30,0
2024-12-24,SES0089,P005,LB,9.1,9.9,74.0,48,2.4,2.3,3.9,52.1,4.8,0.693,60,0
2024-12-24,SES0089,P006,LB,9.1,10.0,76.7,51,1.0,1.0,4.0,54.0,3.0,0.571,60,0
2024-12-24,SES0089,P007,RB,7.9,10.0,72.2,50,2.8,2.6,4.9,51.9,9.0,0.672,30,0
2024-12-24,SES0089,P008,RB,7.8,9.6,58.9,57,3.1,3.0,7.7,55.1,6.1,0.648,60,0
2024-12-24,SES0089,P009,CDM,10.0,7.2,75.0,61,1.4,1.8,2.8,55.7,5.8,0.666,30,0
2024-12-24,SES0089,P010,CDM,9.7,7.1,73.6,52,1.4,1.5,3.9,51.3,3.2,0.736,60,0
2024-12-24,SES0089,P011,CM,10.0,9.9,72.0,54,1.0,1.0,3.7,46.3,4.4,0.696,60,0
2024-12-24,SES0089,P012,CM,8.8,6.5,80.2,56,1.0,1.1,6.3,57.3,1.8,0.71,0,0
2024-12-24,SES0089,P013,CM,8.0,8.4,70.1,56,3.4,3.0,3.8,51.6,4.2,0.679,80,0
2024-12-24,SES0089,P014,LW,9.9,10.0,68.4,55,1.0,1.5,4.5,56.8,5.6,0.669,90,0
2024-12-24,SES0089,P015,LW,9.4,9.8,84.5,59,1.4,1.8,4.9,56.4,10.4,0.685,60,0
2024-12-24,SES0089,P016,RW,6.7,8.9,67.2,48,1.0,1.0,4.9,52.0,4.8,0.725,0,0
2024-12-24,SES0089,P017,RW,7.1,7.9,50.1,54,1.9,1.9,3.1,50.6,6.5,0.69,90,0
2024-12-24,SES0089,P018,CAM,7.5,8.9,71.9,53,3.1,3.3,4.0,57.3,3.8,0.636,30,0
2024-12-24,SES0089,P019,CAM,7.6,6.5,51.9,53,1.5,1.0,5.2,51.8,3.4,0.703,30,0
2024-12-24,SES0089,P020,ST,8.3,8.8,57.3,51,1.8,1.4,5.6,47.6,3.4,0.718,30,0
2024-12-24,SES0089,P021,ST,7.3,9.3,66.5,51,2.7,1.7,6.9,49.2,7.2,0.573,0,0
2024-12-24,SES0089,P022,ST,7.3,9.0,63.2,53,3.0,1.0,5.6,45.2,1.8,0.65,60,0
2024-12-26,SES0090,P001,GK,4.2,4.9,55.7,63,8.2,7.1,3.3,43.9,3.9,0.541,0,0
2024-12-26,SES0090,P002,CB,5.8,6.0,54.4,68,6.9,4.3,5.5,49.2,3.6,0.547,0,0
2024-12-26,SES0090,P003,CB,6.7,6.0,65.2,54,6.2,2.9,5.4,50.3,7.4,0.68,0,0
2024-12-26,SES0090,P004,CB,7.1,5.4,62.2,54,4.6,5.2,1.4,45.3,4.6,0.594,30,0
2024-12-26,SES0090,P005,LB,5.8,5.2,60.5,63,9.0,8.2,4.0,46.0,3.9,0.522,30,0
2024-12-26,SES0090,P006,LB,4.9,5.1,49.2,63,8.1,4.7,4.7,45.0,2.3,0.594,30,0
2024-12-26,SES0090,P007,RB,5.8,6.5,59.3,56,7.2,8.0,3.9,46.9,3.3,0.525,80,0
2024-12-26,SES0090,P008,RB,9.1,5.6,58.4,50,5.0,3.5,3.8,53.3,1.5,0.625,0,0
2024-12-26,SES0090,P009,CDM,5.7,5.9,60.9,61,7.0,5.9,6.1,53.3,0.0,0.613,30,0
2024-12-26,SES0090,P010,CDM,4.4,4.7,58.4,61,6.9,4.4,8.2,52.0,0.4,0.603,60,0
2024-12-26,SES0090,P011,CM,5.9,7.2,60.6,64,5.5,4.3,6.3,44.2,5.8,0.609,0,0
2024-12-26,SES0090,P012,CM,6.9,6.3,63.7,58,5.8,5.5,2.9,56.9,0.0,0.562,30,0
2024-12-26,SES0090,P013,CM,5.3,3.5,54.2,63,6.3,4.7,6.8,47.8,3.0,0.607,0,0
2024-12-26,SES0090,P014,LW,4.3,3.4,64.3,61,7.5,5.8,1.5,43.2,3.6,0.649,90,0
2024-12-26,SES0090,P015,LW,7.8,4.8,64.7,55,5.3,4.4,1.1,48.5,4.2,0.601,60,0
2024-12-26,SES0090,P016,RW,8.8,5.5,52.2,57,5.7,3.2,4.0,47.0,5.5,0.651,0,0
2024-12-26,SES0090,P017,RW,7.4,6.8,37.6,62,6.1,5.1,3.2,43.6,3.9,0.634,30,0
2024-12-26,SES0090,P018,CAM,4.7,5.1,54.0,65,8.7,5.3,2.2,44.2,2.9,0.584,0,0
2024-12-26,SES0090,P019,CAM,6.3,4.6,37.8,65,6.7,5.4,6.0,44.5,3.9,0.553,30,0
2024-12-26,SES0090,P020,ST,6.4,6.0,54.7,67,6.4,5.2,7.9,51.1,4.3,0.637,80,0
2024-12-26,SES0090,P021,ST,5.7,4.1,52.0,66,7.8,6.1,6.0,50.5,0.6,0.628,80,0
2024-12-26,SES0090,P022,ST,4.4,5.0,45.2,56,7.3,5.6,5.3,46.9,5.7,0.561,90,0
2024-12-28,SES0091,P001,GK,4.1,4.7,45.0,58,9.9,7.4,4.8,41.8,3.6,0.513,75,0
2024-12-28,SES0091,P002,CB,5.6,4.5,50.9,66,9.4,7.3,3.1,46.2,3.1,0.574,90,0
2024-12-28,SES0091,P003,CB,7.0,3.6,52.9,65,8.4,7.0,4.9,44.2,0.0,0.548,75,0
2024-12-28,SES0091,P004,CB,4.9,6.1,58.4,55,7.4,7.6,7.4,49.3,4.8,0.522,75,0
2024-12-28,SES0091,P005,LB,3.5,4.3,57.6,60,9.7,8.5,5.1,49.4,5.2,0.488,60,0
2024-12-28,SES0091,P006,LB,7.1,1.7,48.7,63,7.1,4.9,4.5,48.5,4.5,0.511,60,0
2024-12-28,SES0091,P007,RB,5.3,2.2,59.5,69,8.2,7.9,5.7,52.1,2.4,0.546,90,0
2024-12-28,SES0091,P008,RB,7.3,2.1,62.1,66,7.3,7.0,4.6,50.1,6.6,0.561,90,0
2024-12-28,SES0091,P009,CDM,4.9,4.2,50.8,60,7.4,8.6,1.0,46.1,6.0,0.608,90,0
2024-12-28,SES0091,P010,CDM,5.9,4.2,37.6,64,7.8,7.0,1.0,46.9,6.7,0.504,60,0
2024-12-28,SES0091,P011,CM,6.0,3.7,57.0,66,7.9,5.7,2.0,51.3,1.4,0.539,90,0
2024-12-28,SES0091,P012,CM,5.3,3.4,64.4,69,8.3,7.7,4.2,47.8,7.0,0.549,75,0
2024-12-28,SES0091,P013,CM,6.4,1.0,66.4,62,6.4,4.9,4.3,52.4,2.9,0.575,90,0
2024-12-28,SES0091,P014,LW,3.3,3.5,56.6,65,7.1,5.7,3.9,50.1,3.3,0.676,60,0
2024-12-28,SES0091,P015,LW,3.6,4.8,56.3,65,9.0,7.0,4.6,41.1,0.2,0.562,60,0
2024-12-28,SES0091,P016,RW,5.5,4.0,71.2,68,8.1,3.8,6.8,40.7,3.0,0.548,0,0
2024-12-28,SES0091,P017,RW,5.5,3.4,56.7,61,7.2,4.1,7.0,49.7,3.6,0.511,75,0
2024-12-28,SES0091,P018,CAM,5.9,4.1,43.9,64,9.7,7.5,4.1,49.6,0.0,0.52,0,0
2024-12-28,SES0091,P019,CAM,6.4,4.8,48.8,65,7.9,6.6,3.2,48.9,4.6,0.626,60,0
2024-12-28,SES0091,P020,ST,5.5,4.0,54.7,66,10.0,7.8,3.7,41.9,0.0,0.468,75,0
2024-12-28,SES0091,P021,ST,3.5,4.3,62.4,70,9.2,6.3,3.3,49.6,4.0,0.611,90,0
2024-12-28,SES0091,P022,ST,6.2,4.0,43.4,67,6.8,5.5,1.8,43.8,7.2,0.568,75,0
2024-12-30,SES0092,P001,GK,5.5,7.0,54.4,62,5.0,5.3,5.3,50.5,4.7,0.602,30,0
2024-12-30,SES0092,P002,CB,6.2,7.7,65.0,59,3.6,3.2,8.5,51.9,3.0,0.671,0,0
2024-12-30,SES0092,P003,CB,8.2,5.6,69.0,62,4.4,2.8,5.9,49.0,4.8,0.638,90,0
2024-12-30,SES0092,P004,CB,9.5,5.4,73.2,59,2.3,3.3,4.7,56.1,4.3,0.655,30,0
2024-12-30,SES0092,P005,LB,6.2,6.0,71.5,61,4.1,2.8,4.7,49.7,1.7,0.647,80,0
2024-12-30,SES0092,P006,LB,7.7,6.6,67.8,60,2.7,1.9,2.5,46.5,4.4,0.561,60,0
2024-12-30,SES0092,P007,RB,9.0,5.6,56.8,57,2.1,2.6,5.2,49.4,2.7,0.727,30,0
2024-12-30,SES0092,P008,RB,6.3,7.0,61.5,58,4.4,3.8,2.6,49.0,4.2,0.589,0,1
2024-12-30,SES0092,P009,CDM,6.7,8.0,55.1,68,3.3,1.5,2.6,53.0,3.3,0.657,0,0
2024-12-30,SES0092,P010,CDM,6.4,6.1,56.3,62,5.3,4.0,3.5,57.8,0.0,0.711,0,0
2024-12-30,SES0092,P011,CM,6.8,6.9,54.6,57,4.4,3.4,6.2,46.9,3.0,0.699,80,0
2024-12-30,SES0092,P012,CM,8.3,6.8,67.9,58,4.6,3.3,4.6,43.6,4.2,0.593,0,0
2024-12-30,SES0092,P013,CM,5.2,6.2,60.1,51,4.6,4.7,5.1,50.9,3.4,0.696,80,1
2024-12-30,SES0092,P014,LW,7.4,6.2,59.8,55,4.1,2.0,6.2,53.5,4.0,0.586,0,0
2024-12-30,SES0092,P015,LW,7.7,7.3,49.9,60,4.5,4.1,4.4,50.0,5.4,0.626,30,0
2024-12-30,SES0092,P016,RW,7.1,7.8,55.3,63,5.8,2.0,5.9,51.4,2.1,0.598,60,0
2024-12-30,SES0092,P017,RW,9.7,5.7,72.2,59,3.2,3.0,5.6,61.1,2.2,0.618,0,0
2024-12-30,SES0092,P018,CAM,7.7,5.4,63.3,63,3.7,1.0,4.8,52.2,2.7,0.567,60,0
2024-12-30,SES0092,P019,CAM,6.6,6.4,76.8,62,3.5,2.5,6.8,50.8,2.8,0.62,60,0
2024-12-30,SES0092,P020,ST,8.1,5.4,53.3,54,1.4,1.0,5.8,57.8,3.6,0.642,0,0
2024-12-30,SES0092,P021,ST,7.5,5.9,62.2,63,5.2,3.5,3.3,57.1,4.4,0.556,90,0
2024-12-30,SES0092,P022,ST,7.1,5.7,36.8,64,6.1,5.4,3.7,49.2,3.3,0.592,30,0
2025-01-01,SES0093,P001,GK,6.8,6.7,83.7,56,1.4,1.1,5.2,53.1,2.9,0.712,60,0
2025-01-01,SES0093,P002,CB,9.3,5.8,71.1,56,3.4,4.7,6.4,49.3,5.1,0.632,30,0
2025-01-01,SES0093,P003,CB,8.7,7.3,61.9,52,2.2,2.0,1.0,54.6,1.9,0.587,90,0
2025-01-01,SES0093,P004,CB,9.2,4.9,76.2,49,1.0,1.0,3.0,54.0,6.2,0.693,0,0
2025-01-01,SES0093,P005,LB,8.8,5.4,87.1,58,1.9,1.0,5.6,56.0,6.0,0.647,60,0
2025-01-01,SES0093,P006,LB,8.6,7.3,73.8,47,2.6,3.4,4.6,53.1,10.3,0.579,30,0
2025-01-01,SES0093,P007,RB,7.9,7.5,63.2,63,5.0,3.6,5.5,45.2,2.0,0.694,30,0
2025-01-01,SES0093,P008,RB,5.8,5.4,69.4,52,5.2,4.6,1.5,47.9,9.8,0.591,60,0
2025-01-01,SES0093,P009,CDM,7.7,9.1,54.1,48,2.2,1.6,4.7,54.1,2.9,0.658,90,0
2025-01-01,SES0093,P010,CDM,9.8,6.2,58.8,56,1.7,1.0,4.1,56.2,9.0,0.711,80,1
2025-01-01,SES0093,P011,CM,9.2,5.5,72.6,55,1.9,1.6,4.0,55.7,4.1,0.662,90,0
2025-01-01,SES0093,P012,CM,7.2,4.9,75.1,59,3.3,1.1,4.0,49.1,2.0,0.65,60,0
2025-01-01,SES0093,P013,CM,7.5,6.8,61.1,67,5.6,6.5,6.4,53.4,5.6,0.724,0,0
2025-01-01,SES0093,P014,LW,9.2,4.5,87.9,48,1.1,1.0,7.3,49.0,2.7,0.648,80,0
2025-01-01,SES0093,P015,LW,7.9,8.4,74.3,53,1.6,1.1,4.4,52.0,4.4,0.647,0,0
2025-01-01,SES0093,P016,RW,8.2,5.7,67.5,54,4.4,2.6,5.1,50.8,0.0,0.647,60,0
2025-01-01,SES0093,P017,RW,9.1,7.7,67.6,57,3.3,2.3,4.7,39.7,2.0,0.578,60,0
2025-01-01,SES0093,P018,CAM,9.1,6.2,60.8,55,3.1,3.5,6.5,47.5,4.8,0.668,0,0
2025-01-01,SES0093,P019,CAM,8.3,7.0,71.0,59,2.5,1.9,3.5,48.9,3.5,0.753,80,0
2025-01-01,SES0093,P020,ST,6.7,6.3,61.1,47,4.0,3.5,4.3,48.6,0.2,0.651,30,0
2025-01-01,SES0093,P021,ST,10.0,7.5,78.7,57,1.3,1.2,3.1,51.8,4.3,0.671,60,0
2025-01-01,SES0093,P022,ST,8.9,4.3,76.4,61,1.6,1.1,5.4,48.3,4.3,0.677,60,0
2025-01-03,SES0094,P001,GK,5.7,6.2,56.7,62,7.6,6.8,2.9,47.7,0.0,0.549,0,0
2025-01-03,SES0094,P002,CB,4.8,3.6,53.5,56,7.2,6.2,3.3,51.2,5.1,0.601,30,0
2025-01-03,SES0094,P003,CB,5.3,5.0,54.8,68,7.0,4.4,3.5,39.5,5.5,0.561,30,0
2025-01-03,SES0094,P004,CB,8.0,5.8,47.4,54,6.5,4.2,3.4,46.5,4.9,0.597,0,0
2025-01-03,SES0094,P005,LB,4.5,5.7,51.9,70,7.9,6.0,4.8,47.8,0.8,0.567,80,0
2025-01-03,SES0094,P006,LB,5.5,5.6,44.9,60,7.8,6.9,2.8,46.6,5.5,0.531,0,0
2025-01-03,SES0094,P007,RB,6.8,4.5,52.6,67,5.9,4.1,3.3,51.7,5.7,0.572,60,0
2025-01-03,SES0094,P008,RB,5.4,5.4,51.7,67,7.4,5.2,5.7,55.8,7.9,0.644,80,0
2025-01-03,SES0094,P009,CDM,6.4,7.3,50.6,63,7.1,6.3,6.3,46.9,7.6,0.498,30,0
2025-01-03,SES0094,P010,CDM,4.5,5.1,59.4,67,6.7,5.4,8.4,47.5,5.6,0.542,80,0
2025-01-03,SES0094,P011,CM,6.4,3.6,64.6,63,6.5,6.3,7.5,48.1,3.5,0.612,30,0
2025-01-03,SES0094,P012,CM,6.0,4.8,55.2,60,6.2,2.9,1.4,46.5,2.7,0.628,0,0
2025-01-03,SES0094,P013,CM,5.5,4.7,68.4,56,5.8,4.0,5.0,51.7,1.8,0.548,60,0
2025-01-03,SES0094,P014,LW,7.4,3.8,48.8,67,5.4,3.4,6.1,50.4,2.2,0.629,30,0
2025-01-03,SES0094,P015,LW,7.9,3.2,62.7,56,6.1,5.3,4.3,47.0,6.4,0.677,0,0
2025-01-03,SES0094,P016,RW,4.5,3.7,35.0,57,9.6,8.3,5.2,45.0,5.0,0.607,0,0
2025-01-03,SES0094,P017,RW,4.3,4.0,52.5,61,6.2,4.9,2.8,53.6,2.5,0.637,60,0
2025-01-03,SES0094,P018,CAM,6.3,4.7,51.0,69,6.6,4.5,3.6,48.0,5.1,0.577,60,0
2025-01-03,SES0094,P019,CAM,4.5,2.8,61.3,58,7.0,6.5,5.3,52.0,4.0,0.552,90,0
2025-01-03,SES0094,P020,ST,3.4,3.7,49.5,64,7.6,4.0,3.9,53.8,4.6,0.601,0,0
2025-01-03,SES0094,P021,ST,6.9,3.3,50.1,61,5.8,2.9,6.7,48.7,1.6,0.528,60,0
2025-01-03,SES0094,P022,ST,4.8,5.8,51.7,66,9.2,7.8,5.0,47.3,0.0,0.542,90,0
2025-01-05,SES0095,P001,GK,9.1,4.3,57.0,55,3.7,3.5,4.9,55.1,3.1,0.597,0,0
2025-01-05,SES0095,P002,CB,8.7,3.8,76.8,49,2.5,4.5,2.7,58.7,3.1,0.555,30,0
2025-01-05,SES0095,P003,CB,9.4,7.5,72.4,53,1.2,1.0,2.9,53.5,0.0,0.656,60,0
2025-01-05,SES0095,P004,CB,6.4,4.4,51.6,60,4.2,4.8,4.1,55.1,0.0,0.632,60,0
2025-01-05,SES0095,P005,LB,6.0,6.6,69.2,61,4.3,1.9,2.0,47.3,5.9,0.714,60,0
2025-01-05,SES0095,P006,LB,7.4,6.2,56.6,56,3.7,3.7,4.0,51.3,4.7,0.695,60,0
2025-01-05,SES0095,P007,RB,9.0,6.1,77.5,48,1.0,1.0,3.0,53.2,3.5,0.702,60,0
2025-01-05,SES0095,P008,RB,10.0,9.4,76.8,59,1.0,1.4,7.4,55.2,0.0,0.658,90,0
2025-01-05,SES0095,P009,CDM,7.8,8.8,60.8,55,2.7,2.5,2.7,49.8,7.2,0.665,60,0
2025-01-05,SES0095,P010,CDM,6.0,5.4,79.1,54,4.4,4.1,5.1,51.2,2.7,0.63,60,0
2025-01-05,SES0095,P011,CM,9.7,6.0,65.2,59,2.4,3.4,3.3,57.6,6.8,0.665,90,0
2025-01-05,SES0095,P012,CM,8.3,7.8,91.2,56,1.4,2.8,4.4,56.1,3.1,0.705,30,0
2025-01-05,SES0095,P013,CM,8.0,5.3,58.6,61,4.7,4.4,3.0,53.5,4.6,0.65,80,0
2025-01-05,SES0095,P014,LW,8.9,6.8,67.8,55,2.4,1.5,3.9,48.7,4.5,0.568,30,0
2025-01-05,SES0095,P015,LW,8.4,5.3,59.6,57,3.2,1.0,1.1,52.6,4.4,0.571,0,0
2025-01-05,SES0095,P016,RW,9.3,6.7,75.6,58,2.8,2.1,2.3,46.5,0.8,0.629,0,0
2025-01-05,SES0095,P017,RW,8.2,7.1,80.5,57,1.2,2.2,4.6,53.0,2.2,0.667,30,0
2025-01-05,SES0095,P018,CAM,8.3,6.7,67.4,56,3.5,4.5,5.9,45.8,4.4,0.652,0,0
2025-01-05,SES0095,P019,CAM,8.1,4.5,70.6,59,2.4,1.0,9.3,46.6,5.6,0.666,0,0
2025-01-05,SES0095,P020,ST,9.1,5.8,61.5,52,2.5,3.7,2.7,54.9,5.0,0.726,0,0
2025-01-05,SES0095,P021,ST,8.1,7.0,67.6,54,3.0,1.9,3.1,46.8,3.9,0.663,80,0
2025-01-05,SES0095,P022,ST,8.5,5.4,58.0,55,3.5,4.6,1.9,43.8,2.9,0.747,90,0
2025-01-07,SES0096,P001,GK,6.1,6.7,61.8,53,4.3,3.6,5.4,50.3,2.8,0.646,60,0
2025-01-07,SES0096,P002,CB,9.2,7.9,77.1,55,1.0,1.1,5.1,51.7,2.5,0.667,0,0
2025-01-07,SES0096,P003,CB,9.5,9.8,71.3,56,1.1,1.0,4.5,54.3,3.9,0.77,0,0
2025-01-07,SES0096,P004,CB,10.0,5.6,73.7,51,1.9,1.2,5.5,55.6,1.2,0.695,80,0
2025-01-07,SES0096,P005,LB,7.5,7.4,71.6,56,3.5,3.2,6.0,49.2,3.9,0.583,0,0
2025-01-07,SES0096,P006,LB,9.5,8.4,61.1,49,1.0,1.6,4.2,56.4,2.7,0.661,30,0
2025-01-07,SES0096,P007,RB,9.5,7.7,69.3,52,2.6,1.2,3.8,52.9,4.4,0.632,30,0
2025-01-07,SES0096,P008,RB,5.7,8.0,61.1,61,3.4,2.2,3.8,45.3,9.2,0.672,30,0
2025-01-07,SES0096,P009,CDM,7.8,8.6,68.8,54,1.5,2.2,3.5,50.4,2.6,0.732,60,0
2025-01-07,SES0096,P010,CDM,7.4,6.9,69.8,61,2.8,2.6,3.7,44.8,3.0,0.566,60,0
2025-01-07,SES0096,P011,CM,8.0,5.9,77.7,54,1.0,1.0,3.9,58.7,4.6,0.664,60,0
2025-01-07,SES0096,P012,CM,10.0,8.5,75.5,59,1.0,1.0,3.6,56.9,4.3,0.702,0,0
2025-01-07,SES0096,P013,CM,8.8,7.0,55.6,52,1.8,1.4,4.3,57.6,4.6,0.72,60,0
2025-01-07,SES0096,P014,LW,8.5,7.6,73.1,58,2.0,1.6,1.9,51.1,9.0,0.651,30,0
2025-01-07,SES0096,P015,LW,10.0,8.8,64.2,53,2.3,1.5,5.7,52.9,2.1,0.602,30,0
2025-01-07,SES0096,P016,RW,8.4,9.5,66.1,52,1.2,1.0,2.1,56.4,7.3,0.676,80,0
2025-01-07,SES0096,P017,RW,8.5,7.3,79.9,53,1.9,2.1,5.9,48.2,2.8,0.664,60,0
2025-01-07,SES0096,P018,CAM,9.6,7.3,60.0,51,2.8,2.6,3.6,48.0,4.9,0.738,60,0
2025-01-07,SES0096,P019,CAM,7.2,8.8,62.0,58,4.8,3.7,7.5,45.3,8.1,0.623,0,0
2025-01-07,SES0096,P020,ST,6.9,8.8,77.4,58,2.5,1.0,3.8,56.4,3.4,0.789,30,1
2025-01-07,SES0096,P021,ST,6.8,6.7,63.7,55,1.9,2.3,6.1,57.0,2.6,0.703,30,0
2025-01-07,SES0096,P022,ST,7.8,6.9,65.2,63,2.2,2.3,7.1,54.4,1.9,0.713,80,0
2025-01-09,SES0097,P001,GK,10.0,6.9,70.5,54,1.0,1.4,5.4,50.1,4.3,0.642,60,0
2025-01-09,SES0097,P002,CB,10.0,6.6,71.2,53,1.0,1.0,6.0,51.4,0.8,0.768,90,0
2025-01-09,SES0097,P003,CB,9.2,6.8,68.3,54,1.0,1.0,5.7,49.0,0.0,0.807,0,0
2025-01-09,SES0097,P004,CB,6.9,7.3,68.0,53,2.0,1.0,1.6,50.5,2.0,0.638,60,0
2025-01-09,SES0097,P005,LB,9.0,8.0,61.9,46,1.2,1.8,1.9,49.9,5.1,0.768,0,0
2025-01-09,SES0097,P006,LB,8.4,8.7,54.2,60,1.2,1.0,1.0,59.4,7.0,0.682,80,0
2025-01-09,SES0097,P007,RB,8.3,10.0,77.5,57,1.0,1.0,4.4,48.5,2.7,0.744,80,0
2025-01-09,SES0097,P008,RB,9.2,9.6,63.9,49,1.0,1.0,2.3,49.2,5.9,0.73,30,0
2025-01-09,SES0097,P009,CDM,8.4,8.4,75.7,57,2.5,1.9,5.6,54.3,2.3,0.574,0,0
2025-01-09,SES0097,P010,CDM,9.1,5.9,66.5,50,1.5,1.0,4.7,56.5,0.3,0.68,60,0
2025-01-09,SES0097,P011,CM,9.4,7.4,81.4,60,1.0,1.0,1.8,55.5,7.2,0.743,60,0
2025-01-09,SES0097,P012,CM,8.4,8.3,69.6,55,2.5,1.8,4.0,50.8,1.6,0.696,30,0
2025-01-09,SES0097,P013,CM,9.1,9.9,62.5,51,1.3,1.0,4.2,49.2,4.6,0.715,60,0
2025-01-09,SES0097,P014,LW,10.0,8.4,70.5,48,1.4,2.3,4.1,55.3,5.3,0.703,60,0
2025-01-09,SES0097,P015,LW,9.5,8.0,67.2,48,2.3,1.0,7.4,51.3,0.8,0.712,0,0
2025-01-09,SES0097,P016,RW,7.8,7.6,68.8,50,1.0,1.1,6.1,49.5,3.3,0.702,60,0
2025-01-09,SES0097,P017,RW,7.9,8.5,68.2,57,1.4,1.0,4.9,55.6,2.9,0.649,0,0
2025-01-09,SES0097,P018,CAM,10.0,8.7,92.2,59,1.0,1.0,1.1,52.0,5.1,0.706,30,0
2025-01-09,SES0097,P019,CAM,10.0,5.8,67.5,56,2.4,2.2,4.4,51.0,5.7,0.69,90,0
2025-01-09,SES0097,P020,ST,9.3,8.3,68.2,47,1.0,1.0,4.2,54.4,4.4,0.758,0,0
2025-01-09,SES0097,P021,ST,9.2,9.3,74.6,50,2.3,1.0,4.3,54.2,6.2,0.627,90,0
2025-01-09,SES0097,P022,ST,10.0,6.7,80.9,56,1.0,2.4,4.9,55.3,4.8,0.612,60,0
2025-01-11,SES0098,P001,GK,5.1,2.7,44.3,66,8.3,6.1,5.7,45.2,6.5,0.632,0,0
2025-01-11,SES0098,P002,CB,5.7,6.2,49.6,66,7.2,4.2,4.0,47.1,10.0,0.622,0,0
2025-01-11,SES0098,P003,CB,5.5,6.8,41.4,64,9.3,7.1,2.8,45.2,5.7,0.48,0,0
2025-01-11,SES0098,P004,CB,5.3,4.1,48.5,66,8.9,8.0,2.7,49.2,1.3,0.485,0,0
2025-01-11,SES0098,P005,LB,5.1,4.0,48.2,71,10.0,9.0,4.9,38.6,3.4,0.4,0,0
2025-01-11,SES0098,P006,LB,5.9,5.1,67.2,57,5.3,4.1,5.6,52.6,4.5,0.594,80,0
2025-01-11,SES0098,P007,RB,6.3,3.9,58.7,59,6.5,7.2,4.5,47.7,7.8,0.596,0,0
2025-01-11,SES0098,P008,RB,5.0,2.4,46.2,59,7.3,6.5,4.5,49.4,2.6,0.656,30,0
2025-01-11,SES0098,P009,CDM,5.5,5.3,44.5,60,9.2,7.1,4.2,46.7,0.2,0.576,90,0
2025-01-11,SES0098,P010,CDM,5.3,5.1,58.7,58,7.2,6.3,5.7,50.7,6.2,0.59,0,0
2025-01-11,SES0098,P011,CM,3.1,3.4,57.4,71,8.8,8.3,6.8,48.2,3.5,0.56,90,0
2025-01-11,SES0098,P012,CM,4.6,6.0,51.0,63,7.4,5.1,2.9,46.3,2.0,0.591,60,0
2025-01-11,SES0098,P013,CM,7.5,5.9,46.4,65,7.9,5.8,1.5,48.5,3.7,0.46,60,0
2025-01-11,SES0098,P014,LW,7.6,4.3,51.4,61,6.3,4.9,6.5,46.7,5.9,0.551,60,0
2025-01-11,SES0098,P015,LW,7.4,4.5,38.9,66,7.3,6.3,4.8,49.5,3.1,0.59,80,0
2025-01-11,SES0098,P016,RW,4.4,4.2,72.4,70,7.7,7.0,3.9,45.0,4.3,0.536,0,0
2025-01-11,SES0098,P017,RW,3.7,4.1,35.0,64,9.4,8.1,1.3,39.0,3.4,0.605,80,0
2025-01-11,SES0098,P018,CAM,7.8,4.3,57.3,57,5.8,4.7,2.4,53.6,8.4,0.65,30,1
2025-01-11,SES0098,P019,CAM,3.4,3.3,45.1,64,8.9,6.4,4.8,43.6,1.4,0.558,0,0
2025-01-11,SES0098,P020,ST,6.5,1.9,67.5,60,5.9,4.2,1.0,47.4,2.2,0.576,60,0
2025-01-11,SES0098,P021,ST,6.0,2.3,46.5,60,6.9,5.7,2.4,54.7,5.9,0.559,30,0
2025-01-11,SES0098,P022,ST,3.2,4.4,43.7,67,10.0,7.2,5.2,46.0,5.6,0.487,90,0
2025-01-13,SES0099,P001,GK,5.8,1.8,78.7,53,4.6,2.5,3.5,56.3,1.9,0.668,30,0
2025-01-13,SES0099,P002,CB,7.2,4.2,63.0,51,2.8,2.6,2.6,61.3,4.5,0.565,80,0
2025-01-13,SES0099,P003,CB,6.8,1.0,63.4,49,2.9,4.0,4.0,48.8,8.4,0.677,0,0
2025-01-13,SES0099,P004,CB,8.9,2.6,69.7,59,2.2,1.5,4.1,50.5,1.9,0.635,30,0
2025-01-13,SES0099,P005,LB,10.0,3.7,67.7,61,3.0,1.9,4.1,48.0,4.0,0.691,30,0
2025-01-13,SES0099,P006,LB,9.6,3.0,48.6,55,2.8,2.8,5.1,50.0,2.0,0.589,30,0
2025-01-13,SES0099,P007,RB,7.4,3.3,86.5,56,1.2,1.0,3.7,53.8,7.1,0.708,80,0
2025-01-13,SES0099,P008,RB,8.9,2.1,53.1,55,3.1,1.5,3.7,52.7,4.0,0.656,60,0
2025-01-13,SES0099,P009,CDM,8.5,2.2,74.5,66,2.7,1.0,3.5,48.0,6.3,0.631,0,0
2025-01-13,SES0099,P010,CDM,7.5,1.0,60.2,57,3.5,3.2,5.0,45.4,2.3,0.641,0,0
2025-01-13,SES0099,P011,CM,8.9,2.7,78.4,56,5.6,5.8,3.2,45.4,2.9,0.614,90,0
2025-01-13,SES0099,P012,CM,5.8,1.9,49.8,58,5.5,3.7,2.0,47.5,1.0,0.609,60,0
2025-01-13,SES0099,P013,CM,8.4,3.2,74.5,60,2.8,2.6,8.1,52.5,4.2,0.67,30,0
2025-01-13,SES0099,P014,LW,6.7,3.3,49.5,58,3.6,3.9,7.0,48.2,3.5,0.699,60,0
2025-01-13,SES0099,P015,LW,7.1,4.3,68.4,55,3.0,1.0,5.1,51.3,4.1,0.6,60,0
2025-01-13,SES0099,P016,RW,7.0,3.5,62.7,58,3.2,2.4,4.3,56.8,0.1,0.594,60,0
2025-01-13,SES0099,P017,RW,7.6,3.9,71.7,60,3.8,3.0,3.1,48.4,1.1,0.603,0,0
2025-01-13,SES0099,P018,CAM,7.6,2.5,74.1,64,3.9,4.6,2.5,49.6,3.6,0.613,30,0
2025-01-13,SES0099,P019,CAM,8.3,1.4,59.9,52,3.7,1.9,3.6,43.7,9.5,0.702,0,0
2025-01-13,SES0099,P020,ST,9.8,3.3,70.5,53,2.8,1.6,5.1,52.8,4.2,0.568,60,0
2025-01-13,SES0099,P021,ST,8.5,1.8,75.0,53,3.5,4.0,6.0,48.7,7.0,0.648,90,0
2025-01-13,SES0099,P022,ST,8.7,1.3,68.3,54,3.9,2.8,6.8,55.0,3.2,0.588,0,0
2025-01-15,SES0100,P001,GK,6.9,5.1,56.5,62,3.6,4.8,4.1,53.4,3.7,0.69,0,0
2025-01-15,SES0100,P002,CB,6.5,6.4,54.9,59,3.2,1.2,5.0,54.8,3.8,0.692,80,0
2025-01-15,SES0100,P003,CB,8.8,6.1,76.8,57,2.2,2.2,4.9,48.9,2.8,0.677,30,0
2025-01-15,SES0100,P004,CB,6.3,6.9,53.9,62,4.8,3.7,3.6,49.2,9.0,0.628,80,0
2025-01-15,SES0100,P005,LB,7.0,7.3,54.9,54,3.7,3.8,4.4,53.8,5.7,0.598,0,0
2025-01-15,SES0100,P006,LB,6.7,8.4,75.3,54,2.2,2.7,1.7,50.1,5.9,0.694,0,0
2025-01-15,SES0100,P007,RB,6.5,7.2,63.4,62,3.5,4.8,3.5,51.6,3.5,0.689,60,0
2025-01-15,SES0100,P008,RB,6.5,6.1,65.7,63,2.9,3.6,4.8,51.9,4.5,0.661,0,0
2025-01-15,SES0100,P009,CDM,9.2,8.7,75.5,59,2.7,2.6,4.7,59.1,4.4,0.666,30,0
2025-01-15,SES0100,P010,CDM,8.6,6.7,60.3,56,2.8,1.0,3.0,52.3,2.5,0.574,60,0
2025-01-15,SES0100,P011,CM,7.9,8.3,54.4,58,4.8,4.4,7.4,54.5,5.1,0.627,30,0
2025-01-15,SES0100,P012,CM,7.3,6.8,72.3,59,2.3,1.9,5.1,53.6,0.3,0.612,30,0
2025-01-15,SES0100,P013,CM,6.4,10.0,75.7,55,2.9,2.8,6.5,51.0,2.3,0.672,30,0
2025-01-15,SES0100,P014,LW,8.5,6.4,41.8,56,5.2,3.6,4.4,53.3,7.5,0.6,0,0
2025-01-15,SES0100,P015,LW,6.5,9.7,58.1,53,4.3,5.3,2.0,47.6,3.5,0.616,60,0
2025-01-15,SES0100,P016,RW,5.6,4.8,74.4,57,4.2,3.3,5.1,54.6,9.3,0.572,0,0
2025-01-15,SES0100,P017,RW,5.6,7.6,69.8,61,2.5,1.0,1.8,56.5,0.8,0.643,0,0
2025-01-15,SES0100,P018,CAM,8.0,6.6,70.2,60,3.8,1.3,9.0,55.6,2.5,0.732,0,0
2025-01-15,SES0100,P019,CAM,7.1,4.1,73.5,60,3.2,2.8,5.0,50.8,1.8,0.663,90,0
2025-01-15,SES0100,P020,ST,9.1,4.6,69.2,53,1.1,1.0,3.8,51.4,4.4,0.753,60,0
2025-01-15,SES0100,P021,ST,8.7,7.7,63.6,55,2.2,1.8,4.3,50.0,7.4,0.712,30,0
2025-01-15,SES0100,P022,ST,9.9,4.4,62.0,64,1.6,1.0,1.5,50.9,5.9,0.63,60,0
2025-01-17,SES0101,P001,GK,7.9,5.0,52.2,64,4.6,3.4,2.6,49.1,9.4,0.631,0,0
2025-01-17,SES0101,P002,CB,6.3,6.1,80.7,56,4.3,3.3,5.2,52.8,0.8,0.621,60,0
2025-01-17,SES0101,P003,CB,7.2,5.8,50.6,64,4.2,4.3,5.2,47.4,5.3,0.657,0,0
2025-01-17,SES0101,P004,CB,6.8,8.7,69.3,55,4.6,2.7,5.0,45.8,2.4,0.632,60,0
2025-01-17,SES0101,P005,LB,9.1,5.7,78.2,56,1.9,1.0,6.4,54.1,4.4,0.716,80,0
2025-01-17,SES0101,P006,LB,7.1,6.9,73.1,61,3.6,3.2,6.1,50.8,5.7,0.7,0,0
2025-01-17,SES0101,P007,RB,5.3,6.9,51.8,61,6.4,5.5,4.3,53.0,6.0,0.688,80,0
2025-01-17,SES0101,P008,RB,8.6,8.4,67.3,56,2.8,1.1,3.2,55.8,9.1,0.664,80,0
2025-01-17,SES0101,P009,CDM,8.6,9.0,63.4,56,3.7,4.4,3.1,53.7,4.1,0.649,60,0
2025-01-17,SES0101,P010,CDM,9.1,7.5,71.2,53,2.6,2.4,2.3,54.3,2.4,0.721,30,0
2025-01-17,SES0101,P011,CM,7.5,7.6,59.1,48,2.5,1.0,3.0,48.0,6.5,0.634,80,0
2025-01-17,SES0101,P012,CM,8.5,4.5,58.0,55,2.2,2.3,4.8,50.2,7.2,0.642,0,0
2025-01-17,SES0101,P013,CM,7.5,6.8,73.3,58,2.7,1.4,4.3,54.5,5.6,0.622,60,0
2025-01-17,SES0101,P014,LW,6.6,7.1,68.0,52,4.8,3.5,5.0,55.0,4.3,0.594,0,0
2025-01-17,SES0101,P015,LW,10.0,7.1,77.7,58,2.6,1.0,6.5,52.2,2.5,0.602,60,0
2025-01-17,SES0101,P016,RW,7.3,6.4,63.3,60,3.2,2.1,5.7,53.8,4.7,0.715,0,0
2025-01-17,SES0101,P017,RW,7.5,7.3,57.6,57,2.0,1.5,2.4,54.8,1.4,0.729,0,0
2025-01-17,SES0101,P018,CAM,5.9,6.4,73.5,59,6.1,5.9,3.8,49.5,9.8,0.518,0,0
2025-01-17,SES0101,P019,CAM,6.8,6.4,63.5,61,4.5,4.5,3.0,47.9,10.9,0.664,0,0
2025-01-17,SES0101,P020,ST,8.9,9.8,69.0,50,3.0,3.7,5.3,50.9,6.3,0.638,0,0
2025-01-17,SES0101,P021,ST,7.8,6.2,75.6,58,1.7,1.0,3.5,48.6,3.2,0.687,80,0
2025-01-17,SES0101,P022,ST,8.1,6.9,52.7,61,3.7,4.6,4.7,51.6,1.8,0.699,90,0
2025-01-19,SES0102,P001,GK,8.7,9.4,58.0,53,3.0,3.4,1.6,48.5,4.6,0.559,30,0
2025-01-19,SES0102,P002,CB,7.8,9.4,63.0,56,2.3,2.5,2.7,55.8,0.7,0.611,30,0
2025-01-19,SES0102,P003,CB,8.6,8.9,66.0,67,3.9,2.0,5.3,50.1,6.8,0.57,30,0
2025-01-19,SES0102,P004,CB,8.2,9.3,73.6,54,3.7,3.2,3.1,52.5,0.0,0.632,0,0
2025-01-19,SES0102,P005,LB,7.5,8.6,52.4,57,2.8,2.0,4.2,53.1,1.5,0.637,30,0
2025-01-19,SES0102,P006,LB,7.5,8.3,63.4,65,4.9,2.2,6.7,48.7,5.1,0.634,0,0
2025-01-19,SES0102,P007,RB,10.0,8.2,85.3,54,2.2,3.0,5.4,51.3,1.4,0.682,0,0
2025-01-19,SES0102,P008,RB,8.4,9.0,60.7,51,1.2,2.0,4.8,50.0,4.1,0.611,60,0
2025-01-19,SES0102,P009,CDM,5.8,9.3,59.2,61,5.0,3.5,7.7,48.2,4.2,0.715,0,0
2025-01-19,SES0102,P010,CDM,9.5,8.9,61.8,54,1.6,2.3,2.2,48.4,1.3,0.743,60,0
2025-01-19,SES0102,P011,CM,8.3,9.1,56.7,62,4.7,4.4,3.2,52.6,0.8,0.702,0,0
2025-01-19,SES0102,P012,CM,8.4,8.2,85.4,63,2.7,3.3,3.7,52.3,0.6,0.7,80,0
2025-01-19,SES0102,P013,CM,8.8,9.0,67.8,56,1.2,1.0,2.5,50.2,3.4,0.741,30,0
2025-01-19,SES0102,P014,LW,7.7,6.5,71.0,53,2.8,2.0,4.4,48.8,5.0,0.686,30,0
2025-01-19,SES0102,P015,LW,9.5,9.5,61.7,53,1.0,1.0,1.9,49.0,5.2,0.679,0,0
2025-01-19,SES0102,P016,RW,7.3,9.2,84.2,57,1.0,1.3,3.3,50.8,4.2,0.601,60,0
2025-01-19,SES0102,P017,RW,7.4,8.9,64.9,54,3.9,3.7,4.1,46.8,4.0,0.671,60,1
2025-01-19,SES0102,P018,CAM,9.5,8.6,64.0,50,1.0,1.0,3.8,58.9,2.1,0.725,0,0
2025-01-19,SES0102,P019,CAM,6.6,9.4,73.8,67,3.5,2.7,4.5,45.7,7.5,0.627,90,0
2025-01-19,SES0102,P020,ST,7.9,9.0,52.4,60,3.0,1.2,5.9,52.7,5.9,0.725,30,0
2025-01-19,SES0102,P021,ST,9.6,9.2,60.2,53,1.7,1.0,1.4,55.2,0.2,0.74,80,0
2025-01-19,SES0102,P022,ST,7.3,7.7,68.3,53,1.9,1.4,6.9,59.4,4.4,0.693,0,0
2025-01-21,SES0103,P001,GK,6.5,3.5,58.7,64,6.2,6.2,4.7,53.5,3.9,0.655,45,0
2025-01-21,SES0103,P002,CB,6.4,7.6,55.8,64,6.2,4.3,4.6,55.4,5.6,0.624,45,0
2025-01-21,SES0103,P003,CB,7.8,6.0,52.1,58,6.0,5.1,6.1,53.7,2.6,0.611,90,0
2025-01-21,SES0103,P004,CB,5.7,5.5,57.4,60,5.8,4.7,5.3,59.5,2.8,0.6,90,0
2025-01-21,SES0103,P005,LB,6.4,8.3,42.2,70,7.5,6.7,3.4,52.4,3.1,0.604,90,0
2025-01-21,SES0103,P006,LB,6.0,7.6,40.2,71,6.3,4.7,5.0,48.2,0.0,0.602,45,0
2025-01-21,SES0103,P007,RB,6.2,7.3,64.4,59,5.4,3.4,3.1,48.5,2.4,0.571,75,0
2025-01-21,SES0103,P008,RB,5.3,9.1,54.2,65,6.6,4.5,6.6,50.7,3.7,0.566,45,0
2025-01-21,SES0103,P009,CDM,5.8,7.5,63.3,71,8.3,4.5,6.0,42.4,6.5,0.644,90,0
2025-01-21,SES0103,P010,CDM,5.5,6.7,60.5,57,6.1,5.4,5.1,48.8,2.6,0.642,90,0
2025-01-21,SES0103,P011,CM,5.0,4.2,49.6,66,8.0,7.3,3.7,44.9,1.1,0.471,90,0
2025-01-21,SES0103,P012,CM,5.2,6.8,60.1,68,6.8,6.4,4.6,51.8,0.8,0.639,75,0
2025-01-21,SES0103,P013,CM,4.4,7.7,44.0,65,8.0,8.4,3.8,49.0,3.6,0.541,90,0
2025-01-21,SES0103,P014,LW,5.8,6.8,47.0,60,7.2,5.5,8.1,48.3,3.5,0.538,0,0
2025-01-21,SES0103,P015,LW,5.7,6.7,56.0,58,5.5,6.3,4.7,44.3,7.9,0.581,90,0
2025-01-21,SES0103,P016,RW,7.2,6.6,68.0,60,4.7,4.4,3.4,51.3,7.7,0.601,45,0
2025-01-21,SES0103,P017,RW,6.9,5.1,48.8,60,5.2,3.9,5.9,51.8,0.3,0.59,0,0
2025-01-21,SES0103,P018,CAM,5.8,7.5,56.3,67,6.6,3.1,2.8,45.8,3.1,0.595,75,0
2025-01-21,SES0103,P019,CAM,5.5,5.5,61.3,64,7.2,4.9,6.6,49.2,4.9,0.599,60,0
2025-01-21,SES0103,P020,ST,7.3,7.0,65.6,59,5.6,3.6,5.8,53.4,3.3,0.609,75,0
2025-01-21,SES0103,P021,ST,6.2,5.5,42.1,62,8.5,6.1,4.8,47.8,2.0,0.594,0,0
2025-01-21,SES0103,P022,ST,6.5,5.2,56.0,65,5.7,4.6,3.5,54.0,3.2,0.597,45,0
2025-01-23,SES0104,P001,GK,4.6,1.0,50.7,64,8.0,7.1,3.3,48.2,5.7,0.548,90,0
2025-01-23,SES0104,P002,CB,5.4,2.3,52.7,61,7.7,7.7,3.3,54.3,5.9,0.51,90,0
2025-01-23,SES0104,P003,CB,4.0,1.0,58.7,65,9.6,8.8,4.7,45.2,3.7,0.451,45,0
2025-01-23,SES0104,P004,CB,5.0,3.2,57.5,65,9.1,6.1,3.0,46.1,3.0,0.565,90,1
2025-01-23,SES0104,P005,LB,6.4,3.4,48.6,64,8.4,7.1,3.9,47.5,0.6,0.532,90,0
2025-01-23,SES0104,P006,LB,6.1,4.3,38.0,68,7.3,6.4,5.4,44.5,3.9,0.539,45,0
2025-01-23,SES0104,P007,RB,5.9,1.9,45.1,59,8.0,6.2,3.0,47.9,4.5,0.469,45,0
2025-01-23,SES0104,P008,RB,4.3,1.0,72.6,65,7.4,5.9,3.2,49.0,5.3,0.547,75,0
2025-01-23,SES0104,P009,CDM,5.2,2.7,40.7,59,7.6,7.0,7.3,48.9,6.5,0.624,45,0
2025-01-23,SES0104,P010,CDM,4.8,1.0,54.8,69,9.9,8.7,5.0,48.2,1.4,0.543,45,0
2025-01-23,SES0104,P011,CM,5.5,1.0,53.8,65,7.8,5.9,4.6,51.1,6.2,0.561,75,0
2025-01-23,SES0104,P012,CM,6.9,2.9,49.9,61,6.6,5.5,6.5,49.7,4.1,0.574,75,0
2025-01-23,SES0104,P013,CM,6.0,3.8,56.7,74,8.2,7.8,8.2,51.2,1.9,0.568,0,0
2025-01-23,SES0104,P014,LW,4.6,3.8,41.2,69,7.3,6.2,3.0,46.2,0.9,0.561,90,0
2025-01-23,SES0104,P015,LW,7.5,3.4,51.3,62,7.9,7.2,7.6,43.8,3.1,0.507,90,0
2025-01-23,SES0104,P016,RW,5.8,1.0,51.2,64,6.3,5.1,6.2,45.7,5.4,0.635,75,0
2025-01-23,SES0104,P017,RW,9.7,1.4,61.1,62,6.7,5.5,4.3,51.0,2.5,0.599,75,0
2025-01-23,SES0104,P018,CAM,3.0,1.0,39.7,63,9.0,6.8,2.2,45.9,4.9,0.575,0,0
2025-01-23,SES0104,P019,CAM,4.4,1.0,50.7,62,9.8,8.6,5.3,39.8,2.0,0.545,75,0
2025-01-23,SES0104,P020,ST,5.2,1.9,55.5,55,7.0,5.1,5.9,46.6,14.0,0.503,45,0
2025-01-23,SES0104,P021,ST,5.6,2.2,53.5,60,7.6,7.2,7.1,46.0,1.5,0.531,45,0
2025-01-23,SES0104,P022,ST,3.1,2.7,35.0,73,9.7,7.2,6.0,42.8,4.9,0.536,75,0
2025-01-25,SES0105,P001,GK,8.2,3.5,71.9,56,3.4,1.3,4.3,49.0,3.2,0.767,90,0
2025-01-25,SES0105,P002,CB,5.4,4.7,51.8,58,6.2,4.9,4.8,42.9,0.0,0.584,30,0
2025-01-25,SES0105,P003,CB,9.6,5.6,63.0,57,3.4,2.2,4.4,53.4,6.0,0.698,60,0
2025-01-25,SES0105,P004,CB,8.5,6.5,61.5,59,4.3,3.1,2.4,51.1,3.1,0.607,0,1
2025-01-25,SES0105,P005,LB,7.6,4.5,79.5,56,3.3,1.8,3.1,52.8,0.0,0.599,0,0
2025-01-25,SES0105,P006,LB,6.5,4.4,61.4,51,4.6,5.1,3.4,54.6,0.0,0.752,0,0
2025-01-25,SES0105,P007,RB,6.8,5.9,71.1,59,3.8,3.0,4.3,52.0,1.8,0.517,0,0
2025-01-25,SES0105,P008,RB,9.1,4.1,65.5,56,4.5,3.3,6.8,52.7,4.1,0.667,30,0
2025-01-25,SES0105,P009,CDM,8.9,6.4,71.1,56,2.4,1.0,5.0,59.9,3.2,0.59,0,0
2025-01-25,SES0105,P010,CDM,6.9,6.9,63.6,54,3.9,2.8,5.1,47.8,6.3,0.692,60,0
2025-01-25,SES0105,P011,CM,8.8,4.7,70.9,60,4.1,5.7,5.3,48.3,4.7,0.667,60,0
2025-01-25,SES0105,P012,CM,5.2,5.3,51.3,63,5.1,2.5,4.4,48.4,4.3,0.696,0,0
2025-01-25,SES0105,P013,CM,7.1,6.7,65.8,58,4.5,6.0,6.0,50.1,8.7,0.584,60,0
2025-01-25,SES0105,P014,LW,7.9,5.1,59.6,58,1.9,1.8,4.4,52.8,2.8,0.712,80,0
2025-01-25,SES0105,P015,LW,8.3,6.0,62.4,62,3.7,3.2,6.4,45.4,1.8,0.71,90,0
2025-01-25,SES0105,P016,RW,8.1,5.1,77.5,59,4.2,2.6,4.7,52.9,7.1,0.72,0,0
2025-01-25,SES0105,P017,RW,8.3,3.3,60.8,60,3.8,3.5,3.9,49.8,6.2,0.6,0,0
2025-01-25,SES0105,P018,CAM,6.5,3.4,67.9,60,3.6,4.1,3.7,40.9,0.7,0.629,80,0
2025-01-25,SES0105,P019,CAM,6.7,4.4,55.9,57,4.8,3.6,5.9,48.0,2.1,0.573,60,0
2025-01-25,SES0105,P020,ST,8.2,4.0,59.9,65,3.0,1.9,4.3,53.6,6.4,0.672,60,0
2025-01-25,SES0105,P021,ST,7.3,5.2,67.7,61,3.7,3.1,4.4,48.3,10.4,0.569,0,0
2025-01-25,SES0105,P022,ST,6.5,6.6,57.3,58,5.6,5.7,8.0,48.7,2.0,0.605,30,0
2025-01-27,SES0106,P001,GK,6.3,3.5,75.0,54,5.0,4.9,4.3,53.5,0.0,0.563,75,0
2025-01-27,SES0106,P002,CB,6.2,5.6,52.4,59,7.9,6.8,6.6,48.7,0.0,0.553,60,0
2025-01-27,SES0106,P003,CB,3.3,2.5,56.8,71,9.6,6.8,1.4,46.1,9.9,0.551,60,0
2025-01-27,SES0106,P004,CB,5.4,2.8,46.9,65,8.5,8.3,6.3,44.8,0.0,0.538,60,0
2025-01-27,SES0106,P005,LB,5.1,2.6,35.0,71,8.9,7.0,4.4,38.0,2.9,0.462,90,0
2025-01-27,SES0106,P006,LB,6.7,4.3,53.2,58,7.4,5.7,3.3,41.9,0.6,0.588,60,0
2025-01-27,SES0106,P007,RB,4.0,2.1,35.3,70,10.0,8.8,5.0,50.4,4.8,0.544,45,0
2025-01-27,SES0106,P008,RB,6.2,2.4,65.0,70,7.0,4.1,1.8,44.8,5.1,0.545,75,0
2025-01-27,SES0106,P009,CDM,5.6,1.9,62.3,66,8.1,7.9,3.2,47.3,4.5,0.634,0,0
2025-01-27,SES0106,P010,CDM,5.0,1.0,56.8,63,7.2,4.7,3.5,53.6,0.2,0.532,45,0
2025-01-27,SES0106,P011,CM,7.4,2.7,65.5,59,5.8,6.0,5.5,51.3,4.0,0.613,90,0
2025-01-27,SES0106,P012,CM,4.6,1.0,38.1,63,10.0,7.8,3.1,53.1,2.0,0.502,90,0
2025-01-27,SES0106,P013,CM,4.8,1.5,41.8,66,9.5,7.1,6.1,52.7,8.5,0.51,45,0
2025-01-27,SES0106,P014,LW,5.0,1.4,68.4,55,5.7,2.3,5.0,49.8,6.6,0.583,90,0
2025-01-27,SES0106,P015,LW,4.9,1.1,44.9,57,6.7,5.6,7.0,50.4,3.1,0.645,75,0
2025-01-27,SES0106,P016,RW,4.7,1.0,47.3,62,7.8,6.2,3.3,47.8,5.9,0.488,90,0
2025-01-27,SES0106,P017,RW,5.2,2.6,37.9,61,9.9,7.2,2.8,43.0,5.9,0.579,90,0
2025-01-27,SES0106,P018,CAM,5.1,2.6,45.8,67,7.8,6.7,2.8,41.2,4.6,0.499,90,0
2025-01-27,SES0106,P019,CAM,7.3,1.2,49.7,69,7.2,6.1,3.0,55.6,3.1,0.557,75,0
2025-01-27,SES0106,P020,ST,5.8,2.5,74.1,53,5.8,4.3,3.7,53.9,0.0,0.578,90,0
2025-01-27,SES0106,P021,ST,5.8,2.4,52.8,59,7.7,5.9,7.2,41.9,5.5,0.648,75,0
2025-01-27,SES0106,P022,ST,3.5,2.7,44.3,66,10.0,9.2,3.1,43.7,4.4,0.494,90,0
2025-01-29,SES0107,P001,GK,8.4,5.1,61.6,60,3.9,3.7,4.8,49.2,0.0,0.669,0,0
2025-01-29,SES0107,P002,CB,7.1,3.3,65.3,48,3.2,3.1,5.2,49.2,3.7,0.684,0,0
2025-01-29,SES0107,P003,CB,10.0,4.6,75.7,58,1.4,1.2,4.8,53.9,1.9,0.661,0,0
2025-01-29,SES0107,P004,CB,6.7,5.4,66.1,60,3.0,1.9,3.1,54.5,0.0,0.669,90,0
2025-01-29,SES0107,P005,LB,8.1,6.7,63.2,55,2.2,3.0,3.1,52.5,1.6,0.664,30,0
2025-01-29,SES0107,P006,LB,10.0,5.8,73.8,54,1.1,1.0,7.2,56.0,3.8,0.681,60,0
2025-01-29,SES0107,P007,RB,10.0,6.4,73.3,57,3.4,3.0,3.9,53.5,3.3,0.638,0,0
2025-01-29,SES0107,P008,RB,10.0,3.5,68.9,56,1.4,3.1,2.8,49.6,5.7,0.705,30,0
2025-01-29,SES0107,P009,CDM,7.6,3.6,55.3,54,2.5,2.0,4.8,45.9,7.3,0.642,90,0
2025-01-29,SES0107,P010,CDM,8.8,5.6,55.1,52,3.9,4.1,4.7,51.0,5.4,0.6,60,0
2025-01-29,SES0107,P011,CM,4.6,4.7,50.6,69,7.4,4.7,4.8,47.4,7.9,0.594,80,0
2025-01-29,SES0107,P012,CM,8.7,3.8,66.0,57,2.5,2.6,4.1,49.5,0.0,0.722,0,0
2025-01-29,SES0107,P013,CM,7.3,5.1,47.3,61,4.6,2.5,2.8,49.2,3.8,0.649,30,0
2025-01-29,SES0107,P014,LW,6.7,5.4,72.2,56,5.2,3.5,4.3,45.9,1.1,0.582,0,0
2025-01-29,SES0107,P015,LW,10.0,5.4,65.8,50,2.6,2.8,3.9,50.2,6.1,0.629,30,0
2025-01-29,SES0107,P016,RW,7.3,4.0,60.1,58,4.8,3.2,2.1,51.8,2.8,0.677,0,0
2025-01-29,SES0107,P017,RW,6.3,5.2,38.9,66,5.5,3.6,4.1,54.3,4.3,0.626,0,0
2025-01-29,SES0107,P018,CAM,9.5,4.1,72.9,58,1.0,1.0,5.9,59.6,8.8,0.649,90,0
2025-01-29,SES0107,P019,CAM,6.8,5.4,64.9,64,4.6,5.1,4.6,40.9,5.1,0.664,90,0
2025-01-29,SES0107,P020,ST,6.4,6.1,62.1,57,2.4,1.0,3.1,53.3,4.4,0.663,60,0
2025-01-29,SES0107,P021,ST,10.0,4.4,68.5,58,3.4,2.4,7.3,53.1,5.1,0.561,60,0
2025-01-29,SES0107,P022,ST,6.1,4.4,61.9,60,5.5,4.6,3.5,48.0,2.8,0.614,0,0
2025-01-31,SES0108,P001,GK,5.0,1.5,61.4,67,7.2,6.4,4.7,48.0,5.5,0.608,45,0
2025-01-31,SES0108,P002,CB,5.4,4.1,42.9,67,6.0,4.6,4.6,49.6,4.2,0.598,75,0
2025-01-31,SES0108,P003,CB,4.2,3.2,49.7,62,8.1,7.9,2.6,48.9,3.3,0.547,75,1
2025-01-31,SES0108,P004,CB,9.7,2.6,42.7,63,7.7,5.3,3.9,39.8,7.1,0.552,90,1
2025-01-31,SES0108,P005,LB,6.5,2.3,41.0,62,7.3,7.4,4.0,53.5,2.3,0.571,45,0
2025-01-31,SES0108,P006,LB,5.4,2.2,65.3,61,7.9,7.4,6.2,47.5,2.4,0.611,90,0
2025-01-31,SES0108,P007,RB,7.4,3.0,60.1,60,6.9,5.7,5.0,43.6,5.5,0.536,90,0
2025-01-31,SES0108,P008,RB,5.8,4.7,59.9,66,7.6,4.8,3.7,47.4,3.5,0.609,0,0
2025-01-31,SES0108,P009,CDM,5.6,2.5,46.4,68,6.7,7.6,5.5,46.6,6.0,0.62,90,0
2025-01-31,SES0108,P010,CDM,6.8,2.3,55.0,52,6.6,4.8,4.1,47.5,5.3,0.597,45,0
2025-01-31,SES0108,P011,CM,5.5,3.4,43.5,55,6.0,3.3,6.3,46.9,8.2,0.617,45,0
2025-01-31,SES0108,P012,CM,6.8,2.5,45.6,62,6.7,5.8,4.4,49.6,5.2,0.568,45,0
2025-01-31,SES0108,P013,CM,5.8,2.0,59.2,54,6.2,5.4,4.6,50.2,5.9,0.627,75,0
2025-01-31,SES0108,P014,LW,7.2,2.3,56.7,55,6.5,2.7,7.1,42.1,3.2,0.586,75,0
2025-01-31,SES0108,P015,LW,8.0,4.1,75.2,59,3.7,2.3,5.1,56.1,2.8,0.628,90,0
2025-01-31,SES0108,P016,RW,5.6,2.3,54.9,68,7.2,6.0,4.9,49.8,4.9,0.532,60,0
2025-01-31,SES0108,P017,RW,5.9,2.9,44.8,61,6.0,3.6,3.6,48.5,1.7,0.689,90,0
2025-01-31,SES0108,P018,CAM,7.0,2.7,66.1,54,5.7,3.6,5.9,49.5,7.9,0.532,90,0
2025-01-31,SES0108,P019,CAM,5.3,2.6,52.1,59,7.4,4.6,4.9,42.9,0.0,0.605,0,1
2025-01-31,SES0108,P020,ST,4.4,3.3,45.3,65,7.9,6.1,2.4,48.6,3.4,0.607,75,0
2025-01-31,SES0108,P021,ST,5.0,2.4,53.3,54,6.9,5.0,5.7,50.9,3.9,0.559,45,0
2025-01-31,SES0108,P022,ST,7.6,4.7,59.7,55,5.7,3.9,4.8,50.1,5.3,0.635,90,0
2025-02-02,SES0109,P001,GK,8.3,9.2,69.4,52,2.9,2.2,3.3,56.3,1.4,0.599,60,0
2025-02-02,SES0109,P002,CB,8.4,4.8,79.6,50,2.7,1.0,3.8,51.1,4.0,0.685,0,0
2025-02-02,SES0109,P003,CB,9.6,5.9,72.1,48,2.2,1.9,4.3,54.4,5.9,0.746,60,0
2025-02-02,SES0109,P004,CB,7.4,7.1,71.7,54,3.2,3.9,4.5,48.5,4.9,0.717,60,0
2025-02-02,SES0109,P005,LB,8.3,6.6,89.8,53,1.8,1.0,6.1,49.5,9.1,0.728,60,0
2025-02-02,SES0109,P006,LB,9.9,6.2,67.2,53,3.0,3.3,3.3,51.6,1.9,0.696,30,0
2025-02-02,SES0109,P007,RB,7.2,8.9,75.0,60,3.4,4.0,3.7,53.5,5.1,0.605,30,0
2025-02-02,SES0109,P008,RB,7.9,6.4,69.0,54,3.1,2.1,3.1,54.9,3.9,0.615,60,0
2025-02-02,SES0109,P009,CDM,7.7,8.1,69.8,48,3.1,1.3,6.4,58.0,6.6,0.581,90,0
2025-02-02,SES0109,P010,CDM,10.0,8.3,64.7,53,2.1,1.0,5.0,55.9,2.6,0.765,0,0
2025-02-02,SES0109,P011,CM,6.3,4.9,57.7,55,3.2,3.5,4.6,44.6,1.2,0.668,0,0
2025-02-02,SES0109,P012,CM,7.5,6.9,67.2,47,2.1,1.3,8.3,49.9,4.8,0.699,90,0
2025-02-02,SES0109,P013,CM,5.2,7.0,68.9,56,4.6,4.3,4.4,50.6,2.2,0.597,0,0
2025-02-02,SES0109,P014,LW,7.7,8.2,70.0,58,2.7,2.1,6.7,51.2,5.6,0.744,30,0
2025-02-02,SES0109,P015,LW,8.8,6.6,70.7,45,1.3,1.4,4.1,56.2,0.0,0.615,80,0
2025-02-02,SES0109,P016,RW,8.3,6.7,71.1,54,2.3,1.0,1.7,52.5,3.3,0.575,30,0
2025-02-02,SES0109,P017,RW,8.5,6.7,66.8,57,3.9,2.9,6.8,47.0,7.3,0.575,80,0
2025-02-02,SES0109,P018,CAM,8.3,7.3,59.8,54,4.1,2.3,2.8,53.2,7.3,0.675,80,0
2025-02-02,SES0109,P019,CAM,6.3,8.6,53.5,59,3.8,2.0,2.0,46.5,3.7,0.713,0,0
2025-02-02,SES0109,P020,ST,10.0,7.3,71.3,52,3.2,2.7,2.9,51.8,3.8,0.749,80,0
2025-02-02,SES0109,P021,ST,5.7,6.3,57.7,65,6.2,4.2,5.1,39.8,6.3,0.568,30,0
2025-02-02,SES0109,P022,ST,7.9,8.1,63.9,48,4.2,3.3,6.1,45.4,2.1,0.639,0,0
2025-02-04,SES0110,P001,GK,5.4,5.8,76.5,57,5.8,4.0,2.3,54.7,5.0,0.706,30,0
2025-02-04,SES0110,P002,CB,8.2,7.9,62.5,63,3.1,2.5,4.7,53.0,2.8,0.732,0,0
2025-02-04,SES0110,P003,CB,6.2,4.3,52.5,55,5.7,3.8,1.0,40.0,0.0,0.661,0,0
2025-02-04,SES0110,P004,CB,9.5,5.8,79.7,58,3.2,2.0,6.7,52.9,1.1,0.598,0,0
2025-02-04,SES0110,P005,LB,7.3,4.1,61.1,54,3.1,1.9,4.5,49.3,3.2,0.655,60,0
2025-02-04,SES0110,P006,LB,8.3,5.7,52.9,55,4.5,3.9,3.5,50.8,2.2,0.618,80,0
2025-02-04,SES0110,P007,RB,7.9,5.4,62.9,51,1.7,1.6,3.7,47.8,1.6,0.676,60,0
2025-02-04,SES0110,P008,RB,9.3,4.9,72.3,62,2.7,1.8,3.7,48.7,1.2,0.648,30,0
2025-02-04,SES0110,P009,CDM,8.0,7.2,74.6,50,3.5,3.6,6.3,52.1,4.8,0.666,0,0
2025-02-04,SES0110,P010,CDM,9.7,3.3,78.7,56,2.4,1.0,5.5,53.2,8.5,0.773,0,0
2025-02-04,SES0110,P011,CM,7.9,8.0,73.3,56,2.5,1.1,3.3,52.1,4.1,0.726,60,0
2025-02-04,SES0110,P012,CM,9.8,4.6,64.5,52,3.1,1.0,2.4,45.5,4.6,0.676,30,1
2025-02-04,SES0110,P013,CM,6.4,7.3,54.9,65,4.4,4.6,3.1,46.2,5.2,0.543,60,0
2025-02-04,SES0110,P014,LW,8.7,5.5,61.3,59,3.3,2.2,7.2,52.5,0.4,0.754,60,0
2025-02-04,SES0110,P015,LW,8.1,6.5,63.7,53,4.9,3.8,2.9,53.6,1.8,0.66,30,0
2025-02-04,SES0110,P016,RW,6.0,3.7,65.8,63,3.0,1.6,4.7,51.7,4.1,0.642,0,0
2025-02-04,SES0110,P017,RW,6.8,5.3,62.5,57,4.5,2.6,4.6,57.1,2.5,0.577,0,0
2025-02-04,SES0110,P018,CAM,6.4,8.8,56.4,52,3.5,3.6,5.0,56.8,1.3,0.679,60,0
2025-02-04,SES0110,P019,CAM,9.4,5.9,60.9,62,3.5,1.9,6.5,62.2,1.8,0.667,0,0
2025-02-04,SES0110,P020,ST,8.1,5.2,70.1,58,3.3,1.9,5.3,53.0,3.5,0.679,30,0
2025-02-04,SES0110,P021,ST,7.0,7.2,63.8,57,4.1,5.1,4.3,46.8,5.4,0.677,90,0
2025-02-04,SES0110,P022,ST,7.2,4.6,64.7,60,2.8,1.4,6.8,51.7,5.7,0.688,0,0
2025-02-06,SES0111,P001,GK,7.2,6.4,70.8,61,4.4,4.2,3.5,57.2,3.8,0.558,0,0
2025-02-06,SES0111,P002,CB,6.1,6.5,58.1,53,5.6,3.0,4.5,53.5,3.5,0.609,90,0
2025-02-06,SES0111,P003,CB,6.3,8.6,41.3,63,6.8,6.4,6.7,50.0,1.3,0.578,30,0
2025-02-06,SES0111,P004,CB,5.3,5.7,55.3,66,4.5,2.8,6.5,52.0,4.0,0.601,30,0
2025-02-06,SES0111,P005,LB,9.5,4.9,65.8,57,1.6,1.0,4.2,56.2,5.7,0.693,90,0
2025-02-06,SES0111,P006,LB,8.9,6.6,59.2,61,4.8,4.0,4.2,47.9,6.2,0.591,60,0
2025-02-06,SES0111,P007,RB,7.4,8.3,51.4,58,4.7,4.7,5.1,48.8,1.4,0.651,80,0
2025-02-06,SES0111,P008,RB,3.6,4.2,44.8,60,6.8,4.8,2.4,51.6,6.0,0.623,60,0
2025-02-06,SES0111,P009,CDM,5.4,7.2,67.4,56,5.7,5.0,1.6,52.0,1.1,0.696,80,0
2025-02-06,SES0111,P010,CDM,8.5,7.3,66.6,61,4.8,2.9,6.0,46.8,2.7,0.593,90,0
2025-02-06,SES0111,P011,CM,7.5,8.7,56.0,58,3.4,2.8,5.3,48.2,7.0,0.714,0,0
2025-02-06,SES0111,P012,CM,8.2,9.6,58.1,58,5.7,5.3,3.9,49.1,4.6,0.561,60,0
2025-02-06,SES0111,P013,CM,8.1,8.3,61.5,53,3.8,4.6,1.1,50.6,0.7,0.629,30,0
2025-02-06,SES0111,P014,LW,5.8,8.4,49.8,60,4.8,4.0,2.6,56.1,7.2,0.609,30,0
2025-02-06,SES0111,P015,LW,5.2,8.3,55.4,50,5.3,1.0,3.7,45.1,4.3,0.61,0,0
2025-02-06,SES0111,P016,RW,7.5,9.5,68.1,63,6.6,4.4,5.1,45.5,4.3,0.482,30,0
2025-02-06,SES0111,P017,RW,6.5,6.8,56.4,61,5.3,4.3,5.6,46.6,1.0,0.639,0,0
2025-02-06,SES0111,P018,CAM,7.4,6.8,53.2,63,4.6,4.5,5.1,48.8,1.8,0.675,60,1
2025-02-06,SES0111,P019,CAM,7.2,8.1,69.7,63,3.1,1.9,5.9,56.7,5.6,0.656,60,0
2025-02-06,SES0111,P020,ST,8.5,6.3,71.1,59,4.6,1.8,6.5,48.9,6.8,0.554,60,0
2025-02-06,SES0111,P021,ST,4.8,6.8,50.5,65,6.4,4.3,4.0,54.6,4.9,0.579,30,0
2025-02-06,SES0111,P022,ST,7.3,5.4,71.3,62,4.4,4.0,4.7,51.6,2.2,0.611,0,0
2025-02-08,SES0112,P001,GK,7.3,6.4,57.4,58,4.4,4.7,3.9,48.6,5.3,0.684,60,0
2025-02-08,SES0112,P002,CB,8.6,4.6,59.8,56,2.0,2.2,5.2,52.2,6.8,0.673,90,0
2025-02-08,SES0112,P003,CB,8.1,4.7,73.0,51,2.5,1.7,5.7,48.0,3.3,0.602,60,0
2025-02-08,SES0112,P004,CB,8.6,5.1,58.8,59,3.2,2.5,7.6,51.8,1.6,0.686,0,0
2025-02-08,SES0112,P005,LB,8.2,5.7,69.2,62,3.7,1.8,5.5,53.2,3.7,0.638,30,0
2025-02-08,SES0112,P006,LB,8.1,6.5,92.0,58,2.0,3.0,4.0,51.9,0.0,0.675,0,0
2025-02-08,SES0112,P007,RB,7.5,6.2,72.4,53,4.5,2.8,6.8,49.8,4.7,0.631,0,0
2025-02-08,SES0112,P008,RB,8.1,5.8,58.0,62,4.5,2.2,4.6,52.3,3.2,0.683,30,0
2025-02-08,SES0112,P009,CDM,8.9,5.6,82.0,50,2.3,1.0,5.1,52.1,0.0,0.632,90,0
2025-02-08,SES0112,P010,CDM,7.1,7.7,68.5,61,4.4,3.2,4.0,49.6,3.9,0.601,60,0
2025-02-08,SES0112,P011,CM,9.8,4.3,63.1,58,2.1,3.1,3.4,56.6,5.5,0.693,80,0
2025-02-08,SES0112,P012,CM,7.9,5.2,58.6,54,4.2,4.2,7.7,48.9,4.5,0.595,60,0
2025-02-08,SES0112,P013,CM,7.3,4.7,78.4,51,2.4,3.0,1.9,54.2,0.0,0.674,0,0
2025-02-08,SES0112,P014,LW,7.8,4.4,72.7,56,2.6,1.5,5.8,57.3,4.6,0.712,90,0
2025-02-08,SES0112,P015,LW,7.1,6.1,60.9,64,4.1,1.4,1.6,48.7,0.0,0.588,60,0
2025-02-08,SES0112,P016,RW,7.8,4.6,69.9,53,2.9,2.5,3.0,59.0,5.5,0.688,80,0
2025-02-08,SES0112,P017,RW,7.5,4.7,54.0,57,4.1,2.7,7.0,51.9,0.0,0.693,30,0
2025-02-08,SES0112,P018,CAM,6.9,6.5,67.7,68,5.8,4.2,4.7,45.3,4.5,0.588,60,0
2025-02-08,SES0112,P019,CAM,5.3,5.2,63.6,52,3.9,1.9,3.1,52.1,4.4,0.648,0,0
2025-02-08,SES0112,P020,ST,7.6,4.9,69.5,55,2.7,4.5,6.1,48.6,5.7,0.595,60,0
2025-02-08,SES0112,P021,ST,7.2,6.0,65.5,55,4.3,4.7,2.6,50.0,5.1,0.48,90,0
2025-02-08,SES0112,P022,ST,7.9,6.2,65.1,59,3.0,3.6,4.4,48.3,4.9,0.674,30,0
2025-02-10,SES0113,P001,GK,6.9,7.9,54.7,63,5.9,5.3,7.1,45.9,5.0,0.598,0,0
2025-02-10,SES0113,P002,CB,8.9,7.3,61.4,58,3.0,1.0,4.2,49.7,0.0,0.671,90,0
2025-02-10,SES0113,P003,CB,6.6,7.5,62.5,68,5.9,5.8,4.8,42.8,6.2,0.597,60,0
2025-02-10,SES0113,P004,CB,7.9,9.9,70.9,56,3.3,3.3,2.0,43.7,0.0,0.653,30,0
2025-02-10,SES0113,P005,LB,7.4,7.2,74.5,53,2.9,1.6,5.4,56.7,2.8,0.684,30,0
2025-02-10,SES0113,P006,LB,6.6,8.5,69.7,59,4.7,3.7,4.6,52.2,4.5,0.605,80,0
2025-02-10,SES0113,P007,RB,5.6,8.8,59.3,63,4.4,2.6,2.5,54.8,0.0,0.665,60,0
2025-02-10,SES0113,P008,RB,8.5,10.0,65.7,53,3.4,3.4,2.8,46.2,6.5,0.735,30,1
2025-02-10,SES0113,P009,CDM,7.4,8.3,62.4,55,3.4,2.8,5.4,49.6,2.1,0.614,90,0
2025-02-10,SES0113,P010,CDM,8.6,9.6,72.9,54,2.2,1.2,3.8,49.7,4.7,0.786,30,0
2025-02-10,SES0113,P011,CM,7.7,9.2,52.4,59,4.8,2.7,3.6,45.8,4.3,0.623,60,0
2025-02-10,SES0113,P012,CM,7.7,6.7,72.5,55,3.2,1.6,5.1,54.9,4.7,0.747,30,0
2025-02-10,SES0113,P013,CM,7.8,9.2,48.3,52,3.2,3.3,4.6,47.5,5.1,0.633,80,0
2025-02-10,SES0113,P014,LW,7.2,7.1,67.1,50,2.5,2.4,4.5,53.8,5.6,0.732,90,0
2025-02-10,SES0113,P015,LW,6.5,9.2,61.0,63,6.0,3.4,2.3,49.8,4.4,0.6,80,0
2025-02-10,SES0113,P016,RW,6.6,6.8,56.0,56,4.6,3.5,4.1,48.9,2.6,0.66,60,0
2025-02-10,SES0113,P017,RW,6.2,9.7,62.1,58,5.8,5.0,4.6,48.3,2.1,0.649,30,0
2025-02-10,SES0113,P018,CAM,6.5,8.6,65.4,60,4.5,5.0,4.4,52.0,3.2,0.668,0,0
2025-02-10,SES0113,P019,CAM,7.5,9.0,62.8,59,4.3,2.8,4.4,50.6,0.5,0.521,60,0
2025-02-10,SES0113,P020,ST,8.9,8.4,70.5,51,2.8,2.4,3.9,55.9,2.8,0.634,90,0
2025-02-10,SES0113,P021,ST,4.2,8.4,50.2,64,6.6,7.0,2.6,49.0,0.0,0.577,0,0
2025-02-10,SES0113,P022,ST,7.6,8.1,52.6,62,4.9,5.4,4.6,56.1,3.8,0.642,60,0
2025-02-12,SES0114,P001,GK,5.3,5.4,66.3,57,5.4,3.4,5.9,44.2,2.8,0.586,30,0
2025-02-12,SES0114,P002,CB,4.8,5.4,72.8,57,5.0,3.7,5.9,52.5,4.3,0.676,0,0
2025-02-12,SES0114,P003,CB,6.5,5.0,35.0,58,5.7,4.5,5.2,52.7,6.4,0.569,0,0
2025-02-12,SES0114,P004,CB,7.4,2.5,63.7,50,5.3,4.5,5.4,48.5,6.0,0.573,60,0
2025-02-12,SES0114,P005,LB,8.4,4.9,64.6,57,3.2,3.0,4.2,48.3,10.2,0.664,0,0
2025-02-12,SES0114,P006,LB,6.6,4.2,57.3,59,4.3,5.6,3.3,52.5,7.3,0.659,30,0
2025-02-12,SES0114,P007,RB,7.8,3.5,68.9,52,4.5,4.0,5.2,46.0,3.8,0.578,30,0
2025-02-12,SES0114,P008,RB,8.2,2.1,64.7,63,2.8,1.9,5.1,52.9,4.6,0.68,30,0
2025-02-12,SES0114,P009,CDM,5.3,7.3,59.0,52,5.6,3.4,5.1,51.8,4.3,0.626,0,0
2025-02-12,SES0114,P010,CDM,8.4,4.4,55.4,60,2.9,3.1,3.4,54.3,0.2,0.668,80,0
2025-02-12,SES0114,P011,CM,7.8,3.7,56.7,58,5.0,5.1,4.0,53.4,0.0,0.598,30,0
2025-02-12,SES0114,P012,CM,6.5,6.4,54.5,65,4.7,3.8,2.9,45.8,4.5,0.692,0,0
2025-02-12,SES0114,P013,CM,8.5,4.5,71.1,59,3.7,2.2,5.7,52.5,0.4,0.714,30,0
2025-02-12,SES0114,P014,LW,7.2,2.8,80.6,62,3.8,3.4,6.3,55.0,4.1,0.66,60,0
2025-02-12,SES0114,P015,LW,10.0,2.6,84.4,52,2.1,1.4,2.8,52.5,4.4,0.714,0,0
2025-02-12,SES0114,P016,RW,7.3,1.7,48.0,62,5.3,4.3,5.8,48.1,8.3,0.543,30,0
2025-02-12,SES0114,P017,RW,5.5,3.1,57.1,65,5.4,6.1,3.6,51.5,0.9,0.669,60,0
2025-02-12,SES0114,P018,CAM,7.5,4.4,55.6,59,5.2,3.8,4.2,45.9,6.1,0.561,60,0
2025-02-12,SES0114,P019,CAM,5.6,5.2,50.4,63,5.6,4.7,5.7,47.7,2.5,0.599,90,0
2025-02-12,SES0114,P020,ST,6.8,4.8,56.4,49,3.7,3.3,3.2,56.3,2.3,0.647,30,0
2025-02-12,SES0114,P021,ST,6.2,4.3,40.6,53,4.5,1.8,3.2,52.4,2.6,0.638,0,0
2025-02-12,SES0114,P022,ST,7.8,4.2,53.7,57,4.5,3.9,5.9,52.0,3.6,0.67,30,0
2025-02-14,SES0115,P001,GK,8.1,5.6,65.5,58,1.3,1.0,5.5,49.8,2.4,0.646,60,0
2025-02-14,SES0115,P002,CB,9.4,4.9,65.0,59,4.1,4.1,5.1,53.9,1.6,0.629,0,0
2025-02-14,SES0115,P003,CB,9.5,2.0,70.5,56,3.0,3.0,4.6,51.6,4.4,0.667,60,0
2025-02-14,SES0115,P004,CB,7.0,6.5,73.2,59,3.2,2.9,5.1,49.2,2.1,0.616,30,0
2025-02-14,SES0115,P005,LB,7.5,4.5,48.2,61,5.4,4.6,3.6,54.1,2.5,0.654,90,0
2025-02-14,SES0115,P006,LB,7.2,4.5,52.9,62,3.8,3.0,4.1,53.0,3.3,0.628,60,0
2025-02-14,SES0115,P007,RB,9.7,4.6,72.0,56,1.4,1.3,3.9,53.1,2.3,0.636,60,0
2025-02-14,SES0115,P008,RB,7.3,6.1,69.3,58,3.6,1.0,2.7,48.4,9.3,0.783,30,0
2025-02-14,SES0115,P009,CDM,7.9,4.0,59.7,51,3.8,2.9,6.2,55.9,6.1,0.637,0,0
2025-02-14,SES0115,P010,CDM,6.2,4.4,52.6,62,4.8,5.7,3.8,55.1,8.5,0.674,80,0
2025-02-14,SES0115,P011,CM,6.8,3.2,63.2,57,4.1,2.5,5.4,51.6,6.2,0.603,0,0
2025-02-14,SES0115,P012,CM,6.9,6.6,68.1,51,4.1,4.1,5.0,53.3,2.1,0.608,0,0
2025-02-14,SES0115,P013,CM,8.6,2.5,68.3,55,4.1,2.2,3.0,47.1,0.0,0.712,80,0
2025-02-14,SES0115,P014,LW,7.8,5.9,83.9,69,3.8,4.2,6.1,52.5,3.8,0.627,90,0
2025-02-14,SES0115,P015,LW,8.4,6.3,71.7,61,3.7,3.6,3.7,54.8,9.3,0.727,0,0
2025-02-14,SES0115,P016,RW,7.5,2.8,70.1,58,4.9,4.2,4.3,59.8,2.5,0.565,30,0
2025-02-14,SES0115,P017,RW,5.6,5.7,62.2,53,4.6,3.8,4.0,45.3,1.5,0.68,80,0
2025-02-14,SES0115,P018,CAM,7.7,5.2,43.5,54,4.7,2.8,3.8,56.3,3.6,0.662,80,0
2025-02-14,SES0115,P019,CAM,7.2,4.1,82.4,51,3.3,2.7,4.3,54.5,3.3,0.677,60,0
2025-02-14,SES0115,P020,ST,6.5,5.1,58.7,59,4.5,4.1,6.0,53.1,7.5,0.537,60,0
2025-02-14,SES0115,P021,ST,9.1,7.6,57.2,55,2.1,1.9,7.8,55.7,4.5,0.685,0,0
2025-02-14,SES0115,P022,ST,7.2,6.2,77.7,55,3.6,2.0,6.2,50.4,2.3,0.704,30,0
2025-02-16,SES0116,P001,GK,5.5,4.3,43.0,61,5.6,4.4,2.3,51.4,7.0,0.638,60,0
2025-02-16,SES0116,P002,CB,5.8,5.9,64.4,54,6.5,5.0,9.0,50.5,0.4,0.578,80,0
2025-02-16,SES0116,P003,CB,6.4,5.9,49.4,55,5.2,3.8,6.8,42.2,5.4,0.595,80,0
2025-02-16,SES0116,P004,CB,5.9,7.2,56.0,71,7.6,8.2,3.1,44.0,6.3,0.566,30,0
2025-02-16,SES0116,P005,LB,5.7,3.1,58.7,65,6.4,4.1,5.1,49.2,5.4,0.584,60,0
2025-02-16,SES0116,P006,LB,6.6,3.5,61.7,59,4.9,4.6,6.4,48.6,5.5,0.579,0,0
2025-02-16,SES0116,P007,RB,6.1,5.8,61.3,65,7.4,5.7,6.4,46.6,2.5,0.516,0,0
2025-02-16,SES0116,P008,RB,7.1,4.5,58.5,53,6.6,6.8,4.1,45.8,4.0,0.671,30,0
2025-02-16,SES0116,P009,CDM,5.0,6.4,49.3,73,8.0,6.1,8.7,50.0,0.5,0.548,60,0
2025-02-16,SES0116,P010,CDM,7.1,4.6,55.0,60,5.4,3.6,4.9,49.5,11.9,0.648,60,0
2025-02-16,SES0116,P011,CM,5.8,4.7,56.2,62,5.3,5.8,1.6,54.8,3.5,0.577,90,0
2025-02-16,SES0116,P012,CM,8.9,4.4,61.7,62,5.2,4.7,4.2,52.7,7.4,0.587,30,0
2025-02-16,SES0116,P013,CM,7.7,5.3,53.7,59,5.8,3.9,3.3,48.9,7.6,0.661,60,0
2025-02-16,SES0116,P014,LW,7.3,4.6,38.5,56,5.6,4.6,4.7,55.4,3.2,0.691,0,0
2025-02-16,SES0116,P015,LW,6.4,5.5,56.9,60,5.6,5.2,4.9,54.9,2.8,0.638,90,0
2025-02-16,SES0116,P016,RW,8.1,4.6,54.0,62,5.4,4.8,2.6,48.9,4.3,0.654,0,0
2025-02-16,SES0116,P017,RW,6.1,4.7,57.4,62,6.8,5.1,2.9,46.5,6.6,0.558,60,0
2025-02-16,SES0116,P018,CAM,6.6,3.7,47.3,62,6.3,5.5,6.7,56.2,5.7,0.742,0,0
2025-02-16,SES0116,P019,CAM,5.4,6.1,51.9,64,6.8,5.0,4.1,51.5,0.4,0.487,30,0
2025-02-16,SES0116,P020,ST,8.7,6.1,55.0,60,4.5,3.1,2.8,50.1,3.5,0.635,0,0
2025-02-16,SES0116,P021,ST,6.7,8.5,51.7,63,6.0,5.2,4.6,49.8,3.8,0.625,80,0
2025-02-16,SES0116,P022,ST,8.2,6.3,57.4,53,3.6,2.0,1.4,47.1,5.0,0.582,90,0
2025-02-18,SES0117,P001,GK,6.1,5.4,43.4,63,7.6,7.6,4.3,42.9,1.8,0.512,30,0
2025-02-18,SES0117,P002,CB,5.5,4.6,39.2,65,5.2,3.5,3.4,52.8,3.9,0.613,0,0
2025-02-18,SES0117,P003,CB,6.1,2.3,48.7,61,7.8,3.8,4.2,57.3,5.8,0.561,80,0
2025-02-18,SES0117,P004,CB,5.9,3.1,56.2,52,4.0,3.1,5.2,52.6,1.7,0.575,30,0
2025-02-18,SES0117,P005,LB,4.8,1.7,60.4,58,5.8,4.6,4.1,53.5,3.5,0.565,60,0
2025-02-18,SES0117,P006,LB,6.7,3.4,50.1,60,6.2,5.2,3.3,50.7,8.6,0.533,60,0
2025-02-18,SES0117,P007,RB,6.8,5.1,66.2,67,5.7,4.7,5.4,49.0,0.7,0.541,60,0
2025-02-18,SES0117,P008,RB,7.4,2.3,71.0,48,3.4,2.4,5.3,51.0,7.4,0.668,30,0
2025-02-18,SES0117,P009,CDM,6.4,3.4,64.2,59,3.2,3.8,7.7,53.1,4.2,0.681,60,0
2025-02-18,SES0117,P010,CDM,7.9,5.4,64.1,64,4.1,2.5,2.3,53.6,2.8,0.692,90,0
2025-02-18,SES0117,P011,CM,7.4,4.3,46.0,57,5.0,4.6,1.8,47.7,0.7,0.578,0,0
2025-02-18,SES0117,P012,CM,6.7,3.7,50.8,59,5.4,4.3,4.8,53.3,6.1,0.594,0,0
2025-02-18,SES0117,P013,CM,6.2,6.1,47.0,58,6.6,4.1,2.1,45.3,3.2,0.544,30,0
2025-02-18,SES0117,P014,LW,4.8,4.0,62.6,63,6.4,6.6,4.1,53.0,3.7,0.598,60,0
2025-02-18,SES0117,P015,LW,5.1,4.9,65.2,65,5.0,3.8,5.3,44.2,8.5,0.69,30,0
2025-02-18,SES0117,P016,RW,8.1,2.4,55.0,65,5.2,4.9,2.7,49.9,7.6,0.687,0,0
2025-02-18,SES0117,P017,RW,6.6,3.0,56.6,68,5.3,4.1,3.6,55.9,7.5,0.704,0,0
2025-02-18,SES0117,P018,CAM,6.7,3.4,64.0,55,4.9,3.9,4.4,50.5,2.6,0.625,60,0
2025-02-18,SES0117,P019,CAM,5.5,3.5,61.9,58,5.6,2.8,3.2,51.5,4.0,0.598,90,0
2025-02-18,SES0117,P020,ST,5.1,3.8,59.2,62,6.0,6.1,5.5,45.7,2.3,0.529,30,0
2025-02-18,SES0117,P021,ST,6.9,3.8,58.2,69,4.6,4.4,3.7,42.8,0.8,0.573,60,0
2025-02-18,SES0117,P022,ST,5.9,4.4,62.7,60,5.7,4.8,5.0,46.4,1.2,0.616,60,0
2025-02-20,SES0118,P001,GK,4.4,7.6,59.5,66,7.1,5.8,3.8,49.4,4.3,0.72,60,0
2025-02-20,SES0118,P002,CB,8.1,6.6,62.9,62,3.9,4.7,4.0,46.8,0.0,0.663,30,0
2025-02-20,SES0118,P003,CB,8.0,8.6,71.5,61,4.2,2.7,3.4,47.9,2.3,0.658,80,0
2025-02-20,SES0118,P004,CB,6.3,6.2,56.2,54,4.4,3.4,3.6,50.5,0.3,0.594,0,0
2025-02-20,SES0118,P005,LB,8.5,6.9,63.1,59,4.0,5.6,1.9,42.6,7.1,0.666,90,0
2025-02-20,SES0118,P006,LB,6.6,5.7,68.8,61,3.1,3.3,6.2,54.1,2.8,0.696,30,1
2025-02-20,SES0118,P007,RB,7.1,7.0,73.6,58,3.7,1.6,5.7,50.7,7.2,0.7,30,0
2025-02-20,SES0118,P008,RB,7.7,8.3,75.3,55,1.4,1.0,4.6,56.0,2.7,0.692,0,0
2025-02-20,SES0118,P009,CDM,7.9,5.0,48.9,61,4.4,2.7,5.7,47.9,1.4,0.596,0,0
2025-02-20,SES0118,P010,CDM,7.5,6.5,65.9,55,4.8,2.7,3.5,53.4,2.6,0.683,30,0
2025-02-20,SES0118,P011,CM,9.8,7.1,62.4,57,3.3,2.6,5.6,45.0,9.6,0.588,60,0
2025-02-20,SES0118,P012,CM,8.5,4.6,69.8,57,2.7,3.9,4.7,53.2,1.3,0.615,30,0
2025-02-20,SES0118,P013,CM,6.6,6.9,56.9,59,3.2,3.5,5.3,51.2,6.5,0.674,30,0
2025-02-20,SES0118,P014,LW,8.2,6.4,65.0,58,2.6,1.2,3.2,51.4,4.6,0.61,0,0
2025-02-20,SES0118,P015,LW,7.0,6.7,78.6,58,4.4,2.2,3.9,52.7,4.4,0.562,30,0
2025-02-20,SES0118,P016,RW,7.0,9.0,61.5,67,5.0,3.4,5.1,49.3,3.9,0.55,0,0
2025-02-20,SES0118,P017,RW,8.2,9.2,71.2,53,2.4,2.4,3.8,56.5,6.5,0.691,30,0
2025-02-20,SES0118,P018,CAM,5.2,8.2,62.6,65,6.7,6.3,4.6,54.1,0.0,0.547,80,0
2025-02-20,SES0118,P019,CAM,8.6,6.8,63.5,57,3.8,3.7,2.6,50.9,2.8,0.559,0,0
2025-02-20,SES0118,P020,ST,7.6,9.0,46.6,60,5.4,4.3,5.5,43.7,6.8,0.537,30,0
2025-02-20,SES0118,P021,ST,6.5,8.0,71.6,64,4.8,4.8,7.4,51.5,3.3,0.563,30,0
2025-02-20,SES0118,P022,ST,8.3,6.5,57.6,57,4.1,2.1,4.0,51.3,4.5,0.734,30,0
2025-02-22,SES0119,P001,GK,5.0,4.1,52.0,70,8.6,6.6,5.7,45.9,5.4,0.638,45,0
2025-02-22,SES0119,P002,CB,4.4,4.5,41.1,67,8.2,7.1,4.8,49.1,4.9,0.555,60,0
2025-02-22,SES0119,P003,CB,4.2,5.3,38.9,65,7.8,5.1,2.6,51.0,5.9,0.621,90,0
2025-02-22,SES0119,P004,CB,5.3,4.0,51.5,59,7.7,5.8,4.3,48.1,1.9,0.626,75,0
2025-02-22,SES0119,P005,LB,5.8,5.3,51.8,66,7.4,6.8,6.2,51.0,4.7,0.591,90,0
2025-02-22,SES0119,P006,LB,4.7,4.5,47.2,63,8.1,6.1,3.4,48.7,6.2,0.631,90,0
2025-02-22,SES0119,P007,RB,6.1,3.9,57.3,65,6.8,6.6,5.8,48.4,6.5,0.524,60,0
2025-02-22,SES0119,P008,RB,5.5,4.2,48.1,61,7.2,6.7,6.1,49.1,5.8,0.592,45,0
2025-02-22,SES0119,P009,CDM,3.0,3.3,56.4,73,8.6,6.6,8.6,39.5,0.4,0.556,60,0
2025-02-22,SES0119,P010,CDM,4.2,5.5,58.6,63,6.1,3.2,5.6,49.5,7.7,0.596,90,0
2025-02-22,SES0119,P011,CM,3.8,6.0,36.8,67,9.3,7.7,3.6,45.1,3.2,0.59,45,0
2025-02-22,SES0119,P012,CM,3.0,3.9,67.4,65,8.1,5.1,6.4,42.5,6.6,0.633,90,0
2025-02-22,SES0119,P013,CM,4.7,4.1,66.2,63,9.6,8.6,4.4,45.9,1.4,0.479,90,0
2025-02-22,SES0119,P014,LW,5.6,5.8,48.1,62,7.9,6.7,4.4,48.9,2.7,0.521,60,0
2025-02-22,SES0119,P015,LW,6.8,5.9,43.2,63,8.0,7.0,6.0,44.5,7.2,0.535,60,0
2025-02-22,SES0119,P016,RW,5.0,2.6,45.7,67,8.2,7.3,4.1,48.2,6.5,0.573,75,0
2025-02-22,SES0119,P017,RW,6.2,3.2,49.3,61,8.3,8.0,5.5,50.1,1.1,0.504,90,0
2025-02-22,SES0119,P018,CAM,5.4,4.4,63.6,61,7.8,6.8,1.1,43.1,4.0,0.588,45,0
2025-02-22,SES0119,P019,CAM,5.4,5.5,50.4,55,7.3,6.2,2.3,48.5,3.2,0.586,45,0
2025-02-22,SES0119,P020,ST,5.6,3.7,40.8,71,8.8,6.5,3.3,43.5,1.1,0.546,60,0
2025-02-22,SES0119,P021,ST,4.2,3.6,40.6,71,9.0,7.8,1.4,44.7,1.9,0.536,90,0
2025-02-22,SES0119,P022,ST,5.3,4.5,57.9,66,7.4,6.3,4.6,47.8,3.9,0.574,60,0
2025-02-24,SES0120,P001,GK,7.8,4.9,57.4,58,3.8,4.7,2.5,50.7,9.5,0.627,30,0
2025-02-24,SES0120,P002,CB,4.5,5.9,56.1,64,7.0,4.7,3.2,43.1,6.3,0.555,0,0
2025-02-24,SES0120,P003,CB,4.5,4.8,62.8,66,6.8,7.2,1.4,50.4,1.2,0.611,0,0
2025-02-24,SES0120,P004,CB,6.4,5.2,63.4,59,5.9,4.8,6.0,50.5,3.9,0.554,0,0
2025-02-24,SES0120,P005,LB,6.9,5.7,53.9,47,4.7,3.9,3.3,47.3,5.8,0.556,60,0
2025-02-24,SES0120,P006,LB,7.1,7.5,60.6,57,5.4,5.4,5.6,52.3,4.5,0.605,0,0
2025-02-24,SES0120,P007,RB,5.5,6.2,47.1,65,6.8,5.0,2.2,41.7,0.0,0.484,60,0
2025-02-24,SES0120,P008,RB,9.1,6.7,57.3,57,5.1,4.7,2.9,50.1,3.6,0.617,90,0
2025-02-24,SES0120,P009,CDM,6.2,6.5,68.0,63,5.7,4.7,3.3,49.0,2.1,0.593,0,0
2025-02-24,SES0120,P010,CDM,8.3,6.0,48.8,62,7.5,5.5,3.1,46.5,4.1,0.516,60,0
2025-02-24,SES0120,P011,CM,4.7,6.4,57.9,62,6.8,4.4,2.2,46.9,6.6,0.554,0,0
2025-02-24,SES0120,P012,CM,5.8,7.6,50.7,61,6.7,5.0,6.5,52.9,2.0,0.598,0,0
2025-02-24,SES0120,P013,CM,9.2,5.9,56.7,60,3.9,2.9,2.6,47.9,4.5,0.624,0,0
2025-02-24,SES0120,P014,LW,8.3,3.6,49.0,62,5.5,5.6,3.6,48.6,5.3,0.689,0,0
2025-02-24,SES0120,P015,LW,7.0,5.9,58.7,57,6.8,4.8,5.7,42.7,0.6,0.666,80,0
2025-02-24,SES0120,P016,RW,6.8,3.3,46.3,66,7.3,5.2,4.9,50.2,5.9,0.614,80,0
2025-02-24,SES0120,P017,RW,7.2,5.5,41.8,64,5.3,5.3,2.4,52.6,3.1,0.62,30,0
2025-02-24,SES0120,P018,CAM,7.4,4.0,65.8,63,5.8,4.1,5.0,53.6,0.0,0.685,80,0
2025-02-24,SES0120,P019,CAM,8.5,9.3,64.1,49,4.8,4.5,3.4,47.4,2.3,0.604,0,0
2025-02-24,SES0120,P020,ST,7.5,5.4,51.9,66,6.5,5.1,4.8,47.8,3.4,0.552,0,0
2025-02-24,SES0120,P021,ST,7.0,6.2,74.4,59,3.7,2.6,5.4,48.7,2.5,0.664,90,0
2025-02-24,SES0120,P022,ST,8.2,4.8,51.7,67,5.4,5.7,5.1,49.4,6.0,0.704,30,0
2025-02-26,SES0121,P001,GK,6.1,2.8,53.2,56,7.7,5.2,6.0,48.1,0.7,0.539,0,0
2025-02-26,SES0121,P002,CB,5.5,1.6,61.9,59,6.8,4.6,4.3,48.1,3.0,0.602,90,0
2025-02-26,SES0121,P003,CB,5.2,1.2,60.4,64,7.8,6.0,4.4,48.8,4.0,0.539,90,0
2025-02-26,SES0121,P004,CB,6.3,2.8,59.4,58,6.4,4.1,5.1,54.5,7.9,0.704,90,0
2025-02-26,SES0121,P005,LB,6.6,2.3,44.9,60,8.0,5.3,3.3,46.8,3.0,0.56,60,0
2025-02-26,SES0121,P006,LB,4.8,1.8,63.1,64,6.8,5.1,5.2,43.6,3.5,0.573,60,0
2025-02-26,SES0121,P007,RB,7.5,2.0,55.3,62,7.9,8.1,3.7,48.6,0.9,0.518,90,0
2025-02-26,SES0121,P008,RB,6.7,3.0,45.6,63,6.6,4.1,4.0,50.7,3.7,0.59,90,0
2025-02-26,SES0121,P009,CDM,6.4,2.7,63.5,56,7.3,7.1,2.2,45.8,6.6,0.603,75,0
2025-02-26,SES0121,P010,CDM,6.8,1.1,64.7,59,5.4,4.5,4.4,48.8,4.3,0.668,45,1
2025-02-26,SES0121,P011,CM,3.9,2.5,42.9,66,7.8,4.3,4.8,49.7,8.2,0.513,45,0
2025-02-26,SES0121,P012,CM,5.3,2.6,57.1,60,6.9,5.5,5.0,50.0,9.8,0.615,90,0
2025-02-26,SES0121,P013,CM,7.6,1.9,44.1,56,6.6,5.8,2.6,49.7,3.2,0.594,75,0
2025-02-26,SES0121,P014,LW,5.7,3.5,61.8,62,6.8,5.2,3.1,52.2,0.2,0.608,60,0
2025-02-26,SES0121,P015,LW,5.8,3.4,56.6,57,5.5,6.7,2.5,50.4,2.5,0.624,90,0
2025-02-26,SES0121,P016,RW,5.9,1.0,44.4,63,8.0,6.5,2.6,45.8,8.3,0.606,45,0
2025-02-26,SES0121,P017,RW,5.7,1.7,54.1,65,7.1,6.6,2.2,47.3,8.2,0.603,75,0
2025-02-26,SES0121,P018,CAM,6.6,2.8,56.8,64,6.4,5.3,2.5,48.0,3.2,0.551,60,0
2025-02-26,SES0121,P019,CAM,5.1,2.0,44.1,62,8.1,6.7,7.2,48.7,5.1,0.667,90,0
2025-02-26,SES0121,P020,ST,6.0,1.8,61.8,53,6.2,4.4,5.0,48.9,2.0,0.552,0,0
2025-02-26,SES0121,P021,ST,5.9,4.0,46.5,61,7.8,7.2,5.2,43.8,0.9,0.564,60,0
2025-02-26,SES0121,P022,ST,8.2,3.3,51.9,63,6.1,3.0,5.2,46.6,2.6,0.632,90,0
2025-02-28,SES0122,P001,GK,6.9,7.2,70.9,57,4.3,4.4,6.1,51.4,3.1,0.678,60,0
2025-02-28,SES0122,P002,CB,7.5,5.2,70.2,60,4.3,3.7,5.1,53.5,0.0,0.634,30,0
2025-02-28,SES0122,P003,CB,10.0,6.8,77.5,47,1.0,1.0,5.3,50.8,2.3,0.689,0,0
2025-02-28,SES0122,P004,CB,8.6,6.5,71.7,55,1.1,1.0,2.9,50.6,1.1,0.723,30,0
2025-02-28,SES0122,P005,LB,7.4,8.2,69.1,52,3.2,1.7,5.7,49.3,1.4,0.606,0,0
2025-02-28,SES0122,P006,LB,7.4,7.3,61.7,53,2.8,1.6,5.2,52.6,5.9,0.704,0,0
2025-02-28,SES0122,P007,RB,9.2,8.3,66.3,56,1.3,1.0,3.4,49.5,3.3,0.661,60,0
2025-02-28,SES0122,P008,RB,8.6,7.4,56.9,61,2.8,2.7,2.8,51.1,6.1,0.646,30,0
2025-02-28,SES0122,P009,CDM,8.2,7.3,67.3,53,2.9,2.8,2.6,51.1,3.0,0.627,0,0
2025-02-28,SES0122,P010,CDM,9.0,6.2,69.0,58,3.2,3.4,4.9,47.4,0.6,0.623,30,1
2025-02-28,SES0122,P011,CM,6.0,8.5,67.2,57,3.0,2.8,6.5,47.8,0.0,0.683,80,0
2025-02-28,SES0122,P012,CM,10.0,8.1,70.6,65,1.6,1.4,3.9,56.1,0.9,0.604,0,0
2025-02-28,SES0122,P013,CM,8.6,7.5,56.9,64,1.5,2.4,4.9,55.2,3.0,0.749,0,0
2025-02-28,SES0122,P014,LW,9.6,6.3,70.2,57,2.2,1.0,4.5,57.0,3.9,0.692,0,0
2025-02-28,SES0122,P015,LW,8.8,7.0,69.9,54,2.3,1.0,3.5,51.7,0.0,0.734,90,0
2025-02-28,SES0122,P016,RW,8.6,6.3,71.1,63,3.0,2.7,4.6,46.9,5.5,0.691,30,0
2025-02-28,SES0122,P017,RW,7.3,7.7,62.8,50,1.6,1.0,5.7,47.1,4.9,0.679,0,0
2025-02-28,SES0122,P018,CAM,8.6,7.7,56.6,58,3.2,3.4,4.4,51.5,2.6,0.657,30,0
2025-02-28,SES0122,P019,CAM,9.0,7.2,74.0,53,2.0,1.2,3.9,55.3,5.8,0.636,30,0
2025-02-28,SES0122,P020,ST,9.1,8.6,66.9,50,1.4,1.0,4.8,54.6,3.3,0.646,60,0
2025-02-28,SES0122,P021,ST,9.0,9.5,78.0,52,2.0,1.0,5.5,54.9,0.0,0.768,30,0
2025-02-28,SES0122,P022,ST,8.3,5.7,53.9,58,2.9,3.8,5.5,56.1,2.8,0.711,30,0
2025-03-02,SES0123,P001,GK,7.5,5.0,61.3,52,5.1,2.9,4.6,47.0,4.8,0.652,30,0
2025-03-02,SES0123,P002,CB,6.3,6.3,72.5,56,3.5,2.6,3.6,43.8,1.5,0.698,60,0
2025-03-02,SES0123,P003,CB,6.6,7.0,71.3,55,3.6,2.9,3.6,48.8,2.2,0.595,90,0
2025-03-02,SES0123,P004,CB,5.7,6.6,56.1,56,3.9,2.4,2.3,54.2,3.8,0.566,60,0
2025-03-02,SES0123,P005,LB,6.8,9.0,67.1,61,4.4,4.9,5.7,50.3,4.4,0.666,80,0
2025-03-02,SES0123,P006,LB,7.5,9.0,79.4,57,4.9,4.7,2.8,49.7,0.1,0.653,60,1
2025-03-02,SES0123,P007,RB,8.4,8.1,65.6,56,3.1,1.4,1.4,53.5,1.2,0.619,80,0
2025-03-02,SES0123,P008,RB,7.2,6.0,73.7,64,3.1,3.3,5.2,55.6,1.5,0.684,30,0
2025-03-02,SES0123,P009,CDM,8.6,7.0,64.1,52,1.9,1.0,3.2,58.4,6.0,0.608,80,0
2025-03-02,SES0123,P010,CDM,9.2,7.4,58.6,55,2.4,2.0,2.5,55.2,6.8,0.61,0,0
2025-03-02,SES0123,P011,CM,7.8,6.3,65.5,57,2.8,1.7,4.2,58.0,6.2,0.73,80,0
2025-03-02,SES0123,P012,CM,7.6,6.9,68.3,54,3.4,1.0,4.0,56.4,4.3,0.645,60,0
2025-03-02,SES0123,P013,CM,8.5,7.4,77.2,56,4.1,4.0,3.8,55.8,4.3,0.583,30,0
2025-03-02,SES0123,P014,LW,7.7,5.7,58.1,53,3.0,3.3,2.5,42.5,5.8,0.648,0,0
2025-03-02,SES0123,P015,LW,9.7,6.4,74.4,54,2.1,1.7,2.7,53.6,1.9,0.682,30,0
2025-03-02,SES0123,P016,RW,7.7,5.9,56.2,61,3.6,4.1,3.6,44.4,3.7,0.676,0,0
2025-03-02,SES0123,P017,RW,9.7,7.7,74.0,64,4.5,3.4,2.8,52.9,5.1,0.649,90,0
2025-03-02,SES0123,P018,CAM,8.2,8.1,60.1,56,3.1,1.8,5.9,51.3,5.2,0.666,60,1
2025-03-02,SES0123,P019,CAM,7.7,6.7,51.8,51,2.4,2.2,3.2,51.9,3.4,0.671,30,0
2025-03-02,SES0123,P020,ST,7.9,6.4,78.1,66,3.3,3.2,5.1,50.3,1.9,0.566,0,0
2025-03-02,SES0123,P021,ST,7.0,6.6,65.2,58,3.4,1.2,4.6,50.7,7.4,0.623,30,0
2025-03-02,SES0123,P022,ST,8.6,4.8,60.7,59,2.8,2.6,3.4,50.1,6.6,0.679,0,0
2025-03-04,SES0124,P001,GK,6.8,5.7,74.1,65,6.5,5.2,6.5,52.0,2.6,0.598,80,0
2025-03-04,SES0124,P002,CB,8.5,9.3,54.9,62,4.7,3.3,5.8,46.9,5.5,0.583,0,0
2025-03-04,SES0124,P003,CB,6.6,7.4,54.4,54,4.1,4.2,2.5,46.5,1.3,0.684,0,0
2025-03-04,SES0124,P004,CB,6.8,6.1,61.7,60,5.2,4.0,4.1,54.0,2.3,0.586,0,0
2025-03-04,SES0124,P005,LB,7.1,8.2,63.5,57,3.7,2.5,5.0,53.4,7.0,0.707,0,0
2025-03-04,SES0124,P006,LB,8.2,8.7,61.6,56,3.6,2.3,4.7,53.8,6.5,0.682,0,0
2025-03-04,SES0124,P007,RB,9.6,4.7,57.9,60,2.1,2.3,4.4,51.6,1.4,0.65,80,0
2025-03-04,SES0124,P008,RB,7.5,5.5,67.5,47,3.0,1.6,4.2,52.3,0.0,0.678,0,0
2025-03-04,SES0124,P009,CDM,9.3,6.3,53.0,53,3.9,1.6,3.6,57.2,4.8,0.579,60,0
2025-03-04,SES0124,P010,CDM,6.6,7.8,65.9,55,2.9,1.8,5.9,49.9,4.3,0.651,0,0
2025-03-04,SES0124,P011,CM,7.7,6.8,58.4,59,5.7,3.0,6.5,51.0,4.6,0.553,30,0
2025-03-04,SES0124,P012,CM,8.1,9.2,55.8,55,4.6,6.4,1.9,53.0,6.6,0.595,60,0
2025-03-04,SES0124,P013,CM,8.0,6.1,76.4,52,3.3,1.7,6.5,50.8,4.0,0.637,80,0
2025-03-04,SES0124,P014,LW,7.6,5.9,50.2,54,4.2,2.6,5.2,54.6,5.7,0.609,30,0
2025-03-04,SES0124,P015,LW,6.9,6.4,45.7,59,5.0,3.9,5.2,48.0,0.0,0.741,30,0
2025-03-04,SES0124,P016,RW,9.2,7.3,60.8,58,2.6,1.3,3.1,51.2,7.0,0.658,30,0
2025-03-04,SES0124,P017,RW,5.9,4.5,46.1,57,5.9,4.8,3.9,47.0,3.5,0.576,60,0
2025-03-04,SES0124,P018,CAM,8.9,5.4,71.8,61,4.8,3.0,3.1,52.3,4.6,0.62,60,0
2025-03-04,SES0124,P019,CAM,8.3,5.5,70.3,54,2.3,3.2,3.8,54.1,4.2,0.671,60,0
2025-03-04,SES0124,P020,ST,5.3,5.8,46.9,62,5.8,4.5,5.3,49.6,2.7,0.556,60,0
2025-03-04,SES0124,P021,ST,6.3,7.4,74.5,61,3.8,2.9,1.2,52.7,2.4,0.685,30,0
2025-03-04,SES0124,P022,ST,8.7,8.0,57.6,58,3.7,2.1,4.1,52.8,6.5,0.622,90,0
2025-03-06,SES0125,P001,GK,6.6,5.7,64.3,55,5.7,4.3,3.6,49.4,6.0,0.601,0,0
2025-03-06,SES0125,P002,CB,8.7,7.5,57.7,66,4.7,4.1,4.8,53.4,5.3,0.565,0,0
2025-03-06,SES0125,P003,CB,7.0,5.1,52.0,59,5.8,4.1,4.2,45.8,2.9,0.57,30,0
2025-03-06,SES0125,P004,CB,7.8,3.7,62.3,61,4.9,4.2,3.1,50.4,2.3,0.536,60,0
2025-03-06,SES0125,P005,LB,6.3,4.6,62.8,57,4.4,3.8,3.1,50.1,2.4,0.656,30,0
2025-03-06,SES0125,P006,LB,5.8,6.1,42.1,60,7.7,6.8,3.3,52.5,2.7,0.526,0,0
2025-03-06,SES0125,P007,RB,7.6,4.5,54.4,60,5.7,3.5,3.8,53.1,3.7,0.655,60,0
2025-03-06,SES0125,P008,RB,6.6,3.7,75.0,61,5.2,4.7,7.7,46.8,1.5,0.699,30,0
2025-03-06,SES0125,P009,CDM,5.2,4.5,56.5,65,7.2,6.0,3.7,50.7,3.5,0.502,90,0
2025-03-06,SES0125,P010,CDM,6.0,4.1,54.6,62,8.6,6.1,4.2,46.8,5.7,0.559,80,0
2025-03-06,SES0125,P011,CM,6.6,4.8,52.5,58,6.7,5.7,5.3,50.3,3.7,0.564,60,0
2025-03-06,SES0125,P012,CM,5.5,4.3,35.3,61,8.8,5.8,2.8,47.0,3.9,0.553,90,0
2025-03-06,SES0125,P013,CM,4.8,3.7,51.4,63,6.6,4.7,4.1,50.1,1.5,0.628,30,0
2025-03-06,SES0125,P014,LW,6.2,6.2,50.0,61,5.7,6.0,3.1,48.3,3.8,0.667,60,0
2025-03-06,SES0125,P015,LW,5.8,6.3,61.3,63,7.0,4.8,7.0,50.4,4.1,0.527,30,0
2025-03-06,SES0125,P016,RW,5.3,6.9,50.9,60,6.3,7.1,1.3,43.0,5.2,0.616,90,0
2025-03-06,SES0125,P017,RW,5.9,6.8,50.5,59,7.6,7.0,4.9,52.1,6.3,0.591,0,0
2025-03-06,SES0125,P018,CAM,5.6,3.3,40.2,64,7.3,5.8,2.4,49.4,7.7,0.573,30,0
2025-03-06,SES0125,P019,CAM,6.3,3.3,55.2,64,6.5,4.7,2.9,51.5,6.1,0.523,0,0
2025-03-06,SES0125,P020,ST,3.9,4.9,44.5,70,8.4,6.7,3.8,38.0,0.0,0.471,60,0
2025-03-06,SES0125,P021,ST,7.2,5.9,63.1,58,4.8,4.0,3.3,47.2,4.1,0.611,60,0
2025-03-06,SES0125,P022,ST,7.7,6.4,59.2,66,6.1,5.9,3.2,42.8,0.0,0.548,60,0
2025-03-08,SES0126,P001,GK,7.8,5.7,57.0,64,3.0,2.1,5.4,48.2,4.1,0.671,30,0
2025-03-08,SES0126,P002,CB,9.2,6.1,60.8,56,3.9,2.3,4.9,45.8,1.2,0.601,80,0
2025-03-08,SES0126,P003,CB,7.7,2.4,62.4,64,4.2,5.4,2.9,54.1,3.3,0.538,80,0
2025-03-08,SES0126,P004,CB,5.7,4.1,37.9,63,5.9,5.4,5.7,42.6,1.7,0.695,90,0
2025-03-08,SES0126,P005,LB,5.4,4.9,39.8,66,7.9,5.5,1.9,52.9,2.3,0.53,60,0
2025-03-08,SES0126,P006,LB,10.0,6.0,60.6,60,2.0,1.0,5.0,58.1,4.4,0.665,30,0
2025-03-08,SES0126,P007,RB,6.3,4.0,69.7,51,2.8,1.0,2.1,49.1,4.1,0.655,30,0
2025-03-08,SES0126,P008,RB,7.7,3.8,73.0,60,2.5,1.6,5.9,47.8,0.0,0.752,0,0
2025-03-08,SES0126,P009,CDM,7.3,6.4,46.9,58,6.2,5.5,4.5,50.9,3.7,0.613,80,0
2025-03-08,SES0126,P010,CDM,6.3,4.6,43.4,63,6.3,4.4,4.6,43.1,7.2,0.513,0,0
2025-03-08,SES0126,P011,CM,6.5,5.5,72.4,57,6.1,4.0,2.8,44.3,5.5,0.587,0,0
2025-03-08,SES0126,P012,CM,9.3,5.1,81.5,61,1.9,1.0,4.7,48.7,1.0,0.721,0,0
2025-03-08,SES0126,P013,CM,7.1,4.4,66.7,61,6.0,4.0,3.0,51.5,4.3,0.587,60,0
2025-03-08,SES0126,P014,LW,6.9,6.2,65.7,65,3.6,2.4,4.2,55.2,5.5,0.698,60,0
2025-03-08,SES0126,P015,LW,6.8,6.4,60.0,55,5.2,3.7,6.5,51.4,6.6,0.609,0,0
2025-03-08,SES0126,P016,RW,7.8,4.7,55.5,60,4.7,3.3,5.3,53.6,9.1,0.684,30,0
2025-03-08,SES0126,P017,RW,7.7,4.9,69.6,63,3.9,3.6,4.7,50.5,0.0,0.744,0,1
2025-03-08,SES0126,P018,CAM,8.0,4.2,50.4,58,4.0,5.4,1.0,45.8,1.9,0.645,90,0
2025-03-08,SES0126,P019,CAM,4.6,6.3,49.6,62,5.1,4.8,7.0,56.2,3.9,0.673,30,0
2025-03-08,SES0126,P020,ST,6.2,3.8,56.8,56,3.6,2.6,1.0,50.2,6.3,0.689,0,0
2025-03-08,SES0126,P021,ST,8.0,3.5,62.0,57,3.8,2.2,3.7,55.1,4.0,0.734,60,0
2025-03-08,SES0126,P022,ST,6.7,5.4,75.4,62,5.0,5.9,5.7,51.9,0.0,0.513,30,0
2025-03-10,SES0127,P001,GK,8.2,1.8,68.7,59,3.9,3.6,2.9,53.9,2.5,0.655,90,0
2025-03-10,SES0127,P002,CB,6.7,4.2,55.8,65,4.9,3.9,3.2,55.8,3.3,0.672,0,0
2025-03-10,SES0127,P003,CB,8.1,7.2,72.8,62,4.1,3.2,7.4,50.7,2.2,0.663,60,0
2025-03-10,SES0127,P004,CB,9.3,5.7,64.1,59,2.8,3.0,3.3,48.1,8.2,0.656,0,0
2025-03-10,SES0127,P005,LB,7.4,3.3,73.2,59,3.5,3.2,2.6,51.7,0.5,0.679,90,0
2025-03-10,SES0127,P006,LB,6.0,6.8,57.1,51,4.0,5.3,2.5,48.9,2.4,0.58,30,0
2025-03-10,SES0127,P007,RB,6.1,4.9,74.1,55,5.7,4.8,3.5,50.4,7.8,0.587,0,0
2025-03-10,SES0127,P008,RB,8.3,4.9,79.0,59,3.0,1.7,3.5,54.3,4.0,0.792,60,0
2025-03-10,SES0127,P009,CDM,5.8,4.5,56.1,72,7.8,6.6,5.9,47.9,3.8,0.642,30,0
2025-03-10,SES0127,P010,CDM,7.2,3.4,70.5,57,4.3,5.3,4.7,41.1,3.8,0.542,0,0
2025-03-10,SES0127,P011,CM,7.1,6.0,55.9,60,5.5,5.3,4.9,46.6,4.6,0.531,30,0
2025-03-10,SES0127,P012,CM,8.1,4.3,62.8,57,4.7,5.1,3.6,49.0,4.0,0.571,0,0
2025-03-10,SES0127,P013,CM,4.7,6.4,58.5,58,6.9,6.9,2.4,43.9,5.5,0.615,0,0
2025-03-10,SES0127,P014,LW,6.9,3.2,57.0,56,4.0,2.4,5.8,43.6,1.5,0.707,30,0
2025-03-10,SES0127,P015,LW,5.4,4.7,60.2,65,5.3,3.8,4.7,47.7,5.6,0.585,90,0
2025-03-10,SES0127,P016,RW,8.5,3.9,57.6,55,2.7,2.6,4.8,58.5,6.3,0.741,80,0
2025-03-10,SES0127,P017,RW,8.3,5.9,59.9,61,4.5,3.0,4.7,56.4,5.4,0.642,30,0
2025-03-10,SES0127,P018,CAM,8.6,5.7,46.1,58,4.1,1.9,4.3,53.4,4.2,0.615,80,0
2025-03-10,SES0127,P019,CAM,6.6,5.9,48.3,60,6.3,5.3,4.5,49.4,3.2,0.565,90,0
2025-03-10,SES0127,P020,ST,7.7,3.8,57.5,59,4.1,5.0,4.0,59.4,1.5,0.671,30,0
2025-03-10,SES0127,P021,ST,8.3,6.0,58.6,60,3.2,2.6,4.6,43.0,3.4,0.651,0,0
2025-03-10,SES0127,P022,ST,7.6,6.0,57.9,60,5.1,3.9,5.2,54.0,7.0,0.67,90,0
2025-03-12,SES0128,P001,GK,7.1,5.6,73.0,56,4.1,3.7,6.8,50.7,1.1,0.621,30,0
2025-03-12,SES0128,P002,CB,10.0,6.6,73.2,54,1.4,3.5,5.0,50.8,0.8,0.71,60,0
2025-03-12,SES0128,P003,CB,5.4,9.4,66.1,70,6.3,4.3,3.0,48.5,7.0,0.521,30,0
2025-03-12,SES0128,P004,CB,8.2,10.0,61.2,61,3.3,4.5,5.6,45.8,7.0,0.755,60,0
2025-03-12,SES0128,P005,LB,6.9,7.6,63.2,60,7.0,5.9,4.5,47.4,2.7,0.535,80,0
2025-03-12,SES0128,P006,LB,6.0,9.9,58.1,63,4.6,4.5,4.1,45.8,8.2,0.626,30,0
2025-03-12,SES0128,P007,RB,6.2,9.2,67.6,60,4.9,2.2,4.9,50.8,5.8,0.578,60,0
2025-03-12,SES0128,P008,RB,7.8,7.0,68.5,52,4.8,5.2,6.6,53.5,4.1,0.665,30,0
2025-03-12,SES0128,P009,CDM,7.9,9.4,57.8,66,4.1,2.7,4.9,49.9,1.2,0.643,90,0
2025-03-12,SES0128,P010,CDM,6.0,7.4,77.1,58,4.4,4.8,6.9,45.7,5.0,0.641,30,0
2025-03-12,SES0128,P011,CM,8.8,8.6,52.5,51,2.8,1.6,4.6,53.4,2.4,0.648,0,1
2025-03-12,SES0128,P012,CM,8.2,9.2,64.6,56,2.7,2.8,4.9,57.3,3.0,0.606,0,0
2025-03-12,SES0128,P013,CM,6.1,8.5,54.0,50,4.5,4.2,7.7,49.1,5.8,0.705,0,0
2025-03-12,SES0128,P014,LW,5.3,7.8,57.5,60,5.5,3.5,8.1,55.2,3.0,0.661,30,0
2025-03-12,SES0128,P015,LW,7.6,7.3,61.5,56,4.3,3.2,3.2,44.2,2.0,0.688,0,0
2025-03-12,SES0128,P016,RW,9.2,7.8,66.9,51,1.7,2.0,3.9,50.6,4.7,0.727,0,0
2025-03-12,SES0128,P017,RW,6.5,9.5,66.6,60,4.3,3.8,3.3,44.3,2.4,0.644,30,0
2025-03-12,SES0128,P018,CAM,6.7,7.1,64.2,67,5.3,3.4,2.7,50.6,1.9,0.601,60,0
2025-03-12,SES0128,P019,CAM,7.0,8.2,59.5,61,5.6,4.3,4.8,44.9,1.4,0.645,0,0
2025-03-12,SES0128,P020,ST,5.5,9.0,55.7,64,4.9,3.3,4.4,49.3,5.2,0.592,0,0
2025-03-12,SES0128,P021,ST,10.0,8.3,59.0,54,3.7,3.1,3.1,52.0,1.5,0.592,30,0
2025-03-12,SES0128,P022,ST,6.5,6.6,63.8,59,3.6,1.4,5.2,52.4,2.7,0.631,60,0
2025-03-14,SES0129,P001,GK,5.0,3.5,65.2,59,6.4,5.9,3.4,46.3,6.9,0.628,30,0
2025-03-14,SES0129,P002,CB,9.2,4.3,74.4,60,2.9,2.2,3.4,44.9,3.5,0.618,60,0
2025-03-14,SES0129,P003,CB,9.2,5.7,58.1,59,4.4,4.4,5.4,46.0,5.7,0.641,0,0
2025-03-14,SES0129,P004,CB,8.8,5.9,57.8,57,3.8,2.5,2.9,48.0,3.1,0.621,60,0
2025-03-14,SES0129,P005,LB,8.0,7.1,57.1,54,3.2,1.7,5.0,46.4,5.7,0.59,80,0
2025-03-14,SES0129,P006,LB,9.6,5.2,67.0,64,4.0,3.7,3.7,46.7,2.6,0.641,60,0
2025-03-14,SES0129,P007,RB,6.4,5.2,82.5,62,5.5,7.1,4.2,52.6,8.3,0.571,80,0
2025-03-14,SES0129,P008,RB,8.5,5.7,69.0,58,3.1,3.1,7.0,55.8,4.1,0.626,30,0
2025-03-14,SES0129,P009,CDM,6.7,3.3,63.9,61,4.2,4.1,3.6,52.6,6.7,0.643,0,0
2025-03-14,SES0129,P010,CDM,6.3,3.6,66.3,52,4.2,3.2,3.0,50.3,2.6,0.6,80,1
2025-03-14,SES0129,P011,CM,6.6,6.4,55.6,63,5.3,5.6,2.4,50.2,4.3,0.487,30,0
2025-03-14,SES0129,P012,CM,9.4,4.6,53.6,62,4.0,3.5,5.9,54.0,5.6,0.653,0,0
2025-03-14,SES0129,P013,CM,6.5,5.3,53.1,60,6.8,5.2,3.2,45.3,0.0,0.621,60,0
2025-03-14,SES0129,P014,LW,9.3,5.0,82.4,64,3.5,4.1,5.3,53.4,0.5,0.69,60,0
2025-03-14,SES0129,P015,LW,7.8,4.6,76.0,54,2.2,1.7,3.4,53.7,4.0,0.682,80,1
2025-03-14,SES0129,P016,RW,6.7,2.8,68.4,58,3.6,2.0,5.5,54.2,2.9,0.654,0,0
2025-03-14,SES0129,P017,RW,8.4,5.6,73.5,60,3.8,3.9,5.4,47.6,0.0,0.655,0,0
2025-03-14,SES0129,P018,CAM,7.1,6.8,68.5,56,4.0,2.3,1.2,55.8,2.1,0.669,60,0
2025-03-14,SES0129,P019,CAM,7.3,4.4,54.9,63,4.0,3.5,7.1,51.1,6.2,0.649,30,0
2025-03-14,SES0129,P020,ST,6.5,2.5,61.6,60,5.3,3.7,6.5,47.9,2.5,0.542,80,0
2025-03-14,SES0129,P021,ST,8.7,4.2,54.4,59,2.8,1.2,4.5,48.5,2.1,0.753,60,1
2025-03-14,SES0129,P022,ST,8.9,5.6,63.2,55,3.5,3.9,3.5,47.2,0.0,0.677,60,0
2025-03-16,SES0130,P001,GK,7.1,7.2,59.1,67,5.4,3.0,4.9,53.2,3.3,0.602,0,0
2025-03-16,SES0130,P002,CB,5.1,10.0,55.3,62,6.3,3.5,7.4,54.8,7.1,0.49,60,0
2025-03-16,SES0130,P003,CB,9.0,8.4,64.7,57,3.6,2.1,3.2,55.3,5.6,0.608,30,0
2025-03-16,SES0130,P004,CB,8.7,5.8,53.5,57,5.3,5.7,2.1,50.7,2.0,0.671,0,0
2025-03-16,SES0130,P005,LB,8.3,9.1,61.4,63,6.1,4.1,6.2,47.3,6.5,0.522,0,0
2025-03-16,SES0130,P006,LB,8.8,8.2,67.8,55,3.4,2.4,6.2,51.0,0.0,0.696,0,0
2025-03-16,SES0130,P007,RB,5.6,10.0,42.5,65,6.3,4.7,5.1,51.5,7.9,0.548,0,0
2025-03-16,SES0130,P008,RB,5.8,7.3,44.0,55,6.4,6.7,4.7,45.1,5.7,0.554,0,0
2025-03-16,SES0130,P009,CDM,7.1,7.9,71.5,59,5.0,2.8,6.1,51.7,5.0,0.663,30,0
2025-03-16,SES0130,P010,CDM,5.7,6.7,61.7,60,5.5,4.9,5.0,50.1,3.9,0.58,30,0
2025-03-16,SES0130,P011,CM,5.8,7.7,69.5,49,2.6,2.2,5.5,49.4,6.5,0.676,60,0
2025-03-16,SES0130,P012,CM,6.7,7.7,52.8,51,3.7,2.6,5.5,47.3,9.6,0.711,30,0
2025-03-16,SES0130,P013,CM,6.4,6.9,55.7,62,7.0,5.1,2.6,54.0,0.0,0.509,0,0
2025-03-16,SES0130,P014,LW,7.6,5.6,48.2,58,4.2,4.9,2.7,50.5,3.4,0.628,0,0
2025-03-16,SES0130,P015,LW,7.8,6.1,65.4,63,5.8,4.9,5.0,49.1,0.2,0.582,90,0
2025-03-16,SES0130,P016,RW,8.9,8.4,63.0,65,3.3,1.4,4.8,54.8,6.5,0.661,0,0
2025-03-16,SES0130,P017,RW,6.0,7.1,54.5,60,4.5,5.1,6.4,49.9,6.4,0.563,90,0
2025-03-16,SES0130,P018,CAM,7.1,6.9,54.9,59,3.7,2.7,5.2,48.6,6.0,0.585,0,0
2025-03-16,SES0130,P019,CAM,7.4,6.9,59.8,58,4.6,4.2,3.4,54.4,2.9,0.695,0,0
2025-03-16,SES0130,P020,ST,6.6,7.3,57.5,59,5.6,5.2,5.3,52.4,3.4,0.621,30,0
2025-03-16,SES0130,P021,ST,7.3,9.4,70.7,61,4.7,4.5,3.5,53.8,1.8,0.649,0,0
2025-03-16,SES0130,P022,ST,6.4,5.3,51.1,54,5.9,5.9,4.8,48.8,7.0,0.614,0,0
2025-03-18,SES0131,P001,GK,8.8,3.8,70.4,64,3.4,2.6,4.5,49.0,0.7,0.667,0,0
2025-03-18,SES0131,P002,CB,9.3,6.2,59.6,60,4.5,3.7,5.6,51.3,6.3,0.643,0,0
2025-03-18,SES0131,P003,CB,7.2,6.2,59.3,57,3.6,1.0,3.2,47.9,6.3,0.604,30,0
2025-03-18,SES0131,P004,CB,6.5,7.0,59.5,57,4.4,2.9,4.3,47.0,3.3,0.648,80,0
2025-03-18,SES0131,P005,LB,7.0,6.5,56.3,61,4.8,2.7,2.3,50.5,6.8,0.587,30,0
2025-03-18,SES0131,P006,LB,6.8,3.0,67.9,62,3.2,2.3,4.0,52.4,3.8,0.63,30,0
2025-03-18,SES0131,P007,RB,8.3,8.1,48.7,60,3.4,2.8,2.8,61.3,7.4,0.63,60,0
2025-03-18,SES0131,P008,RB,5.3,5.8,60.3,61,4.2,4.3,6.3,47.9,3.9,0.638,0,0
2025-03-18,SES0131,P009,CDM,7.7,6.0,56.0,59,4.1,3.2,2.7,53.1,4.2,0.617,0,0
2025-03-18,SES0131,P010,CDM,9.4,6.2,60.7,51,2.3,1.0,7.0,58.1,2.7,0.688,60,0
2025-03-18,SES0131,P011,CM,3.4,6.4,47.9,52,5.2,3.5,4.5,44.8,8.7,0.551,0,0
2025-03-18,SES0131,P012,CM,9.4,7.9,73.9,55,1.5,3.2,7.1,50.6,0.0,0.636,0,0
2025-03-18,SES0131,P013,CM,9.2,6.0,71.9,58,3.2,2.2,3.4,47.8,3.1,0.603,30,0
2025-03-18,SES0131,P014,LW,6.3,6.5,73.2,58,3.8,2.2,3.9,50.5,4.9,0.596,30,0
2025-03-18,SES0131,P015,LW,6.9,7.6,72.0,64,5.1,3.9,2.2,54.2,10.5,0.645,0,0
2025-03-18,SES0131,P016,RW,7.3,5.9,54.8,62,6.2,5.0,6.2,49.3,3.1,0.614,90,0
2025-03-18,SES0131,P017,RW,8.2,4.5,76.2,60,2.8,3.0,3.7,45.6,7.3,0.759,0,0
2025-03-18,SES0131,P018,CAM,5.9,6.9,70.5,56,3.9,2.8,4.0,53.1,0.0,0.61,30,0
2025-03-18,SES0131,P019,CAM,7.4,6.9,69.3,54,5.7,4.9,1.6,47.5,3.4,0.557,0,0
2025-03-18,SES0131,P020,ST,8.1,6.4,68.3,50,3.0,3.0,4.8,52.1,7.1,0.683,90,0
2025-03-18,SES0131,P021,ST,8.9,5.4,69.8,56,2.7,2.7,4.9,52.6,3.8,0.647,60,0
2025-03-18,SES0131,P022,ST,7.0,7.1,77.2,58,4.4,3.3,5.1,49.0,6.3,0.638,30,0
2025-03-20,SES0132,P001,GK,7.7,7.7,53.3,61,3.7,2.4,5.9,51.7,8.8,0.661,90,0
2025-03-20,SES0132,P002,CB,6.8,10.0,46.2,66,6.0,3.7,3.9,53.0,4.6,0.609,0,1
2025-03-20,SES0132,P003,CB,7.5,8.5,71.0,53,4.3,2.1,5.0,55.5,7.0,0.654,90,0
2025-03-20,SES0132,P004,CB,6.2,10.0,69.8,57,4.4,5.6,3.4,53.5,2.9,0.658,0,0
2025-03-20,SES0132,P005,LB,6.5,9.4,59.3,58,5.8,4.4,3.5,44.5,7.3,0.653,60,0
2025-03-20,SES0132,P006,LB,6.0,10.0,42.5,63,6.8,6.7,3.4,48.1,6.6,0.554,0,0
2025-03-20,SES0132,P007,RB,5.9,8.4,59.2,65,5.2,4.7,4.2,50.2,7.0,0.615,60,0
2025-03-20,SES0132,P008,RB,8.7,7.7,74.7,59,3.9,3.3,3.9,46.0,2.8,0.701,0,0
2025-03-20,SES0132,P009,CDM,8.2,9.1,64.0,62,4.6,4.2,3.6,49.4,12.2,0.656,30,0
2025-03-20,SES0132,P010,CDM,8.6,10.0,68.1,63,4.5,4.4,5.2,50.6,7.6,0.488,90,0
2025-03-20,SES0132,P011,CM,8.0,8.8,60.7,58,5.6,3.7,4.4,49.8,5.3,0.53,90,0
2025-03-20,SES0132,P012,CM,6.6,8.2,67.7,59,5.6,5.3,5.2,55.6,7.1,0.627,0,0
2025-03-20,SES0132,P013,CM,8.4,9.2,65.8,64,4.5,4.2,3.4,49.5,3.9,0.58,60,0
2025-03-20,SES0132,P014,LW,6.7,7.9,71.9,58,4.8,2.6,2.8,54.2,4.4,0.704,60,0
2025-03-20,SES0132,P015,LW,6.4,8.3,69.6,57,2.7,3.2,1.0,46.0,2.0,0.626,30,0
2025-03-20,SES0132,P016,RW,6.5,8.6,59.5,60,4.7,4.6,6.7,42.8,2.6,0.59,0,0
2025-03-20,SES0132,P017,RW,7.9,9.8,71.4,62,5.0,5.0,4.2,50.7,2.5,0.579,30,0
2025-03-20,SES0132,P018,CAM,4.6,9.0,41.0,66,5.9,5.6,7.2,51.3,7.2,0.53,0,0
2025-03-20,SES0132,P019,CAM,5.5,8.7,54.2,68,6.9,5.5,2.6,43.6,5.6,0.572,30,0
2025-03-20,SES0132,P020,ST,7.4,9.5,37.5,65,6.2,6.8,4.5,52.5,5.8,0.61,0,0
2025-03-20,SES0132,P021,ST,9.3,8.4,54.9,61,4.3,3.6,3.7,51.7,7.7,0.717,60,0
2025-03-20,SES0132,P022,ST,7.3,9.8,58.2,61,3.8,2.5,6.9,47.7,0.3,0.596,90,0
2025-03-22,SES0133,P001,GK,9.7,10.0,72.1,58,3.6,3.7,6.2,49.0,1.6,0.704,0,0
2025-03-22,SES0133,P002,CB,7.0,8.8,55.2,59,4.9,2.9,6.4,50.8,4.3,0.593,30,0
2025-03-22,SES0133,P003,CB,9.5,5.9,71.4,52,1.2,3.0,6.2,49.4,3.5,0.745,0,0
2025-03-22,SES0133,P004,CB,8.7,7.1,68.1,52,3.4,2.2,7.3,52.6,4.5,0.7,80,0
2025-03-22,SES0133,P005,LB,10.0,8.5,52.8,57,3.0,2.3,2.9,46.4,2.2,0.625,60,0
2025-03-22,SES0133,P006,LB,8.2,4.9,51.7,51,3.1,1.0,3.6,57.8,7.9,0.616,30,0
2025-03-22,SES0133,P007,RB,7.3,10.0,64.4,65,6.0,4.5,3.3,47.0,8.8,0.597,0,0
2025-03-22,SES0133,P008,RB,10.0,6.1,66.3,49,1.6,1.1,1.7,52.8,7.1,0.688,90,0
2025-03-22,SES0133,P009,CDM,9.2,7.9,66.2,59,3.3,5.3,4.0,44.7,1.4,0.687,60,0
2025-03-22,SES0133,P010,CDM,7.8,5.7,59.1,62,5.0,4.1,4.7,52.3,5.4,0.611,60,0
2025-03-22,SES0133,P011,CM,8.4,6.0,70.9,57,2.9,1.9,3.1,54.0,0.2,0.705,60,0
2025-03-22,SES0133,P012,CM,6.2,9.0,71.5,60,4.7,4.0,3.9,50.7,7.9,0.668,0,0
2025-03-22,SES0133,P013,CM,6.5,8.4,55.4,64,4.6,3.5,5.0,53.6,3.9,0.618,60,0
2025-03-22,SES0133,P014,LW,9.9,6.6,74.2,51,1.3,1.0,4.9,53.5,5.7,0.709,0,0
2025-03-22,SES0133,P015,LW,6.8,8.6,69.9,61,3.4,3.2,7.3,46.9,0.0,0.6,30,1
2025-03-22,SES0133,P016,RW,10.0,7.2,59.9,56,3.0,1.1,1.7,39.9,3.6,0.656,60,0
2025-03-22,SES0133,P017,RW,8.0,5.2,65.2,56,2.7,4.5,6.3,47.9,6.6,0.698,30,0
2025-03-22,SES0133,P018,CAM,5.7,7.9,56.4,56,4.7,4.1,2.0,50.5,5.9,0.609,90,0
2025-03-22,SES0133,P019,CAM,7.4,6.2,66.8,58,2.9,1.5,6.4,52.9,4.5,0.693,60,0
2025-03-22,SES0133,P020,ST,8.2,7.8,72.3,65,4.6,5.4,5.0,53.0,5.6,0.616,0,0
2025-03-22,SES0133,P021,ST,9.9,7.5,48.4,59,3.5,3.5,4.5,51.4,3.6,0.532,30,0
2025-03-22,SES0133,P022,ST,8.1,6.9,62.0,65,4.2,3.0,4.0,52.8,6.0,0.64,0,0
2025-03-24,SES0134,P001,GK,5.4,4.2,46.7,58,7.5,5.3,4.7,50.5,0.0,0.534,30,0
2025-03-24,SES0134,P002,CB,7.1,3.5,68.2,51,3.0,1.5,3.3,55.2,7.3,0.743,0,0
2025-03-24,SES0134,P003,CB,7.3,6.0,70.1,52,4.0,2.0,5.6,49.0,1.2,0.601,30,0
2025-03-24,SES0134,P004,CB,6.3,4.2,64.8,56,4.9,4.4,2.9,50.5,3.9,0.591,0,0
2025-03-24,SES0134,P005,LB,9.7,4.3,65.4,59,3.1,3.6,6.3,49.5,0.0,0.613,60,0
2025-03-24,SES0134,P006,LB,8.7,5.6,54.2,53,3.5,1.9,5.4,50.8,2.0,0.614,60,0
2025-03-24,SES0134,P007,RB,7.3,6.4,64.5,64,4.5,4.1,6.5,52.7,4.7,0.651,30,0
2025-03-24,SES0134,P008,RB,9.6,4.5,61.3,61,4.5,4.9,3.6,49.3,5.3,0.531,90,0
2025-03-24,SES0134,P009,CDM,7.9,5.3,58.9,60,4.2,3.6,3.5,52.2,3.0,0.55,60,0
2025-03-24,SES0134,P010,CDM,6.9,5.5,73.4,63,4.4,2.5,4.5,47.0,8.7,0.611,0,1
2025-03-24,SES0134,P011,CM,6.9,4.1,60.3,57,4.3,4.0,3.9,53.1,5.9,0.589,30,0
2025-03-24,SES0134,P012,CM,5.7,3.0,62.9,64,4.3,4.4,4.0,55.9,0.5,0.625,60,0
2025-03-24,SES0134,P013,CM,7.8,6.0,66.8,64,5.8,4.7,4.0,45.2,6.0,0.594,0,0
2025-03-24,SES0134,P014,LW,6.7,4.0,64.2,60,4.4,3.2,4.6,50.2,4.4,0.577,0,0
2025-03-24,SES0134,P015,LW,7.4,6.6,54.1,61,4.4,2.2,4.9,42.7,6.0,0.67,60,0
2025-03-24,SES0134,P016,RW,8.7,4.7,73.9,62,3.8,2.4,5.4,48.4,4.2,0.679,60,0
2025-03-24,SES0134,P017,RW,7.3,5.4,73.2,59,4.2,3.7,4.7,51.7,3.6,0.633,30,0
2025-03-24,SES0134,P018,CAM,9.1,4.6,51.0,54,4.7,4.3,6.1,54.6,6.0,0.71,30,0
2025-03-24,SES0134,P019,CAM,6.5,6.2,47.0,60,6.6,4.4,4.4,49.8,4.5,0.611,60,0
2025-03-24,SES0134,P020,ST,7.1,6.2,68.2,63,6.0,4.2,3.3,48.1,1.3,0.502,30,0
2025-03-24,SES0134,P021,ST,7.0,5.9,62.2,55,5.9,6.8,4.1,50.4,3.2,0.643,0,1
2025-03-24,SES0134,P022,ST,8.6,6.9,78.1,61,2.8,3.1,5.9,53.6,3.9,0.666,30,0
2025-03-26,SES0135,P001,GK,7.2,6.1,36.8,63,7.5,5.6,5.2,48.5,3.6,0.649,80,0
2025-03-26,SES0135,P002,CB,7.5,7.7,53.2,63,6.3,4.1,5.0,50.7,4.2,0.497,60,0
2025-03-26,SES0135,P003,CB,7.3,8.5,57.1,65,4.0,3.7,5.4,52.1,1.7,0.683,80,1
2025-03-26,SES0135,P004,CB,6.6,8.2,61.2,59,5.6,5.7,4.3,49.6,4.3,0.639,0,0
2025-03-26,SES0135,P005,LB,7.4,6.0,72.1,61,4.8,4.0,5.9,49.1,5.0,0.679,30,0
2025-03-26,SES0135,P006,LB,7.0,8.6,66.3,60,6.0,4.4,4.4,54.0,3.2,0.624,30,0
2025-03-26,SES0135,P007,RB,8.2,7.6,71.5,58,3.1,3.7,4.8,49.5,3.5,0.717,80,0
2025-03-26,SES0135,P008,RB,6.0,7.4,49.3,61,7.0,6.1,3.3,47.7,7.2,0.541,30,0
2025-03-26,SES0135,P009,CDM,6.8,7.7,71.1,52,5.0,3.4,4.5,50.6,2.0,0.687,30,0
2025-03-26,SES0135,P010,CDM,6.7,6.7,45.9,61,5.3,4.1,2.2,49.8,4.5,0.589,60,0
2025-03-26,SES0135,P011,CM,6.6,7.0,56.4,64,5.3,3.6,6.6,54.4,5.1,0.602,30,0
2025-03-26,SES0135,P012,CM,6.7,7.3,63.6,65,7.0,6.7,4.3,52.5,3.4,0.557,60,0
2025-03-26,SES0135,P013,CM,7.3,6.8,57.7,61,3.5,2.6,5.1,50.8,9.4,0.661,80,0
2025-03-26,SES0135,P014,LW,6.8,7.5,62.2,61,6.3,4.2,5.5,49.9,4.0,0.561,60,0
2025-03-26,SES0135,P015,LW,6.8,7.8,58.0,63,5.7,5.3,6.1,49.9,3.4,0.629,30,1
2025-03-26,SES0135,P016,RW,6.8,8.0,64.2,63,5.1,5.2,3.3,50.8,4.5,0.671,60,0
2025-03-26,SES0135,P017,RW,5.8,7.3,58.0,56,6.8,5.5,4.4,49.2,3.0,0.491,0,0
2025-03-26,SES0135,P018,CAM,7.1,5.9,53.5,65,5.0,4.3,1.8,54.7,0.9,0.586,0,0
2025-03-26,SES0135,P019,CAM,8.6,6.7,52.2,60,4.3,4.3,6.3,44.1,4.7,0.742,90,0
2025-03-26,SES0135,P020,ST,8.6,8.7,56.8,59,4.5,4.7,5.1,51.0,7.3,0.61,80,0
2025-03-26,SES0135,P021,ST,6.3,8.5,49.5,61,6.1,6.0,3.6,46.8,2.5,0.681,0,1
2025-03-26,SES0135,P022,ST,7.3,8.4,53.3,59,5.1,4.7,3.0,54.8,0.2,0.631,60,0
2025-03-28,SES0136,P001,GK,7.4,5.1,77.0,63,4.6,3.8,4.3,48.5,5.2,0.537,60,0
2025-03-28,SES0136,P002,CB,7.5,7.1,52.0,57,5.8,4.4,3.5,51.7,4.4,0.612,0,0
2025-03-28,SES0136,P003,CB,8.4,7.0,60.2,62,4.4,2.6,6.3,45.6,2.3,0.675,0,0
2025-03-28,SES0136,P004,CB,6.6,8.0,55.3,60,6.0,5.7,4.6,51.4,4.6,0.502,30,0
2025-03-28,SES0136,P005,LB,8.0,7.9,61.9,57,4.7,4.3,7.0,48.3,1.4,0.606,0,0
2025-03-28,SES0136,P006,LB,7.2,6.4,59.8,57,4.1,2.9,3.9,49.5,0.1,0.663,0,0
2025-03-28,SES0136,P007,RB,5.3,8.9,60.9,61,3.8,2.5,1.0,56.7,3.4,0.618,60,0
2025-03-28,SES0136,P008,RB,5.6,7.6,47.8,53,4.2,3.1,5.6,50.4,1.9,0.714,0,0
2025-03-28,SES0136,P009,CDM,6.2,4.6,73.0,56,2.6,1.5,2.7,56.8,3.6,0.68,90,0
2025-03-28,SES0136,P010,CDM,7.6,5.7,70.3,65,4.4,3.0,7.9,50.4,1.2,0.629,0,0
2025-03-28,SES0136,P011,CM,6.8,7.1,69.4,56,3.9,4.0,4.3,54.4,6.4,0.637,0,0
2025-03-28,SES0136,P012,CM,7.4,8.5,61.8,64,5.4,4.3,6.3,51.5,8.6,0.625,0,0
2025-03-28,SES0136,P013,CM,9.1,7.7,50.9,58,4.0,4.3,2.7,50.1,8.0,0.53,0,0
2025-03-28,SES0136,P014,LW,6.0,6.8,70.9,61,4.2,4.5,7.2,58.5,5.3,0.574,0,0
2025-03-28,SES0136,P015,LW,8.1,9.3,42.1,62,4.7,4.1,2.0,51.9,3.1,0.721,60,0
2025-03-28,SES0136,P016,RW,6.8,8.7,62.3,58,4.3,3.9,2.7,51.6,2.4,0.628,30,0
2025-03-28,SES0136,P017,RW,6.3,9.9,56.3,59,5.8,5.2,4.3,47.1,4.3,0.638,30,0
2025-03-28,SES0136,P018,CAM,7.7,7.4,59.7,56,4.9,4.9,3.8,54.4,4.1,0.652,60,0
2025-03-28,SES0136,P019,CAM,9.0,7.1,62.5,54,4.5,2.8,3.0,51.8,7.6,0.683,60,0
2025-03-28,SES0136,P020,ST,7.4,6.1,76.0,58,3.0,2.7,5.7,52.3,5.0,0.69,0,0
2025-03-28,SES0136,P021,ST,7.1,7.9,44.5,58,6.5,5.5,5.4,44.3,0.0,0.632,0,0
2025-03-28,SES0136,P022,ST,6.9,4.2,64.1,67,6.6,5.5,2.1,52.0,3.2,0.611,60,0
2025-03-30,SES0137,P001,GK,3.8,2.7,50.5,64,6.9,4.1,2.7,50.1,6.1,0.562,0,0
2025-03-30,SES0137,P002,CB,6.0,3.6,58.2,51,5.7,5.7,3.7,49.4,3.6,0.61,90,0
2025-03-30,SES0137,P003,CB,4.4,4.0,62.0,61,6.0,6.7,3.4,49.0,4.8,0.65,60,0
2025-03-30,SES0137,P004,CB,5.3,5.9,57.1,57,5.7,4.6,5.5,44.5,4.1,0.561,90,1
2025-03-30,SES0137,P005,LB,8.7,5.3,73.5,56,5.0,3.5,2.9,45.7,6.4,0.633,80,0
2025-03-30,SES0137,P006,LB,4.7,3.1,54.8,56,4.7,4.0,3.6,53.4,0.1,0.691,30,0
2025-03-30,SES0137,P007,RB,7.1,4.1,51.5,60,5.8,5.0,2.6,48.8,6.4,0.581,60,0
2025-03-30,SES0137,P008,RB,8.8,6.1,57.6,53,4.4,2.6,3.8,55.3,8.4,0.603,30,0
2025-03-30,SES0137,P009,CDM,6.5,2.6,41.5,56,5.6,4.5,3.7,45.6,0.1,0.572,60,0
2025-03-30,SES0137,P010,CDM,4.9,3.8,57.3,59,7.2,7.2,2.7,54.2,7.1,0.613,90,0
2025-03-30,SES0137,P011,CM,4.4,3.3,44.3,57,6.2,7.3,4.6,45.2,5.3,0.686,80,1
2025-03-30,SES0137,P012,CM,7.3,5.9,80.4,66,4.8,3.9,6.6,50.2,5.4,0.578,80,0
2025-03-30,SES0137,P013,CM,5.7,4.3,80.3,64,4.1,1.9,4.5,48.5,7.1,0.708,0,0
2025-03-30,SES0137,P014,LW,6.7,5.9,49.0,62,5.6,3.8,5.3,49.6,10.5,0.534,60,0
2025-03-30,SES0137,P015,LW,7.1,3.9,37.5,60,6.3,5.4,3.2,45.8,5.7,0.663,30,0
2025-03-30,SES0137,P016,RW,7.8,6.1,52.4,61,5.0,4.1,4.1,51.5,1.6,0.623,60,0
2025-03-30,SES0137,P017,RW,8.4,3.3,55.5,60,4.6,2.3,6.4,49.3,3.9,0.686,80,0
2025-03-30,SES0137,P018,CAM,6.0,5.5,61.5,57,5.9,4.2,4.9,48.9,4.5,0.582,0,0
2025-03-30,SES0137,P019,CAM,8.1,3.7,67.1,58,3.8,2.1,5.4,54.3,7.7,0.662,0,0
2025-03-30,SES0137,P020,ST,6.6,5.8,44.9,66,6.3,4.1,4.2,52.4,6.6,0.591,30,0
2025-03-30,SES0137,P021,ST,5.7,4.9,43.3,60,6.7,5.7,5.8,47.1,5.4,0.585,0,0
2025-03-30,SES0137,P022,ST,6.9,5.7,80.2,58,3.7,1.0,5.1,47.4,0.6,0.583,0,0
2025-04-01,SES0138,P001,GK,3.7,1.0,35.0,67,7.9,7.8,3.0,42.6,7.1,0.581,60,0
2025-04-01,SES0138,P002,CB,5.7,3.0,40.3,63,9.2,6.7,4.2,49.8,2.5,0.556,45,0
2025-04-01,SES0138,P003,CB,4.5,1.7,61.1,58,7.1,5.8,4.6,43.9,3.4,0.559,75,0
2025-04-01,SES0138,P004,CB,5.3,3.7,41.5,59,8.1,5.9,3.9,48.8,9.2,0.591,75,0
2025-04-01,SES0138,P005,LB,6.6,1.1,64.7,61,7.5,6.4,9.7,50.3,3.8,0.614,90,0
2025-04-01,SES0138,P006,LB,5.8,3.2,49.9,60,7.3,6.7,5.0,47.5,3.6,0.638,75,0
2025-04-01,SES0138,P007,RB,4.0,1.3,68.1,63,7.8,5.9,4.2,47.1,8.9,0.523,75,0
2025-04-01,SES0138,P008,RB,3.0,3.0,49.2,66,9.5,5.6,2.3,43.1,5.1,0.639,90,1
2025-04-01,SES0138,P009,CDM,3.9,1.0,37.3,69,8.2,5.5,4.2,49.3,6.3,0.598,90,0
2025-04-01,SES0138,P010,CDM,4.9,1.3,53.2,56,8.7,7.2,5.1,44.5,5.5,0.634,75,0
2025-04-01,SES0138,P011,CM,5.1,2.9,48.8,62,8.9,6.4,5.2,51.3,3.9,0.486,75,0
2025-04-01,SES0138,P012,CM,5.8,2.1,57.3,63,6.4,5.4,3.5,49.1,2.1,0.633,90,0
2025-04-01,SES0138,P013,CM,4.1,1.3,56.3,66,8.6,5.6,4.6,40.9,5.5,0.546,60,0
2025-04-01,SES0138,P014,LW,6.2,2.1,54.0,66,6.6,4.0,2.7,46.3,4.9,0.589,45,0
2025-04-01,SES0138,P015,LW,4.3,3.1,45.5,65,7.6,7.3,4.8,53.6,4.7,0.513,90,0
2025-04-01,SES0138,P016,RW,6.7,2.0,61.6,64,6.0,4.2,3.5,47.9,5.3,0.525,75,0
2025-04-01,SES0138,P017,RW,4.7,3.2,60.4,64,9.3,6.0,4.6,52.4,5.0,0.601,75,0
2025-04-01,SES0138,P018,CAM,4.9,3.5,49.7,66,8.3,7.0,3.2,42.2,2.2,0.659,75,0
2025-04-01,SES0138,P019,CAM,4.7,2.6,45.9,66,6.5,4.4,3.5,48.3,4.1,0.542,75,0
2025-04-01,SES0138,P020,ST,4.4,2.0,60.0,64,6.7,2.2,5.7,50.6,5.5,0.608,75,0
2025-04-01,SES0138,P021,ST,4.9,4.1,55.8,64,8.6,6.9,6.6,48.8,2.6,0.434,90,0
2025-04-01,SES0138,P022,ST,5.4,3.5,66.7,67,8.2,5.7,4.5,46.1,0.0,0.49,90,0
2025-04-03,SES0139,P001,GK,5.8,5.4,53.4,57,6.4,6.9,6.4,49.4,0.0,0.58,30,0
2025-04-03,SES0139,P002,CB,6.7,4.8,70.8,63,6.8,4.2,6.7,48.9,2.2,0.635,90,0
2025-04-03,SES0139,P003,CB,6.8,5.9,49.0,59,4.6,4.2,3.4,49.2,2.1,0.69,80,0
2025-04-03,SES0139,P004,CB,8.4,6.6,66.1,57,5.1,5.9,3.2,50.9,5.3,0.684,30,0
2025-04-03,SES0139,P005,LB,9.1,5.8,80.2,55,4.0,4.4,4.2,51.3,3.0,0.631,60,0
2025-04-03,SES0139,P006,LB,6.2,5.5,66.0,66,5.9,5.7,5.2,45.8,0.0,0.61,80,0
2025-04-03,SES0139,P007,RB,7.0,5.7,48.1,56,4.2,3.4,3.1,52.8,5.6,0.703,0,0
2025-04-03,SES0139,P008,RB,6.4,5.3,57.4,58,5.8,4.4,5.6,51.9,6.4,0.665,0,0
2025-04-03,SES0139,P009,CDM,9.1,7.3,67.1,66,4.6,4.5,5.8,50.5,7.5,0.699,30,0
2025-04-03,SES0139,P010,CDM,7.7,5.9,52.4,61,4.7,2.7,7.7,51.2,3.7,0.686,30,0
2025-04-03,SES0139,P011,CM,5.0,5.6,60.2,69,6.3,3.6,4.2,55.7,0.1,0.579,30,0
2025-04-03,SES0139,P012,CM,7.8,5.8,66.6,55,4.0,2.9,7.7,48.2,5.0,0.607,60,0
2025-04-03,SES0139,P013,CM,7.9,6.2,65.9,54,5.4,5.6,4.5,53.9,4.9,0.567,30,0
2025-04-03,SES0139,P014,LW,7.3,4.7,59.2,49,3.2,2.1,7.5,46.7,1.8,0.662,30,0
2025-04-03,SES0139,P015,LW,6.0,3.8,68.2,62,4.9,4.5,5.2,55.2,4.5,0.663,90,0
2025-04-03,SES0139,P016,RW,6.8,5.1,61.1,53,4.9,5.0,6.7,49.5,5.0,0.708,0,1
2025-04-03,SES0139,P017,RW,6.4,5.8,65.4,59,4.3,2.1,6.1,50.7,8.4,0.55,0,0
2025-04-03,SES0139,P018,CAM,6.8,7.0,51.7,66,5.2,3.1,4.6,44.7,3.4,0.564,0,0
2025-04-03,SES0139,P019,CAM,7.3,3.5,77.0,59,4.4,3.4,5.3,53.8,2.9,0.697,0,0
2025-04-03,SES0139,P020,ST,9.0,6.1,74.0,63,4.0,1.9,4.5,54.2,10.9,0.651,0,1
2025-04-03,SES0139,P021,ST,7.9,7.2,78.9,55,3.4,3.3,3.3,45.2,8.8,0.703,90,0
2025-04-03,SES0139,P022,ST,5.4,6.2,58.3,65,6.1,4.9,4.8,48.3,8.0,0.643,0,0
2025-04-05,SES0140,P001,GK,6.0,5.5,45.0,54,5.5,5.1,5.0,47.8,0.0,0.688,90,0
2025-04-05,SES0140,P002,CB,7.1,6.3,72.3,50,1.0,1.6,4.0,58.6,0.8,0.808,0,0
2025-04-05,SES0140,P003,CB,6.8,6.8,61.0,61,5.7,3.1,3.5,48.0,6.1,0.663,0,0
2025-04-05,SES0140,P004,CB,6.4,7.9,67.0,58,4.1,1.9,4.5,44.9,5.7,0.661,60,0
2025-04-05,SES0140,P005,LB,7.7,7.9,82.6,56,3.9,5.3,4.0,49.9,5.7,0.601,90,0
2025-04-05,SES0140,P006,LB,6.0,7.5,53.7,61,5.6,4.2,3.1,50.6,2.9,0.587,80,0
2025-04-05,SES0140,P007,RB,6.0,6.1,62.4,54,4.5,4.6,8.0,49.6,1.3,0.584,90,0
2025-04-05,SES0140,P008,RB,8.2,7.7,67.1,66,4.1,4.0,2.4,52.2,0.0,0.629,30,0
2025-04-05,SES0140,P009,CDM,9.2,4.3,67.2,51,2.7,2.4,4.0,50.2,6.1,0.649,60,0
2025-04-05,SES0140,P010,CDM,6.2,6.7,57.0,62,4.9,3.8,5.2,49.6,4.6,0.604,60,0
2025-04-05,SES0140,P011,CM,8.9,8.6,57.8,56,2.7,1.4,4.6,52.4,8.1,0.654,0,0
2025-04-05,SES0140,P012,CM,5.8,6.0,76.6,62,3.9,4.4,6.7,51.0,3.4,0.641,30,0
2025-04-05,SES0140,P013,CM,9.5,6.0,60.3,63,5.1,4.6,5.8,48.4,6.7,0.663,0,0
2025-04-05,SES0140,P014,LW,9.4,7.0,36.4,66,3.2,3.0,5.1,54.4,4.6,0.608,0,0
2025-04-05,SES0140,P015,LW,7.5,7.8,64.2,62,2.7,2.6,3.4,53.3,1.6,0.627,90,0
2025-04-05,SES0140,P016,RW,7.3,5.9,65.4,55,5.0,3.2,4.0,48.8,5.8,0.699,0,0
2025-04-05,SES0140,P017,RW,7.3,5.2,48.6,58,4.5,4.5,4.5,48.2,0.0,0.622,0,0
2025-04-05,SES0140,P018,CAM,5.8,7.4,48.1,61,5.5,3.1,3.1,52.8,6.8,0.576,0,0
2025-04-05,SES0140,P019,CAM,7.2,4.5,42.5,65,4.4,3.6,2.3,49.3,3.4,0.659,60,1
2025-04-05,SES0140,P020,ST,8.6,6.2,61.1,48,1.5,1.0,5.1,56.9,5.1,0.689,60,0
2025-04-05,SES0140,P021,ST,9.2,3.7,71.5,57,3.5,1.6,4.3,51.8,1.4,0.715,0,0
2025-04-05,SES0140,P022,ST,7.4,5.7,72.8,56,2.8,1.2,5.4,58.7,3.5,0.625,0,0
2025-04-07,SES0141,P001,GK,4.7,4.0,60.6,61,8.2,5.0,2.8,51.0,3.3,0.644,0,0
2025-04-07,SES0141,P002,CB,4.1,3.3,48.5,66,8.9,6.9,7.3,46.0,5.9,0.613,30,0
2025-04-07,SES0141,P003,CB,6.5,6.4,57.1,62,5.5,7.0,2.9,48.6,7.3,0.59,30,0
2025-04-07,SES0141,P004,CB,7.7,3.5,58.2,61,6.3,4.5,7.2,49.9,5.3,0.61,90,0
2025-04-07,SES0141,P005,LB,4.6,6.0,44.1,61,7.9,4.8,3.2,53.2,3.6,0.529,60,0
2025-04-07,SES0141,P006,LB,7.4,4.8,60.0,54,5.2,3.4,4.4,55.9,3.3,0.613,80,1
2025-04-07,SES0141,P007,RB,6.6,6.8,48.4,63,8.0,5.8,6.0,47.9,6.1,0.53,0,0
2025-04-07,SES0141,P008,RB,7.5,3.7,61.1,67,6.0,5.8,5.8,42.5,1.7,0.601,60,0
2025-04-07,SES0141,P009,CDM,7.6,7.0,59.0,57,4.9,3.0,2.9,54.8,5.9,0.619,0,0
2025-04-07,SES0141,P010,CDM,5.4,7.0,50.5,67,8.2,6.4,4.4,50.4,0.0,0.64,80,0
2025-04-07,SES0141,P011,CM,7.9,6.3,68.5,65,6.6,6.9,6.3,47.5,4.6,0.621,30,0
2025-04-07,SES0141,P012,CM,5.4,6.0,65.6,59,6.5,3.3,4.3,48.6,1.2,0.557,80,0
2025-04-07,SES0141,P013,CM,7.4,6.7,56.3,58,7.0,4.2,3.3,47.0,0.0,0.499,90,0
2025-04-07,SES0141,P014,LW,3.3,8.6,41.2,60,8.3,7.7,5.6,46.4,1.9,0.585,30,0
2025-04-07,SES0141,P015,LW,6.1,4.2,42.4,62,6.0,5.2,5.0,47.3,4.9,0.557,80,0
2025-04-07,SES0141,P016,RW,5.5,5.4,60.4,66,6.1,6.4,5.3,49.1,6.3,0.709,30,0
2025-04-07,SES0141,P017,RW,5.1,6.7,65.9,70,6.0,6.1,5.7,51.0,6.5,0.568,90,0
2025-04-07,SES0141,P018,CAM,6.5,4.4,45.6,65,6.1,4.7,5.3,51.6,4.5,0.608,0,0
2025-04-07,SES0141,P019,CAM,4.9,5.3,59.8,64,8.2,6.2,4.3,47.1,8.9,0.489,60,0
2025-04-07,SES0141,P020,ST,6.7,3.6,57.6,57,5.6,3.8,5.3,55.4,6.7,0.586,60,0
2025-04-07,SES0141,P021,ST,5.7,3.6,59.7,59,7.1,6.6,4.0,43.5,3.2,0.565,80,0
2025-04-07,SES0141,P022,ST,4.7,4.9,63.6,68,6.0,3.5,2.0,49.6,1.3,0.649,90,0
2025-04-09,SES0142,P001,GK,3.2,5.0,42.4,65,10.0,8.6,4.7,42.4,4.6,0.628,75,1
2025-04-09,SES0142,P002,CB,4.7,3.6,58.1,65,8.0,6.3,6.4,47.3,3.4,0.612,75,0
2025-04-09,SES0142,P003,CB,3.1,3.9,37.9,71,10.0,9.3,3.5,40.6,4.0,0.582,0,0
2025-04-09,SES0142,P004,CB,4.7,3.4,40.2,62,9.4,7.8,1.9,53.6,5.0,0.535,75,0
2025-04-09,SES0142,P005,LB,4.4,3.3,35.0,63,9.9,8.0,4.4,51.6,3.8,0.4,60,0
2025-04-09,SES0142,P006,LB,6.1,3.2,51.1,68,7.9,6.4,7.8,50.1,6.3,0.571,75,0
2025-04-09,SES0142,P007,RB,5.7,3.7,35.0,62,6.9,6.3,3.4,52.8,0.5,0.593,60,0
2025-04-09,SES0142,P008,RB,4.7,4.9,45.6,57,8.0,6.7,5.3,45.5,2.1,0.62,75,0
2025-04-09,SES0142,P009,CDM,7.8,6.8,71.2,60,7.1,7.2,5.3,45.2,9.1,0.571,45,0
2025-04-09,SES0142,P010,CDM,3.6,4.7,44.0,69,8.9,5.4,4.2,47.3,6.3,0.64,75,0
2025-04-09,SES0142,P011,CM,7.1,6.5,51.4,62,8.1,4.7,3.6,43.6,0.8,0.541,90,0
2025-04-09,SES0142,P012,CM,5.1,4.7,49.3,68,8.6,8.7,5.3,48.0,3.9,0.539,90,0
2025-04-09,SES0142,P013,CM,3.6,6.1,57.1,67,9.0,6.9,5.9,42.9,5.8,0.632,90,0
2025-04-09,SES0142,P014,LW,7.2,5.4,52.7,57,7.1,5.7,5.1,50.2,1.2,0.549,75,0
2025-04-09,SES0142,P015,LW,5.4,3.7,54.8,61,5.9,4.4,4.5,53.7,1.4,0.62,0,0
2025-04-09,SES0142,P016,RW,4.8,3.1,35.0,69,8.9,7.7,4.8,48.6,4.6,0.51,60,0
2025-04-09,SES0142,P017,RW,3.0,2.5,44.0,66,10.0,7.8,5.0,44.4,4.1,0.5,90,0
2025-04-09,SES0142,P018,CAM,3.5,3.1,53.7,66,8.2,7.0,3.0,46.7,2.7,0.495,45,0
2025-04-09,SES0142,P019,CAM,5.8,5.6,67.3,67,7.1,4.3,6.0,49.8,4.0,0.615,60,0
2025-04-09,SES0142,P020,ST,6.0,6.4,48.6,61,8.5,6.3,1.9,47.0,0.0,0.597,60,0
2025-04-09,SES0142,P021,ST,4.3,4.8,46.0,69,8.9,5.7,6.3,45.4,2.9,0.548,90,0
2025-04-09,SES0142,P022,ST,4.5,3.9,59.2,60,8.0,6.9,5.3,45.5,1.1,0.603,75,0
2025-04-11,SES0143,P001,GK,7.0,4.4,57.1,65,6.4,5.3,2.2,44.8,4.9,0.602,0,0
2025-04-11,SES0143,P002,CB,10.0,3.4,53.8,55,2.8,5.1,3.3,50.2,7.2,0.697,30,0
2025-04-11,SES0143,P003,CB,7.6,4.1,74.8,56,3.8,3.2,4.2,47.8,5.6,0.595,30,0
2025-04-11,SES0143,P004,CB,8.8,5.2,57.7,61,4.8,2.2,4.4,55.8,6.8,0.639,60,0
2025-04-11,SES0143,P005,LB,7.5,4.2,73.5,62,4.7,3.5,5.3,47.5,1.4,0.654,60,0
2025-04-11,SES0143,P006,LB,6.4,5.9,54.1,62,4.4,3.8,5.3,51.6,4.6,0.635,30,0
2025-04-11,SES0143,P007,RB,6.9,8.2,58.2,62,5.1,6.0,5.5,49.7,7.2,0.555,0,1
2025-04-11,SES0143,P008,RB,5.2,3.5,67.3,54,5.5,3.3,4.3,47.3,7.3,0.554,30,0
2025-04-11,SES0143,P009,CDM,4.9,6.5,65.1,58,5.2,3.1,6.9,46.3,5.4,0.518,60,0
2025-04-11,SES0143,P010,CDM,7.5,3.5,46.9,60,5.0,4.2,4.3,56.8,7.2,0.646,60,0
2025-04-11,SES0143,P011,CM,7.1,2.2,57.6,64,5.5,6.1,5.8,45.5,2.6,0.638,90,0
2025-04-11,SES0143,P012,CM,8.0,6.6,53.6,60,5.3,5.6,3.6,48.1,7.7,0.67,30,0
2025-04-11,SES0143,P013,CM,7.2,5.4,48.0,52,5.6,4.5,2.6,53.7,3.7,0.629,0,0
2025-04-11,SES0143,P014,LW,6.1,4.9,64.2,64,4.1,3.6,6.3,52.2,5.2,0.658,0,0
2025-04-11,SES0143,P015,LW,7.6,5.5,54.7,64,4.7,4.0,6.9,52.2,7.0,0.57,30,0
2025-04-11,SES0143,P016,RW,6.4,5.0,69.8,58,4.7,4.0,6.8,54.3,7.8,0.612,60,0
2025-04-11,SES0143,P017,RW,7.1,6.1,38.8,66,6.7,5.7,5.4,44.7,1.7,0.621,60,0
2025-04-11,SES0143,P018,CAM,6.4,4.4,51.1,57,6.0,5.8,4.2,50.9,4.6,0.619,0,0
2025-04-11,SES0143,P019,CAM,5.5,6.9,72.5,62,6.1,4.6,3.8,43.2,8.7,0.654,30,0
2025-04-11,SES0143,P020,ST,5.5,3.0,42.2,61,8.0,6.9,6.2,45.5,0.4,0.489,30,0
2025-04-11,SES0143,P021,ST,4.1,6.1,60.4,56,4.5,2.3,3.2,47.3,1.5,0.595,0,0
2025-04-11,SES0143,P022,ST,8.7,4.8,41.4,64,4.1,4.3,5.0,50.3,0.6,0.635,30,0
2025-04-13,SES0144,P001,GK,7.2,3.1,43.9,65,5.2,3.8,3.3,53.6,0.0,0.572,60,0
2025-04-13,SES0144,P002,CB,7.6,4.9,77.0,62,4.0,2.5,5.0,52.2,3.1,0.634,60,0
2025-04-13,SES0144,P003,CB,6.5,7.5,55.7,64,4.2,3.6,5.0,53.0,0.1,0.556,0,0
2025-04-13,SES0144,P004,CB,9.5,5.5,55.5,63,3.9,4.1,3.9,49.6,0.9,0.707,30,0
2025-04-13,SES0144,P005,LB,9.6,5.6,70.4,61,3.7,4.0,3.6,57.8,3.5,0.705,80,0
2025-04-13,SES0144,P006,LB,6.8,6.6,49.7,56,4.6,3.5,6.7,47.9,7.1,0.608,80,0
2025-04-13,SES0144,P007,RB,6.5,4.6,53.9,63,6.4,6.3,3.2,52.7,2.8,0.566,60,0
2025-04-13,SES0144,P008,RB,7.9,6.1,71.8,52,2.4,2.9,4.2,54.8,3.7,0.635,30,0
2025-04-13,SES0144,P009,CDM,8.1,4.7,54.6,51,1.6,1.0,2.7,52.5,3.4,0.667,90,0
2025-04-13,SES0144,P010,CDM,8.1,4.8,70.2,58,3.2,1.0,4.7,52.5,3.6,0.673,0,0
2025-04-13,SES0144,P011,CM,9.2,2.9,58.6,60,2.8,2.5,5.0,46.0,2.6,0.749,60,0
2025-04-13,SES0144,P012,CM,8.4,7.4,58.7,60,4.3,4.5,4.5,44.8,4.2,0.643,0,0
2025-04-13,SES0144,P013,CM,9.8,5.7,68.8,59,2.3,3.1,6.6,50.7,5.5,0.692,60,0
2025-04-13,SES0144,P014,LW,7.9,6.4,74.4,67,3.7,1.2,2.2,46.6,1.2,0.62,0,0
2025-04-13,SES0144,P015,LW,4.7,4.8,64.0,62,5.6,4.9,6.3,51.7,6.4,0.617,60,0
2025-04-13,SES0144,P016,RW,7.5,5.9,57.4,64,3.4,2.5,4.9,48.8,3.6,0.557,0,0
2025-04-13,SES0144,P017,RW,8.1,3.0,59.7,63,5.1,4.6,3.4,50.6,3.3,0.659,60,0
2025-04-13,SES0144,P018,CAM,7.8,3.7,55.1,64,4.3,3.3,5.2,52.9,1.5,0.669,0,0
2025-04-13,SES0144,P019,CAM,8.3,7.5,68.1,55,3.9,1.2,5.0,47.5,3.2,0.56,80,0
2025-04-13,SES0144,P020,ST,6.7,4.6,52.9,62,3.9,3.4,3.1,48.5,3.7,0.529,0,0
2025-04-13,SES0144,P021,ST,8.6,5.6,63.9,61,2.5,2.3,6.5,54.7,5.8,0.689,30,0
2025-04-13,SES0144,P022,ST,6.8,4.5,67.8,59,3.3,3.3,5.2,53.8,5.4,0.59,80,0
2025-04-15,SES0145,P001,GK,8.5,6.8,64.0,60,4.5,2.4,5.3,46.7,5.9,0.583,0,0
2025-04-15,SES0145,P002,CB,7.2,8.4,59.7,56,4.0,3.2,4.4,54.6,6.7,0.654,30,0
2025-04-15,SES0145,P003,CB,8.4,7.4,72.1,59,3.5,2.0,2.7,52.6,5.9,0.694,0,0
2025-04-15,SES0145,P004,CB,8.4,7.7,58.0,58,3.9,5.5,4.2,50.1,4.8,0.692,60,0
2025-04-15,SES0145,P005,LB,6.4,7.0,52.1,49,4.0,3.3,5.1,50.7,9.1,0.54,0,0
2025-04-15,SES0145,P006,LB,6.4,4.9,61.3,58,3.9,2.5,4.0,45.2,3.0,0.532,30,0
2025-04-15,SES0145,P007,RB,8.2,8.5,70.4,58,3.1,2.2,2.7,52.0,1.9,0.602,60,0
2025-04-15,SES0145,P008,RB,8.2,7.3,71.7,62,4.7,4.5,2.4,49.5,0.6,0.611,30,0
2025-04-15,SES0145,P009,CDM,9.8,9.0,64.3,55,4.1,1.7,4.1,52.0,6.8,0.597,60,0
2025-04-15,SES0145,P010,CDM,7.7,6.8,64.0,63,3.7,3.2,5.0,54.1,3.6,0.646,90,0
2025-04-15,SES0145,P011,CM,7.3,6.8,69.3,66,5.9,5.0,3.5,45.4,6.9,0.686,60,0
2025-04-15,SES0145,P012,CM,7.3,5.5,65.3,61,4.3,2.8,3.9,56.1,3.7,0.61,60,0
2025-04-15,SES0145,P013,CM,8.1,7.6,65.2,61,5.4,2.3,4.7,50.3,5.7,0.728,30,0
2025-04-15,SES0145,P014,LW,7.3,7.1,51.0,57,5.6,3.3,5.3,45.1,0.0,0.542,90,1
2025-04-15,SES0145,P015,LW,6.5,5.9,57.4,55,4.9,4.0,4.9,49.9,11.8,0.715,30,0
2025-04-15,SES0145,P016,RW,7.9,7.3,66.2,60,3.8,2.4,5.6,44.1,1.8,0.717,0,0
2025-04-15,SES0145,P017,RW,7.0,5.1,54.1,60,3.6,2.2,4.0,45.7,2.5,0.655,0,0
2025-04-15,SES0145,P018,CAM,8.4,8.8,54.7,58,3.8,2.4,6.1,49.3,5.1,0.709,0,0
2025-04-15,SES0145,P019,CAM,8.0,5.5,68.6,55,3.7,2.5,2.9,43.9,0.8,0.664,60,0
2025-04-15,SES0145,P020,ST,5.3,6.3,56.3,56,6.0,6.4,1.0,51.5,4.5,0.663,0,0
2025-04-15,SES0145,P021,ST,5.6,6.5,71.2,64,5.1,4.7,4.5,45.0,3.5,0.626,30,0
2025-04-15,SES0145,P022,ST,6.4,7.3,57.8,73,5.9,5.4,4.3,46.9,5.4,0.628,90,0
2025-04-17,SES0146,P001,GK,4.9,4.6,44.9,66,6.7,5.4,4.7,54.7,4.3,0.578,0,0
2025-04-17,SES0146,P002,CB,6.3,3.0,64.8,60,6.2,3.8,4.5,48.0,5.0,0.585,60,0
2025-04-17,SES0146,P003,CB,6.0,7.0,51.7,62,6.5,6.7,2.8,52.7,6.7,0.46,60,0
2025-04-17,SES0146,P004,CB,7.2,3.4,56.3,59,4.9,3.8,5.9,44.2,4.1,0.59,90,0
2025-04-17,SES0146,P005,LB,7.8,6.0,61.1,61,3.7,3.0,5.0,53.4,3.7,0.656,30,0
2025-04-17,SES0146,P006,LB,9.1,7.3,68.6,64,5.2,2.9,6.8,45.8,1.7,0.647,0,0
2025-04-17,SES0146,P007,RB,6.2,4.8,69.0,55,4.2,5.4,3.0,47.9,4.4,0.67,0,0
2025-04-17,SES0146,P008,RB,6.9,6.0,55.6,60,5.7,4.3,5.8,45.0,0.0,0.6,80,0
2025-04-17,SES0146,P009,CDM,8.0,6.1,66.0,59,3.7,1.5,5.0,47.5,0.1,0.682,30,0
2025-04-17,SES0146,P010,CDM,8.3,5.5,81.5,56,2.6,2.3,5.2,53.9,6.9,0.665,90,0
2025-04-17,SES0146,P011,CM,6.7,4.7,65.7,62,4.2,4.8,4.2,49.9,3.8,0.684,30,0
2025-04-17,SES0146,P012,CM,8.1,4.1,65.4,58,4.2,3.3,3.7,51.8,1.6,0.664,60,0
2025-04-17,SES0146,P013,CM,9.4,5.4,62.3,62,4.3,2.6,5.2,50.5,6.5,0.529,90,0
2025-04-17,SES0146,P014,LW,7.6,4.9,66.4,49,4.2,2.0,6.2,50.5,8.3,0.644,30,0
2025-04-17,SES0146,P015,LW,6.8,4.1,66.9,66,5.5,5.3,5.7,49.2,6.2,0.662,60,0
2025-04-17,SES0146,P016,RW,7.3,4.8,61.5,63,4.8,4.6,4.9,57.5,1.6,0.648,0,0
2025-04-17,SES0146,P017,RW,6.9,4.9,53.1,72,6.3,4.1,4.4,49.8,5.8,0.563,0,0
2025-04-17,SES0146,P018,CAM,5.9,4.7,47.4,60,6.6,5.7,4.9,46.1,0.0,0.665,90,0
2025-04-17,SES0146,P019,CAM,8.4,5.5,56.2,52,2.1,1.0,3.3,51.7,3.3,0.722,60,0
2025-04-17,SES0146,P020,ST,7.0,7.0,47.6,59,4.2,2.7,4.1,50.7,1.3,0.682,60,0
2025-04-17,SES0146,P021,ST,6.2,5.8,53.5,64,6.3,4.9,8.1,52.0,5.5,0.484,0,1
2025-04-17,SES0146,P022,ST,7.0,4.9,63.9,57,5.9,5.1,5.6,55.0,7.6,0.556,90,0
2025-04-19,SES0147,P001,GK,7.8,6.7,54.3,61,4.9,4.2,3.0,51.3,2.3,0.672,0,0
2025-04-19,SES0147,P002,CB,9.2,4.7,76.7,59,3.0,1.4,6.0,48.1,1.7,0.628,30,0
2025-04-19,SES0147,P003,CB,8.1,6.6,64.4,61,2.3,1.0,4.2,50.4,3.8,0.652,60,0
2025-04-19,SES0147,P004,CB,6.9,4.9,62.0,58,2.9,3.8,4.6,51.4,2.6,0.701,0,0
2025-04-19,SES0147,P005,LB,8.1,4.8,36.4,63,3.8,1.1,4.4,54.6,1.7,0.723,60,0
2025-04-19,SES0147,P006,LB,7.6,7.4,67.6,61,3.8,4.4,6.6,51.9,2.6,0.52,30,0
2025-04-19,SES0147,P007,RB,7.0,6.1,60.7,56,4.9,4.6,5.1,60.3,2.8,0.658,0,0
2025-04-19,SES0147,P008,RB,5.5,5.7,51.9,62,7.5,5.5,3.3,55.3,4.1,0.505,90,0
2025-04-19,SES0147,P009,CDM,7.0,6.5,49.7,58,4.1,3.6,4.6,50.4,2.4,0.702,90,0
2025-04-19,SES0147,P010,CDM,7.8,3.5,55.1,58,4.7,3.0,3.5,48.8,6.4,0.643,0,0
2025-04-19,SES0147,P011,CM,7.1,5.2,51.9,61,5.1,3.7,4.7,52.1,4.1,0.689,0,0
2025-04-19,SES0147,P012,CM,7.1,3.6,50.0,65,4.9,3.4,7.1,52.7,3.0,0.713,0,0
2025-04-19,SES0147,P013,CM,6.1,7.5,74.1,53,5.4,5.3,3.9,50.8,0.0,0.526,30,0
2025-04-19,SES0147,P014,LW,7.9,4.6,55.2,69,6.2,5.1,4.7,42.5,1.9,0.673,90,0
2025-04-19,SES0147,P015,LW,6.9,6.8,57.0,53,3.6,4.6,5.0,50.2,4.1,0.649,90,0
2025-04-19,SES0147,P016,RW,6.8,5.9,59.5,60,5.5,4.5,4.7,49.1,3.7,0.619,90,0
2025-04-19,SES0147,P017,RW,7.6,6.6,70.9,52,4.0,3.3,3.0,57.0,0.0,0.713,90,0
2025-04-19,SES0147,P018,CAM,6.1,6.7,44.4,64,6.6,4.9,5.0,50.1,0.0,0.552,0,0
2025-04-19,SES0147,P019,CAM,8.5,6.1,76.1,55,3.3,2.1,6.5,54.0,4.5,0.635,30,0
2025-04-19,SES0147,P020,ST,5.7,4.3,60.1,54,4.6,3.5,7.2,50.0,4.4,0.622,30,0
2025-04-19,SES0147,P021,ST,5.7,6.1,44.1,64,6.5,6.4,2.2,50.1,1.7,0.545,0,0
2025-04-19,SES0147,P022,ST,5.6,7.0,65.8,60,5.4,3.7,3.1,42.7,4.9,0.627,60,0
2025-04-21,SES0148,P001,GK,8.5,8.3,60.8,62,4.9,5.4,3.6,50.2,4.4,0.566,30,1
2025-04-21,SES0148,P002,CB,10.0,9.6,57.4,56,2.3,1.7,2.2,52.7,7.1,0.63,60,0
2025-04-21,SES0148,P003,CB,9.2,9.1,72.5,62,1.4,1.3,4.8,53.1,4.7,0.795,80,0
2025-04-21,SES0148,P004,CB,9.4,7.9,60.9,56,3.3,2.0,6.8,46.7,6.1,0.734,60,0
2025-04-21,SES0148,P005,LB,7.7,9.0,70.0,54,2.8,2.6,5.2,52.2,0.6,0.576,30,0
2025-04-21,SES0148,P006,LB,7.4,10.0,77.1,56,2.0,1.9,4.3,55.2,11.9,0.737,60,0
2025-04-21,SES0148,P007,RB,8.9,6.6,57.0,55,2.6,3.8,3.3,56.4,2.9,0.627,30,0
2025-04-21,SES0148,P008,RB,6.4,7.2,76.6,58,3.9,2.6,3.7,50.5,4.8,0.662,0,0
2025-04-21,SES0148,P009,CDM,5.5,9.7,49.0,69,7.2,6.0,4.8,49.0,0.4,0.49,60,0
2025-04-21,SES0148,P010,CDM,7.1,7.3,49.2,62,3.1,3.4,5.4,47.0,5.8,0.639,30,0
2025-04-21,SES0148,P011,CM,7.1,9.2,82.5,50,3.9,1.7,4.8,49.8,5.2,0.548,0,0
2025-04-21,SES0148,P012,CM,7.5,7.2,63.1,56,4.0,3.1,3.7,51.5,1.4,0.726,60,0
2025-04-21,SES0148,P013,CM,10.0,7.6,62.4,56,1.5,1.0,7.2,53.1,0.0,0.654,60,0
2025-04-21,SES0148,P014,LW,10.0,8.0,69.8,55,1.7,2.0,3.9,58.3,0.2,0.636,60,0
2025-04-21,SES0148,P015,LW,6.2,9.3,55.7,59,4.3,2.5,4.5,51.8,6.0,0.683,0,0
2025-04-21,SES0148,P016,RW,7.4,8.9,63.3,58,4.4,4.2,5.1,44.3,3.8,0.635,0,0
2025-04-21,SES0148,P017,RW,8.0,8.4,55.7,52,2.7,2.3,3.2,48.8,1.5,0.689,60,0
2025-04-21,SES0148,P018,CAM,10.0,8.8,62.4,57,3.7,4.0,3.1,55.5,6.8,0.673,90,0
2025-04-21,SES0148,P019,CAM,10.0,8.8,71.6,56,2.6,1.0,7.4,51.0,6.0,0.647,90,0
2025-04-21,SES0148,P020,ST,9.1,8.2,64.7,48,2.0,1.1,4.5,54.6,2.1,0.668,30,0
2025-04-21,SES0148,P021,ST,5.4,10.0,61.4,59,3.9,2.7,5.1,47.5,4.6,0.649,90,1
2025-04-21,SES0148,P022,ST,7.0,5.7,61.6,62,3.4,1.1,4.6,51.4,2.4,0.638,60,0
2025-04-23,SES0149,P001,GK,7.8,6.3,72.6,61,4.0,4.0,3.1,49.4,7.6,0.716,60,0
2025-04-23,SES0149,P002,CB,7.7,7.3,63.7,56,3.5,2.5,6.4,49.3,1.5,0.678,60,0
2025-04-23,SES0149,P003,CB,6.9,8.4,61.1,65,4.8,4.0,5.3,47.0,0.0,0.585,0,0
2025-04-23,SES0149,P004,CB,8.4,9.7,62.3,51,4.5,2.4,3.4,57.1,0.0,0.579,0,0
2025-04-23,SES0149,P005,LB,8.4,6.1,66.7,57,4.5,3.0,5.9,53.2,9.2,0.646,30,0
2025-04-23,SES0149,P006,LB,5.2,7.3,39.8,66,5.7,6.3,5.6,43.3,6.7,0.535,60,0
2025-04-23,SES0149,P007,RB,7.1,5.3,64.6,68,5.6,5.6,4.6,52.3,1.0,0.641,0,0
2025-04-23,SES0149,P008,RB,6.8,7.4,58.9,62,3.0,2.0,4.5,50.5,2.9,0.687,80,0
2025-04-23,SES0149,P009,CDM,7.0,7.8,58.5,63,7.0,6.7,6.3,44.9,3.5,0.562,0,0
2025-04-23,SES0149,P010,CDM,6.6,7.9,56.9,57,5.1,3.6,1.0,47.7,1.8,0.549,0,0
2025-04-23,SES0149,P011,CM,8.1,8.6,48.7,56,3.9,3.4,3.3,50.5,5.2,0.698,0,1
2025-04-23,SES0149,P012,CM,6.8,8.2,61.8,62,3.5,3.5,3.1,49.6,1.5,0.644,90,0
2025-04-23,SES0149,P013,CM,7.7,6.5,69.5,65,4.3,4.4,4.3,45.3,2.1,0.612,90,0
2025-04-23,SES0149,P014,LW,7.9,6.5,51.7,57,4.8,3.4,6.3,53.9,2.5,0.625,0,0
2025-04-23,SES0149,P015,LW,6.4,7.3,52.9,52,5.0,3.2,5.3,47.1,0.0,0.617,60,0
2025-04-23,SES0149,P016,RW,10.0,5.9,62.2,63,3.1,1.7,4.7,53.1,3.4,0.667,80,0
2025-04-23,SES0149,P017,RW,6.7,8.1,55.8,62,6.6,6.3,3.0,44.5,2.1,0.543,60,0
2025-04-23,SES0149,P018,CAM,6.9,8.0,67.3,55,3.7,3.5,5.6,55.4,5.3,0.683,60,0
2025-04-23,SES0149,P019,CAM,7.1,7.3,47.0,70,6.7,4.9,3.0,53.2,4.2,0.646,0,0
2025-04-23,SES0149,P020,ST,6.3,5.9,59.8,58,5.3,4.4,4.2,44.3,6.6,0.599,0,0
2025-04-23,SES0149,P021,ST,6.1,7.5,65.5,55,5.4,4.2,6.6,48.9,6.9,0.574,0,0
2025-04-23,SES0149,P022,ST,8.4,6.7,59.3,67,4.5,4.2,2.0,48.5,3.1,0.622,0,0
2025-04-25,SES0150,P001,GK,6.9,2.5,60.1,70,7.6,7.0,6.0,48.6,2.4,0.627,90,0
2025-04-25,SES0150,P002,CB,4.1,2.2,55.9,67,9.5,9.9,6.4,48.0,3.2,0.54,75,0
2025-04-25,SES0150,P003,CB,3.3,1.8,66.3,63,7.0,5.8,3.1,53.8,8.5,0.572,75,0
2025-04-25,SES0150,P004,CB,3.9,3.6,50.5,70,9.1,7.9,7.0,40.1,4.0,0.588,75,0
2025-04-25,SES0150,P005,LB,5.1,1.0,46.2,68,9.9,9.4,5.7,47.8,7.4,0.501,75,0
2025-04-25,SES0150,P006,LB,3.8,2.4,35.0,65,10.0,6.2,3.4,38.0,4.0,0.542,45,0
2025-04-25,SES0150,P007,RB,4.5,4.1,48.8,68,8.9,8.5,1.5,44.3,5.8,0.53,0,0
2025-04-25,SES0150,P008,RB,4.0,3.2,54.9,67,8.7,5.8,4.2,48.1,7.3,0.575,0,0
2025-04-25,SES0150,P009,CDM,5.5,4.1,55.5,69,7.7,7.3,4.1,46.5,4.9,0.547,90,0
2025-04-25,SES0150,P010,CDM,4.5,2.9,44.2,62,8.2,6.6,4.0,46.9,4.7,0.536,45,0
2025-04-25,SES0150,P011,CM,4.8,1.9,55.4,64,9.3,7.1,7.3,44.5,6.5,0.565,90,0
2025-04-25,SES0150,P012,CM,4.5,4.2,39.1,62,10.0,8.7,4.8,40.5,4.4,0.482,60,0
2025-04-25,SES0150,P013,CM,3.8,3.0,44.5,61,9.4,7.6,3.6,51.4,3.8,0.614,75,0
2025-04-25,SES0150,P014,LW,5.2,1.9,53.1,61,7.4,2.2,3.1,48.8,6.4,0.625,45,0
2025-04-25,SES0150,P015,LW,4.5,3.6,59.1,66,8.0,7.3,2.8,44.5,4.6,0.578,60,0
2025-04-25,SES0150,P016,RW,6.4,3.2,53.7,59,7.9,7.2,5.0,51.4,1.4,0.538,60,0
2025-04-25,SES0150,P017,RW,6.1,3.1,54.8,62,7.6,5.9,3.5,43.1,4.4,0.481,45,0
2025-04-25,SES0150,P018,CAM,4.8,2.2,48.6,64,9.4,7.9,4.3,46.7,2.7,0.507,45,0
2025-04-25,SES0150,P019,CAM,6.1,5.0,60.9,57,6.5,5.4,4.8,46.1,5.3,0.598,60,0
2025-04-25,SES0150,P020,ST,4.0,2.2,58.2,57,8.3,7.0,3.4,47.1,4.3,0.546,90,0
2025-04-25,SES0150,P021,ST,5.6,4.5,58.5,63,7.6,5.8,4.4,47.4,3.2,0.543,90,0
2025-04-25,SES0150,P022,ST,5.8,4.2,44.3,71,8.3,6.7,3.9,50.3,8.1,0.564,90,0
2025-04-27,SES0151,P001,GK,7.0,4.5,59.6,61,5.2,5.3,6.3,51.5,4.6,0.614,45,0
2025-04-27,SES0151,P002,CB,7.6,7.4,71.5,56,4.7,3.0,3.8,46.3,5.2,0.622,75,0
2025-04-27,SES0151,P003,CB,7.0,4.3,63.7,62,5.1,4.0,1.9,52.2,5.7,0.632,45,0
2025-04-27,SES0151,P004,CB,7.8,3.3,56.6,61,5.9,5.5,4.3,51.3,5.2,0.591,45,0
2025-04-27,SES0151,P005,LB,6.2,3.0,63.3,57,5.2,4.9,5.3,48.1,5.1,0.599,45,0
2025-04-27,SES0151,P006,LB,6.5,4.2,46.8,73,7.5,5.1,4.9,44.3,5.8,0.493,90,0
2025-04-27,SES0151,P007,RB,5.1,5.9,58.2,63,5.4,3.9,3.4,51.4,8.5,0.599,60,0
2025-04-27,SES0151,P008,RB,8.5,4.7,38.6,61,4.6,2.6,5.9,52.1,2.9,0.528,75,0
2025-04-27,SES0151,P009,CDM,7.9,3.3,67.2,59,4.8,5.5,6.1,52.4,0.0,0.602,75,0
2025-04-27,SES0151,P010,CDM,6.3,6.4,57.2,63,6.2,5.7,4.9,48.3,4.8,0.614,90,0
2025-04-27,SES0151,P011,CM,6.8,5.5,58.4,59,5.8,5.5,2.0,54.2,1.2,0.594,90,0
2025-04-27,SES0151,P012,CM,7.7,6.8,70.0,63,5.2,4.6,5.3,49.3,6.9,0.576,60,0
2025-04-27,SES0151,P013,CM,5.5,6.0,48.6,66,7.3,5.6,4.9,50.2,3.1,0.64,90,0
2025-04-27,SES0151,P014,LW,6.9,6.4,68.2,60,4.9,4.2,6.1,47.6,7.2,0.621,75,0
2025-04-27,SES0151,P015,LW,7.9,5.2,56.8,58,5.6,5.0,3.9,52.8,1.1,0.621,90,0
2025-04-27,SES0151,P016,RW,6.8,4.4,62.1,57,6.2,3.0,5.7,46.3,3.5,0.692,90,0
2025-04-27,SES0151,P017,RW,3.7,6.2,67.0,68,8.1,6.7,5.0,42.6,7.9,0.561,60,0
2025-04-27,SES0151,P018,CAM,6.5,7.2,52.3,59,5.9,6.0,2.5,49.4,2.2,0.647,90,0
2025-04-27,SES0151,P019,CAM,5.4,6.5,62.5,53,7.5,7.7,3.1,49.9,6.6,0.536,75,0
2025-04-27,SES0151,P020,ST,9.0,4.2,57.1,59,3.4,3.3,4.4,52.5,4.5,0.739,75,0
2025-04-27,SES0151,P021,ST,6.6,4.5,72.5,61,5.8,4.5,2.2,54.0,7.5,0.538,75,0
2025-04-27,SES0151,P022,ST,7.0,4.8,35.0,56,5.3,4.8,4.8,48.5,2.4,0.604,90,0
2025-04-29,SES0152,P001,GK,8.5,5.0,56.6,66,4.7,3.9,5.5,54.0,7.7,0.639,0,0
2025-04-29,SES0152,P002,CB,9.3,6.6,56.7,60,2.6,3.0,4.6,55.4,0.5,0.703,0,0
2025-04-29,SES0152,P003,CB,4.7,5.9,38.1,62,5.8,4.6,6.3,45.2,2.7,0.593,30,0
2025-04-29,SES0152,P004,CB,8.3,4.9,51.0,56,5.5,5.6,4.7,41.8,2.2,0.591,80,0
2025-04-29,SES0152,P005,LB,7.6,5.2,64.8,63,4.4,4.0,5.0,44.7,5.7,0.58,80,0
2025-04-29,SES0152,P006,LB,5.4,5.9,55.0,57,5.9,5.8,5.4,44.7,6.3,0.504,0,0
2025-04-29,SES0152,P007,RB,8.0,3.6,66.6,53,3.5,2.6,7.4,50.6,7.9,0.59,30,0
2025-04-29,SES0152,P008,RB,6.8,5.6,57.4,52,4.2,2.2,3.1,50.8,4.6,0.642,90,0
2025-04-29,SES0152,P009,CDM,9.1,6.4,51.6,55,3.9,1.1,7.8,51.9,5.5,0.657,0,1
2025-04-29,SES0152,P010,CDM,6.7,4.0,68.2,67,5.8,6.1,3.6,47.0,3.7,0.616,30,0
2025-04-29,SES0152,P011,CM,9.3,3.6,56.4,53,4.6,4.4,3.4,50.0,4.8,0.651,60,0
2025-04-29,SES0152,P012,CM,5.6,3.7,65.2,57,6.5,4.8,5.3,52.5,3.5,0.597,90,0
2025-04-29,SES0152,P013,CM,5.8,5.3,58.4,64,5.8,6.5,5.3,46.0,4.2,0.637,0,0
2025-04-29,SES0152,P014,LW,7.0,4.6,53.5,67,6.0,4.0,5.1,40.8,2.9,0.618,30,1
2025-04-29,SES0152,P015,LW,6.9,3.9,68.6,64,3.8,2.8,6.3,52.9,0.0,0.612,80,0
2025-04-29,SES0152,P016,RW,6.3,7.8,80.9,54,4.5,4.3,4.7,49.5,4.7,0.652,60,0
2025-04-29,SES0152,P017,RW,8.6,3.8,66.5,57,3.9,5.2,3.6,56.5,3.6,0.556,0,0
2025-04-29,SES0152,P018,CAM,4.9,6.6,70.2,55,5.1,4.4,5.8,46.1,4.9,0.636,0,0
2025-04-29,SES0152,P019,CAM,6.2,1.9,71.4,57,3.7,3.4,6.0,50.0,5.7,0.559,0,0
2025-04-29,SES0152,P020,ST,7.4,3.0,63.0,62,5.5,3.8,4.9,53.3,7.3,0.526,90,0
2025-04-29,SES0152,P021,ST,6.6,4.3,63.0,59,4.4,4.1,7.6,51.8,6.4,0.652,60,0
2025-04-29,SES0152,P022,ST,6.4,5.5,58.2,61,6.4,6.6,6.0,44.3,6.6,0.59,90,0
2025-05-01,SES0153,P001,GK,7.1,4.8,55.2,51,4.9,2.9,4.3,47.5,3.3,0.602,30,0
2025-05-01,SES0153,P002,CB,6.9,8.6,59.5,63,4.5,3.8,3.5,52.1,1.0,0.598,60,0
2025-05-01,SES0153,P003,CB,7.9,6.4,65.1,53,4.3,2.7,4.3,50.9,0.8,0.693,0,0
2025-05-01,SES0153,P004,CB,7.3,6.1,64.1,61,2.9,3.2,4.0,51.5,10.0,0.744,30,0
2025-05-01,SES0153,P005,LB,8.3,8.3,73.9,57,3.7,3.6,6.4,54.3,0.8,0.667,0,0
2025-05-01,SES0153,P006,LB,7.7,6.2,56.5,61,5.6,4.0,5.6,52.9,5.8,0.623,60,0
2025-05-01,SES0153,P007,RB,7.8,7.5,54.9,51,2.6,3.3,4.2,51.6,1.0,0.659,90,0
2025-05-01,SES0153,P008,RB,10.0,5.9,67.1,55,1.9,1.9,5.0,55.3,5.0,0.705,30,0
2025-05-01,SES0153,P009,CDM,9.3,6.6,55.5,55,4.9,2.6,5.3,52.6,1.6,0.602,30,0
2025-05-01,SES0153,P010,CDM,5.4,5.6,57.7,58,4.6,3.6,4.5,50.9,9.5,0.569,0,0
2025-05-01,SES0153,P011,CM,6.6,7.7,57.6,62,4.0,3.9,3.7,48.1,5.2,0.682,0,0
2025-05-01,SES0153,P012,CM,8.5,5.3,80.7,48,1.9,1.0,3.7,58.4,2.2,0.653,30,0
2025-05-01,SES0153,P013,CM,8.9,6.4,66.5,55,2.9,1.7,5.2,51.4,6.8,0.638,90,0
2025-05-01,SES0153,P014,LW,6.5,7.3,68.4,54,3.5,3.7,1.0,55.7,1.6,0.648,90,0
2025-05-01,SES0153,P015,LW,5.9,6.2,69.3,69,6.3,2.9,2.6,49.2,4.2,0.655,80,0
2025-05-01,SES0153,P016,RW,8.0,5.6,72.9,59,2.9,2.9,4.4,57.8,4.3,0.651,0,0
2025-05-01,SES0153,P017,RW,6.7,8.0,57.9,62,4.1,3.3,8.1,47.9,0.1,0.623,0,0
2025-05-01,SES0153,P018,CAM,7.9,5.9,78.3,51,2.2,1.0,4.5,52.3,5.1,0.71,60,0
2025-05-01,SES0153,P019,CAM,5.9,7.5,74.6,60,2.2,1.5,5.9,56.9,0.8,0.58,60,0
2025-05-01,SES0153,P020,ST,5.8,5.9,54.6,59,4.3,2.4,4.0,54.1,3.7,0.649,0,0
2025-05-01,SES0153,P021,ST,9.3,5.4,61.4,64,3.2,3.0,3.4,52.8,4.6,0.689,60,0
2025-05-01,SES0153,P022,ST,8.7,7.2,84.9,54,2.3,2.3,5.1,53.4,4.3,0.672,0,0
2025-05-03,SES0154,P001,GK,6.9,5.0,69.3,55,4.1,4.1,5.9,52.0,5.9,0.506,60,0
2025-05-03,SES0154,P002,CB,6.9,6.8,51.0,58,5.1,3.0,3.5,50.0,1.7,0.553,60,0
2025-05-03,SES0154,P003,CB,6.2,5.4,61.3,54,3.9,3.0,4.7,50.6,2.2,0.634,0,0
2025-05-03,SES0154,P004,CB,7.6,6.2,67.5,54,2.5,1.7,6.1,51.5,1.4,0.674,60,0
2025-05-03,SES0154,P005,LB,8.6,7.6,57.8,50,3.7,2.9,3.9,45.3,10.3,0.616,60,0
2025-05-03,SES0154,P006,LB,7.2,6.9,60.9,60,5.6,4.7,3.1,46.8,8.5,0.639,90,0
2025-05-03,SES0154,P007,RB,7.4,6.1,60.6,63,5.1,3.3,5.6,55.7,2.7,0.597,60,0
2025-05-03,SES0154,P008,RB,8.6,5.8,68.8,53,3.4,1.9,3.4,49.2,2.5,0.684,0,0
2025-05-03,SES0154,P009,CDM,7.4,6.9,61.4,59,3.4,3.0,3.3,50.2,2.5,0.751,30,0
2025-05-03,SES0154,P010,CDM,7.0,7.9,58.5,53,3.7,3.3,5.1,50.8,5.2,0.723,0,0
2025-05-03,SES0154,P011,CM,7.8,5.9,54.3,59,5.3,3.1,3.8,56.0,3.2,0.675,0,0
2025-05-03,SES0154,P012,CM,8.0,7.6,64.2,63,5.0,4.9,4.2,50.1,4.8,0.759,30,0
2025-05-03,SES0154,P013,CM,7.4,4.9,53.8,64,5.0,4.8,4.4,49.1,2.7,0.64,80,0
2025-05-03,SES0154,P014,LW,7.3,5.0,48.5,58,4.1,4.0,5.2,50.8,5.9,0.644,80,0
2025-05-03,SES0154,P015,LW,9.4,5.7,65.2,59,4.0,1.7,2.0,51.5,9.2,0.655,0,0
2025-05-03,SES0154,P016,RW,7.2,7.0,71.7,60,4.4,3.5,3.3,49.6,1.0,0.718,0,0
2025-05-03,SES0154,P017,RW,6.8,7.7,72.2,58,5.9,6.7,7.5,50.0,1.3,0.631,60,0
2025-05-03,SES0154,P018,CAM,6.9,7.2,54.2,56,4.8,4.9,5.0,44.7,1.2,0.651,0,0
2025-05-03,SES0154,P019,CAM,8.2,7.1,54.7,56,5.3,4.7,4.4,47.7,0.6,0.618,0,0
2025-05-03,SES0154,P020,ST,8.9,7.0,81.5,55,1.8,1.0,4.6,45.9,4.3,0.671,60,0
2025-05-03,SES0154,P021,ST,6.8,6.1,66.2,58,5.0,4.5,4.7,54.8,5.2,0.612,90,0
2025-05-03,SES0154,P022,ST,7.3,6.4,43.3,64,6.1,5.2,2.6,53.7,5.8,0.614,0,0
2025-05-05,SES0155,P001,GK,5.7,4.8,69.4,58,4.8,3.7,5.4,53.3,3.8,0.532,0,0
2025-05-05,SES0155,P002,CB,8.0,4.9,61.1,54,3.3,2.6,2.1,55.8,2.5,0.582,90,0
2025-05-05,SES0155,P003,CB,7.9,8.3,61.4,55,3.5,3.1,5.6,53.1,4.4,0.689,90,0
2025-05-05,SES0155,P004,CB,5.9,6.4,61.3,66,4.8,3.8,4.5,51.7,9.6,0.65,0,0
2025-05-05,SES0155,P005,LB,6.5,6.6,68.5,58,4.0,3.9,4.1,44.6,4.9,0.646,60,0
2025-05-05,SES0155,P006,LB,6.1,5.7,65.9,51,3.2,1.7,3.4,53.4,6.1,0.626,0,0
2025-05-05,SES0155,P007,RB,5.8,6.9,64.2,64,6.3,4.9,1.0,42.9,2.3,0.572,30,0
2025-05-05,SES0155,P008,RB,7.4,6.7,72.9,52,2.9,1.2,4.6,50.1,6.3,0.643,30,0
2025-05-05,SES0155,P009,CDM,7.5,4.6,65.4,54,3.5,3.6,3.1,49.8,2.6,0.583,80,0
2025-05-05,SES0155,P010,CDM,6.3,6.1,57.0,52,6.1,4.2,6.8,49.6,5.4,0.627,60,0
2025-05-05,SES0155,P011,CM,9.5,5.0,62.6,43,2.5,3.2,3.9,52.3,0.2,0.629,30,0
2025-05-05,SES0155,P012,CM,5.6,7.7,52.3,63,6.1,5.8,3.4,50.6,8.6,0.617,0,0
2025-05-05,SES0155,P013,CM,7.8,4.9,60.6,54,4.6,2.6,4.6,50.4,6.2,0.556,60,1
2025-05-05,SES0155,P014,LW,7.3,6.7,65.0,63,4.7,5.7,3.9,51.6,1.6,0.585,30,1
2025-05-05,SES0155,P015,LW,8.5,5.8,63.1,62,5.0,3.7,5.0,54.1,5.4,0.579,30,0
2025-05-05,SES0155,P016,RW,7.4,6.8,58.4,55,6.2,5.4,6.0,45.6,10.7,0.601,60,0
2025-05-05,SES0155,P017,RW,7.6,7.6,58.5,59,4.8,6.4,8.1,55.9,0.8,0.686,0,0
2025-05-05,SES0155,P018,CAM,7.5,7.4,60.7,59,4.3,1.1,3.9,49.4,0.8,0.62,80,0
2025-05-05,SES0155,P019,CAM,7.7,5.5,60.3,56,5.8,4.3,4.8,50.1,3.6,0.607,0,0
2025-05-05,SES0155,P020,ST,6.9,5.8,72.4,56,5.0,2.9,4.5,48.5,1.0,0.582,60,0
2025-05-05,SES0155,P021,ST,9.0,7.5,70.0,58,2.5,1.0,3.4,45.3,4.7,0.643,80,0
2025-05-05,SES0155,P022,ST,5.8,8.2,46.4,61,5.7,4.2,4.0,48.4,6.7,0.624,0,0
